sample_id,group_id,event_id,address,t0_utc,is_positive,source_split,feature_source,observed_hops,path_elapsed_time,dwell_mean_h,dwell_max_h,coverage,attribution_ambiguous,node_context_out_degree,node_context_in_degree,wallet_age_min_h,node_context_resid_Rrange_max,node_context_resid_nin_mean,node_context_resid_nout_mean,boundary_type,censoring_reason,observation_confidence,mi_observed_hops,mi_path_elapsed_time,mi_dwell_mean_h,mi_dwell_max_h,mi_coverage,mi_attribution_ambiguous,mi_node_context_out_degree,mi_node_context_in_degree,mi_wallet_age_min_h,mi_node_context_resid_Rrange_max,mi_node_context_resid_nin_mean,mi_node_context_resid_nout_mean,mi_boundary_type,mi_censoring_reason,mi_observation_confidence
BGX-001,BACKGROUND,BGX-001,0x2ab49fb3314d122f0dc35a161ee5c509af167e81,2022-01-02T19:23:41Z,0,unknown/background,_bgswap.M2,1,0.02861111111111111,,,1.0,False,,,,,,,asset-conversion,cross-asset,1.0,0,0,1,1,0,0,1,1,1,1,1,1,0,0,0
BGX-002,BACKGROUND,BGX-002,0x3974ac47fbd1e82cf23446b038fdb58e968f8a9e,2022-01-02T01:01:51Z,0,unknown/background,_bgswap.M2,1,0.05277777777777778,,,0.51,True,,,,51.0,0.0,2.0,eoa-source,origin-reached,0.51,0,0,1,1,0,0,1,1,1,0,0,0,0,0,0
OLD-002,G_Harmony,OLD-002,0x432a9cb4353bed67ec5351734d4a44c0826847ae,,1,positive,_benchmark_v01.M2,2,0.057777777777777775,0.015277777777777777,0.015277777777777777,1.0,False,1.0,1.0,0.057777777777777775,6012.0,1.0,1.0,depth-limit,depth-limit,1.0,1,1,1,1,1,1,1,1,1,1,1,1,1,1,1
BGX-003,BACKGROUND,BGX-003,0xddeaf07bc433a55db8dd960a12cb06106ed94db1,2022-01-01T01:19:23Z,0,unknown/background,_bgswap.M2,1,4.877222222222223,,,1.0,False,,,,,,,asset-conversion,cross-asset,1.0,0,0,1,1,0,0,1,1,1,1,1,1,0,0,0
BGX-004,BACKGROUND,BGX-004,0x5165c63cec90584aa3d2bc224d168cb9f21e50e7,2022-02-01T14:37:10Z,0,unknown/background,_bgswap.M2,1,2.859166666666667,,,1.0,False,,,,,,,contract,contract-opacity,1.0,0,0,1,1,0,0,1,1,1,1,1,1,0,0,0
BGX-005,BACKGROUND,BGX-005,0x594c6ed60fa2471de8757b34b116d68b68824017,2022-02-01T01:12:49Z,0,unknown/background,_bgswap.M2,1,0.22666666666666666,,,0.8224083116350326,True,,,,,,,asset-conversion,cross-asset,0.8224083116350326,0,0,1,1,0,0,1,1,1,1,1,1,0,0,0
BGX-006,BACKGROUND,BGX-006,0x5dd596c901987a2b28c38a9c1dfbf86fffc15d77,2022-02-01T12:21:43Z,0,unknown/background,_bgswap.M2,1,4.005833333333333,,,1.0,False,,,,,,,asset-conversion,cross-asset,1.0,0,0,1,1,0,0,1,1,1,1,1,1,0,0,0
OLD-007,G_Harmony,OLD-007,0x4507ac1bdf4ae5e61ffcec3a9aeda312e2505970,,1,positive,_benchmark_v01.M2,2,6.908333333333333,4.124722222222222,4.124722222222222,1.0,False,2.0,1.0,6.908333333333333,12024.0,1.0,2.0,depth-limit,depth-limit,1.0,1,1,1,1,1,1,1,1,1,1,1,1,1,1,1
BGX-007,BACKGROUND,BGX-007,0x0e616785638663c88a493a82972e2f9cadaab4bc,2022-03-04T10:38:01Z,0,unknown/background,_bgswap.M2,1,0.10833333333333334,,,0.9140264494304536,True,,,,,,,asset-conversion,cross-asset,0.9140264494304536,0,0,1,1,0,0,1,1,1,1,1,1,0,0,0
BGX-008,BACKGROUND,BGX-008,0x22e832a7cc7c2270b66925386bc18b96ecced2cf,2022-03-01T01:58:06Z,0,unknown/background,_bgswap.M2,1,55.12888888888889,,,1.0,False,,,,,,,contract,contract-opacity,1.0,0,0,1,1,0,0,1,1,1,1,1,1,0,0,0
BGX-009,BACKGROUND,BGX-009,0x45bd3ea191433797b49b96a1b135232f237b0688,2022-03-02T16:47:00Z,0,unknown/background,_bgswap.M2,1,0.036944444444444446,,,1.0,False,,,,,,,asset-conversion,cross-asset,1.0,0,0,1,1,0,0,1,1,1,1,1,1,0,0,0
BGX-010,BACKGROUND,BGX-010,0x75a4f68283aa00eb8fb71babdb4021da52c13ca1,2022-04-02T14:16:03Z,0,unknown/background,_bgswap.M2,1,0.020277777777777777,,,1.0,False,,,,0.0,0.0,1.0,eoa-source,origin-reached,1.0,0,0,1,1,0,0,1,1,1,0,0,0,0,0,0
BGX-011,BACKGROUND,BGX-011,0x8b4c1083cd6aef062298e1fa900df9832c8351b3,2022-04-02T11:40:47Z,0,unknown/background,_bgswap.M2,1,0.6105555555555555,,,1.0,False,,,,,,,contract,contract-opacity,1.0,0,0,1,1,0,0,1,1,1,1,1,1,0,0,0
OLD-013,G_Harmony,OLD-013,0x8a0858888beeb5d1435ecd3657831699f169c3f4,,1,positive,_benchmark_v01.M2,2,14.345555555555556,8.644722222222223,8.644722222222223,1.0,False,3.0,1.0,14.345555555555556,18033.0,1.0,3.0,depth-limit,depth-limit,1.0,1,1,1,1,1,1,1,1,1,1,1,1,1,1,1
BGX-012,BACKGROUND,BGX-012,0xeb6955cf773de10da86ff7d78af91c163818b8d2,2022-04-01T00:44:14Z,0,unknown/background,_bgswap.M2,1,0.06166666666666667,,,1.0,False,,,,,,,asset-conversion,cross-asset,1.0,0,0,1,1,0,0,1,1,1,1,1,1,0,0,0
BGX-013,BACKGROUND,BGX-013,0x002c93452d54b6d64bfa9879fcab14a74f1bdd44,2022-05-03T14:55:36Z,0,unknown/background,_bgswap.M2,1,7.671111111111111,,,1.0,False,,,,8721.291400000002,0.0,2.0,eoa-source,origin-reached,1.0,0,0,1,1,0,0,1,1,1,0,0,0,0,0,0
BGX-014,BACKGROUND,BGX-014,0x622163f3f21752d359216343df88e9108495ca14,2022-05-02T08:43:46Z,0,unknown/background,_bgswap.M2,1,6.59,,,1.0,False,,,,0.0,0.0,1.0,eoa-source,origin-reached,1.0,0,0,1,1,0,0,1,1,1,0,0,0,0,0,0
OLD-017,G_Harmony,OLD-017,0x89f89d61644c6e606efb25a01210159f102fbd8b,,1,positive,_benchmark_v01.M2,2,3.035,0.13805555555555554,0.13805555555555554,1.0,False,1.0,1.0,3.035,6012.0,1.0,1.0,depth-limit,depth-limit,1.0,1,1,1,1,1,1,1,1,1,1,1,1,1,1,1
BGX-015,BACKGROUND,BGX-015,0xcc820bb1c656703e5468a190ca9e74b0fa041e19,2022-05-01T00:18:12Z,0,unknown/background,_bgswap.M2,2,0.26305555555555554,0.21027777777777779,0.21027777777777779,0.9956539303974281,True,2.0,1.0,0.26305555555555554,129.31433172650594,1.0,2.0,depth-limit,depth-limit,0.9956539303974281,0,0,0,0,0,0,0,0,0,0,0,0,0,0,0
OLD-019,G_Harmony,OLD-019,0x40efc580e5cb5701797a762990d9e690108dadfd,,1,positive,_benchmark_v01.M2,2,10.581388888888888,9.103055555555555,9.103055555555555,1.0,False,3.0,1.0,10.581388888888888,18033.0,1.0,3.0,depth-limit,depth-limit,1.0,1,1,1,1,1,1,1,1,1,1,1,1,1,1,1
BGX-016,BACKGROUND,BGX-016,0x04f4606a04c75a390ca17d7de5194486c856c04a,2022-06-01T05:49:29Z,0,unknown/background,_bgswap.M2,1,0.035555555555555556,,,0.97,True,,,,,,,asset-conversion,cross-asset,0.97,0,0,1,1,0,0,1,1,1,1,1,1,0,0,0
OLD-021,G_Harmony,OLD-021,0x20dbccd46eef96a1b78383cf0d26bb575ec00201,,1,positive,_benchmark_v01.M2,2,23.59722222222222,9.18138888888889,9.18138888888889,1.0,False,3.0,1.0,23.59722222222222,18033.0,1.0,3.0,depth-limit,depth-limit,1.0,1,1,1,1,1,1,1,1,1,1,1,1,1,1,1
BGX-017,BACKGROUND,BGX-017,0x99ee113f2a8a55fff2254568b9e2d41f18e95b2c,2022-06-04T12:06:02Z,0,unknown/background,_bgswap.M2,1,0.3894444444444444,,,1.0,False,,,,,,,contract,contract-opacity,1.0,0,0,1,1,0,0,1,1,1,1,1,1,0,0,0
BGX-018,BACKGROUND,BGX-018,0xb53ed7bdb5c1de142bd2093a6148b2fa433dae19,2022-06-02T09:17:37Z,0,unknown/background,_bgswap.M2,1,49.68416666666667,,,1.0,False,,,,,,,asset-conversion,cross-asset,1.0,0,0,1,1,0,0,1,1,1,1,1,1,0,0,0
BGX-019,BACKGROUND,BGX-019,0x2843efdda652b88da760ea4aaff5f68a35d45d96,2022-07-04T06:02:47Z,0,unknown/background,_bgswap.M2,1,0.32666666666666666,,,1.0,False,,,,0.0,0.0,1.0,eoa-source,origin-reached,1.0,0,0,1,1,0,0,1,1,1,0,0,0,0,0,0
OLD-025,G_Harmony,OLD-025,0xec3e23e7a7782b1b2d77901c478823c701d912ea,,1,positive,_benchmark_v01.M2,2,9.421111111111111,0.03027777777777778,0.03027777777777778,1.0,False,3.0,1.0,9.421111111111111,18033.0,1.0,3.0,depth-limit,depth-limit,1.0,1,1,1,1,1,1,1,1,1,1,1,1,1,1,1
BGX-020,BACKGROUND,BGX-020,0x7131be4f1e5d65b52b77375fe06f3f4a248bbe76,2022-07-07T07:25:39Z,0,unknown/background,_bgswap.M2,1,22.80027777777778,,,1.0,False,,,,,,,asset-conversion,cross-asset,1.0,0,0,1,1,0,0,1,1,1,1,1,1,0,0,0
OLD-027,G_Harmony,OLD-027,0x482f32c3e1a851a1dc08931e3087ac5a209f3342,,1,positive,_benchmark_v01.M2,2,22.252777777777776,0.10972222222222222,0.10972222222222222,1.0,False,3.0,1.0,22.252777777777776,18033.0,1.0,3.0,depth-limit,depth-limit,1.0,1,1,1,1,1,1,1,1,1,1,1,1,1,1,1
BGX-021,BACKGROUND,BGX-021,0x2e8d6ee65e7b47f75d6629c5fda3d0478c0c71b7,2022-08-01T22:30:14Z,0,unknown/background,_bgswap.M2,1,0.0875,,,1.0,False,,,,,,,contract,contract-opacity,1.0,0,0,1,1,0,0,1,1,1,1,1,1,0,0,0
BGX-022,BACKGROUND,BGX-022,0x455b8910c54c5976b84975ad6f54bd361c087c93,2022-08-01T09:20:00Z,0,unknown/background,_bgswap.M2,2,22.558611111111112,22.063055555555554,22.063055555555554,0.26221230844616156,True,1.0,1.0,23.198611111111113,352.25296568913114,15.0,2.0,contract,contract-opacity,0.26221230844616156,0,0,0,0,0,0,0,0,0,0,0,0,0,0,0
BGX-023,BACKGROUND,BGX-023,0x3018c81dcb9caa2554d226d5a1a929dd319f085d,2022-09-01T19:27:01Z,0,unknown/background,_bgswap.M2,0,,,,1.0,False,,,,,,,eoa-source,origin-reached,1.0,0,1,1,1,0,0,1,1,1,1,1,1,0,0,0
BGX-024,BACKGROUND,BGX-024,0x91449d8d694e6051a3d7cd4e6ede37c33f3ee9d5,2022-09-01T13:49:49Z,0,unknown/background,_bgswap.M2,0,,,,1.0,False,,,,,,,eoa-source,origin-reached,1.0,0,1,1,1,0,0,1,1,1,1,1,1,0,0,0
BGX-025,BACKGROUND,BGX-025,0x0596b747faa9b27b514333d4308a538d9275e851,2022-10-01T01:25:47Z,0,unknown/background,_bgswap.M2,1,0.05333333333333334,,,1.0,False,,,,0.0,0.0,1.0,eoa-source,origin-reached,1.0,0,0,1,1,0,0,1,1,1,0,0,0,0,0,0
OLD-033,G_Harmony,OLD-033,0xe71d5fa89d1086d5c3b0ab03eeee2483d2d5ca97,,1,positive,_benchmark_v01.M2,2,29.73361111111111,0.17277777777777778,0.17277777777777778,1.0,False,3.0,1.0,29.73361111111111,18033.0,1.0,3.0,depth-limit,depth-limit,1.0,1,1,1,1,1,1,1,1,1,1,1,1,1,1,1
BGX-026,BACKGROUND,BGX-026,0xdb01ef9fe791e455d68687268955551e08bb172a,2022-10-01T20:46:11Z,0,unknown/background,_bgswap.M2,1,0.29,,,1.0,False,,,,0.0,0.0,1.0,eoa-source,origin-reached,1.0,0,0,1,1,0,0,1,1,1,0,0,0,0,0,0
BGX-027,BACKGROUND,BGX-027,0xaaaaa977a43669bfaed7972d4ed6c047d000f53f,2022-11-05T14:57:35Z,0,unknown/background,_bgswap.M2,0,,,,1.0,False,,,,,,,eoa-source,origin-reached,1.0,0,1,1,1,0,0,1,1,1,1,1,1,0,0,0
BGX-028,BACKGROUND,BGX-028,0xb0606f433496bf66338b8ad6b6d51fc4d84a44cd,2022-11-05T08:16:59Z,0,unknown/background,_bgswap.M2,2,80.33,0.5033333333333333,0.5033333333333333,1.0,False,1.0,2.0,80.33,9091.59127505201,3.0,2.0,depth-limit,depth-limit,1.0,0,0,0,0,0,0,0,0,0,0,0,0,0,0,0
BGX-029,BACKGROUND,BGX-029,0x23f1ae587748450119621bc39f6531ebd8d59df6,2022-12-02T16:57:35Z,0,unknown/background,_bgswap.M2,1,0.57,,,1.0,False,,,,1563.2029868263824,0.0,4.0,eoa-source,origin-reached,1.0,0,0,1,1,0,0,1,1,1,0,0,0,0,0,0
OLD-038,G_Harmony,OLD-038,0x569c6530a8fdbcf8a9967795bed367f785e32d07,,1,positive,_benchmark_v01.M2,2,9.04861111111111,0.010833333333333334,0.010833333333333334,1.0,False,3.0,1.0,9.04861111111111,18033.0,1.0,3.0,depth-limit,depth-limit,1.0,1,1,1,1,1,1,1,1,1,1,1,1,1,1,1
BGX-030,BACKGROUND,BGX-030,0xf3a465c9fa6663ff50794c698f600faa4b05c777,2022-12-02T10:08:35Z,0,unknown/background,_bgswap.M2,1,8.896666666666667,,,1.0,False,,,,,,,asset-conversion,cross-asset,1.0,0,0,1,1,0,0,1,1,1,1,1,1,0,0,0
BGX-031,BACKGROUND,BGX-031,0x000008c04ded555401c0f7ebd626b597bd398e4c,2023-01-02T17:25:47Z,0,unknown/background,_bgswap.M2,2,157.99333333333334,56.306666666666665,56.306666666666665,0.634,True,2.0,4.0,157.99333333333334,83.53,5.0,4.0,depth-limit,depth-limit,0.634,0,0,0,0,0,0,0,0,0,0,0,0,0,0,0
BGX-032,BACKGROUND,BGX-032,0x0bdf82b0f1014b3e6420718d39132e93e0a83dce,2023-01-06T05:13:11Z,0,unknown/background,_bgswap.M2,2,118.55333333333333,116.85333333333334,116.85333333333334,0.448751459,True,40.0,438.0,161.83666666666667,1508.3800673935816,438.0,137.0,unresolved,unresolved,0.448751459,0,0,0,0,0,0,0,0,0,0,0,0,0,0,0
BGX-033,BACKGROUND,BGX-033,0x5f2fdbc32771cf320d1be9ecf09ab4d422024c8b,2023-01-04T05:34:35Z,0,unknown/background,_bgswap.M2,2,70.91,64.78666666666666,64.78666666666666,0.44913463800000003,True,36.0,300.0,163.54666666666665,1279.6591393360754,300.0,89.0,unresolved,unresolved,0.44913463800000003,0,0,0,0,0,0,0,0,0,0,0,0,0,0,0
BGX-034,BACKGROUND,BGX-034,0x3dabf5e36df28f6064a7c5638d0c4e01539e35f1,2023-02-02T16:39:59Z,0,unknown/background,_bgswap.M2,1,0.27,,,1.0,False,,,,,,,asset-conversion,cross-asset,1.0,0,0,1,1,0,0,1,1,1,1,1,1,0,0,0
OLD-044,G_Harmony,OLD-044,0x4fd7d95f721dac5b01daf306fa686b1f8c4dd66a,,1,positive,_benchmark_v01.M2,2,16.031388888888888,0.08055555555555556,0.08055555555555556,1.0,False,3.0,1.0,16.031388888888888,18033.0,1.0,3.0,depth-limit,depth-limit,1.0,1,1,1,1,1,1,1,1,1,1,1,1,1,1,1
BGX-035,BACKGROUND,BGX-035,0x6c26a07ccff2783577ee911d4c6907cf59775554,2023-02-01T03:48:23Z,0,unknown/background,_bgswap.M2,0,,,,1.0,False,,,,,,,eoa-source,origin-reached,1.0,0,1,1,1,0,0,1,1,1,1,1,1,0,0,0
OLD-046,G_Harmony,OLD-046,0x8bab0b7962fb7537e7766175f211d8e4f7afa834,,1,positive,_benchmark_v01.M2,2,23.815555555555555,0.135,0.135,1.0,False,3.0,1.0,23.815555555555555,18033.0,1.0,3.0,depth-limit,depth-limit,1.0,1,1,1,1,1,1,1,1,1,1,1,1,1,1,1
BGX-036,BACKGROUND,BGX-036,0xaf8f284e93c5bf5795cca636d8aee62a2616e21d,2023-02-02T14:06:35Z,0,unknown/background,_bgswap.M2,0,,,,1.0,False,,,,,,,eoa-source,origin-reached,1.0,0,1,1,1,0,0,1,1,1,1,1,1,0,0,0
BGX-037,BACKGROUND,BGX-037,0x0d195363672247fa0f2184f84617fd2108bb2bbb,2023-03-05T08:35:23Z,0,unknown/background,_bgswap.M2,1,0.17,,,1.0,False,,,,,,,asset-conversion,cross-asset,1.0,0,0,1,1,0,0,1,1,1,1,1,1,0,0,0
BGX-038,BACKGROUND,BGX-038,0xdca5c16a2ed5ba1632d092323a2302ac13d6d933,2023-03-04T19:11:35Z,0,unknown/background,_bgswap.M2,2,4.043333333333333,0.14333333333333334,0.14333333333333334,1.0,False,1.0,2.0,4.153333333333333,701.0,3.0,1.0,asset-conversion,cross-asset,1.0,0,0,0,0,0,0,0,0,0,0,0,0,0,0,0
BGX-039,BACKGROUND,BGX-039,0xdcc354af1b6c8d00b5e53b81c1de8e93dfadf305,2023-03-01T05:20:23Z,0,unknown/background,_bgswap.M2,2,7.716666666666667,7.383333333333334,7.383333333333334,1.0,False,1.0,1.0,7.716666666666667,400.0,2.0,1.0,contract,contract-opacity,1.0,0,0,0,0,0,0,0,0,0,0,0,0,0,0,0
BGX-040,BACKGROUND,BGX-040,0x6aa7ba04dd9f3a09a02941901af10d12c8d1c245,2023-04-01T00:15:59Z,0,unknown/background,_bgswap.M2,2,137.24,116.08,116.08,1.0,False,1.0,1.0,137.24,391.00110785963057,7.0,1.0,contract,contract-opacity,1.0,0,0,0,0,0,0,0,0,0,0,0,0,0,0,0
BGX-041,BACKGROUND,BGX-041,0xb6f05df75b86f661898d8bb392cc252e1819c1ed,2023-04-02T09:06:23Z,0,unknown/background,_bgswap.M2,0,,,,1.0,False,,,,,,,eoa-source,origin-reached,1.0,0,1,1,1,0,0,1,1,1,1,1,1,0,0,0
BGX-042,BACKGROUND,BGX-042,0xf3110bd916d1190eab39a152cbe7409dd6c13bf4,2023-04-04T06:58:59Z,0,unknown/background,_bgswap.M2,2,0.02,-0.016666666666666666,-0.016666666666666666,1.0,False,2.0,22.0,153.37333333333333,362.42688487747995,24.0,5.0,contract,contract-opacity,1.0,0,0,0,0,0,0,0,0,0,0,0,0,0,0,0
OLD-054,G_Harmony,OLD-054,0xb231759890157ca3bd7d664b9795796660374752,,1,positive,_benchmark_v01.M2,2,13.556666666666667,0.015277777777777777,0.015277777777777777,1.0,False,2.0,1.0,13.556666666666667,13718.7,1.0,2.0,depth-limit,depth-limit,1.0,1,1,1,1,1,1,1,1,1,1,1,1,1,1,1
BGX-043,BACKGROUND,BGX-043,0x10a570375e3e340d8737c4fbf1f03eddf280bd5d,2023-05-01T19:23:47Z,0,unknown/background,_bgswap.M2,2,4.236666666666666,0.8833333333333333,0.8833333333333333,1.0,False,2.0,2.0,4.32,223.7636972060383,2.0,2.0,contract,contract-opacity,1.0,0,0,0,0,0,0,0,0,0,0,0,0,0,0,0
OLD-056,G_Harmony,OLD-056,0x868a66bb9f016ab88f4a86d2eb9da299c82d3bff,,1,positive,_benchmark_v01.M2,2,19.964444444444446,0.0636111111111111,0.0636111111111111,1.0,False,2.0,1.0,19.964444444444446,13718.7,1.0,2.0,depth-limit,depth-limit,1.0,1,1,1,1,1,1,1,1,1,1,1,1,1,1,1
BGX-044,BACKGROUND,BGX-044,0x426ec6cbf34a614fbecff757cab617b92bb146c5,2023-05-04T06:22:59Z,0,unknown/background,_bgswap.M2,0,,,,1.0,False,,,,,,,eoa-source,origin-reached,1.0,0,1,1,1,0,0,1,1,1,1,1,1,0,0,0
BGX-045,BACKGROUND,BGX-045,0xa570d6196cce873a5557b279aaeb46115edae527,2023-05-05T20:48:35Z,0,unknown/background,_bgswap.M2,2,2.1133333333333333,1.25,1.25,1.0,False,1.0,1.0,2.1133333333333333,3000.237349020357,1.0,1.0,asset-conversion,cross-asset,1.0,0,0,0,0,0,0,0,0,0,0,0,0,0,0,0
BGX-046,BACKGROUND,BGX-046,0x1f598068ac3645c72be2ea4c06bf62f5ab04ceef,2023-06-01T08:13:23Z,0,unknown/background,_bgswap.M2,2,64.96666666666667,64.34,64.34,0.10540184453227931,True,1.0,2.0,64.96666666666667,37.55514202562023,2.0,1.0,contract,contract-opacity,0.10540184453227931,0,0,0,0,0,0,0,0,0,0,0,0,0,0,0
BGX-047,BACKGROUND,BGX-047,0x7c090d86db2c12058180bc606fe82c5456622e6b,2023-06-01T14:53:59Z,0,unknown/background,_bgswap.M2,1,0.11666666666666667,,,1.0,False,,,,,,,contract,contract-opacity,1.0,0,0,1,1,0,0,1,1,1,1,1,1,0,0,0
BGX-048,BACKGROUND,BGX-048,0xbbf6257f10141817328f3d0de12ac3b67e843a1d,2023-06-01T05:35:59Z,0,unknown/background,_bgswap.M2,1,0.043333333333333335,,,1.0,False,,,,,,,asset-conversion,cross-asset,1.0,0,0,1,1,0,0,1,1,1,1,1,1,0,0,0
BGX-049,BACKGROUND,BGX-049,0xa30190b96faee0080144aa0b7645081fcbf49e6f,2023-07-02T14:42:47Z,0,unknown/background,_bgswap.M2,1,19.47,,,1.0,False,,,,,,,contract,contract-opacity,1.0,0,0,1,1,0,0,1,1,1,1,1,1,0,0,0
BGX-050,BACKGROUND,BGX-050,0xa592cade22abb49842b6c490598b57b271c278b8,2023-07-01T18:52:23Z,0,unknown/background,_bgswap.M2,0,,,,1.0,False,,,,,,,eoa-source,origin-reached,1.0,0,1,1,1,0,0,1,1,1,1,1,1,0,0,0
BGX-051,BACKGROUND,BGX-051,0xda26d091750530fcd8ca58f308052392940d61f1,2023-08-03T06:47:47Z,0,unknown/background,_bgswap.M2,1,1.0033333333333334,,,1.0,False,,,,0.0,0.0,1.0,eoa-source,origin-reached,1.0,0,0,1,1,0,0,1,1,1,0,0,0,0,0,0
OLD-065,G_Beanstalk,OLD-065,0x1c5dcdd006ea78a7e4783f9e6021c32935a10fb4,,1,positive,_benchmark_v01.M2,1,0.1425,,,1.0,False,,,,,,,contract,contract-opacity,1.0,1,1,0,0,1,1,0,0,0,0,0,0,1,1,1
BGX-052,BACKGROUND,BGX-052,0xf8957610257d5eee55531c249db305d0e8d8b96e,2023-08-01T05:09:47Z,0,unknown/background,_bgswap.M2,2,10.056666666666667,9.786666666666667,9.786666666666667,1.0,False,3.0,1.0,10.056666666666667,536.2220719831721,1.0,3.0,contract,contract-opacity,1.0,0,0,0,0,0,0,0,0,0,0,0,0,0,0,0
BGX-053,BACKGROUND,BGX-053,0x46b559d89697171179639d578e48636986dad0db,2023-09-04T23:14:47Z,0,unknown/background,_bgswap.M2,0,,,,1.0,False,,,,,,,eoa-source,origin-reached,1.0,0,1,1,1,0,0,1,1,1,1,1,1,0,0,0
BGX-054,BACKGROUND,BGX-054,0xf8090f3be925537d2b37c756d53405c4813e4acd,2023-09-07T06:57:23Z,0,unknown/background,_bgswap.M2,1,0.12,,,1.0,False,,,,,,,asset-conversion,cross-asset,1.0,0,0,1,1,0,0,1,1,1,1,1,1,0,0,0
BGX-055,BACKGROUND,BGX-055,0x08f5abed84693cbfa269d33164a1c900ac3f23e0,2023-10-03T06:45:47Z,0,unknown/background,_bgswap.M2,0,,,,1.0,False,,,,,,,eoa-source,origin-reached,1.0,0,1,1,1,0,0,1,1,1,1,1,1,0,0,0
BGX-056,BACKGROUND,BGX-056,0xfcb48332d0cfebba869032c4a3e33ca3e6545b45,2023-10-01T05:09:23Z,0,unknown/background,_bgswap.M2,2,67.54666666666667,8.406666666666666,8.406666666666666,1.0,False,2.0,7.0,67.54666666666667,1642.7005771856782,11.0,5.0,contract,contract-opacity,1.0,0,0,0,0,0,0,0,0,0,0,0,0,0,0,0
BGX-057,BACKGROUND,BGX-057,0x09dd5c49ea8f388b0dcdc981576dd558ae9169c8,2023-11-01T05:27:35Z,0,unknown/background,_bgswap.M2,2,77.05,77.02666666666667,77.02666666666667,0.44776464,True,4.0,1.0,95.71333333333334,629.5529589911616,14.0,4.0,depth-limit,depth-limit,0.44776464,0,0,0,0,0,0,0,0,0,0,0,0,0,0,0
BGX-058,BACKGROUND,BGX-058,0x4c9c8661243e9e9a15a35b8873317eb881330c98,2023-11-01T11:18:47Z,0,unknown/background,_bgswap.M2,2,1.3333333333333333,0.4166666666666667,0.4166666666666667,1.0,False,1.0,1.0,1.3333333333333333,1163.53,1.0,1.0,depth-limit,depth-limit,1.0,0,0,0,0,0,0,0,0,0,0,0,0,0,0,0
BGX-059,BACKGROUND,BGX-059,0x01125c0b6ff3d7da2d8cc4f0eae23ab475280765,2023-12-01T01:23:23Z,0,unknown/background,_bgswap.M2,0,,,,1.0,False,,,,,,,eoa-source,origin-reached,1.0,0,1,1,1,0,0,1,1,1,1,1,1,0,0,0
BGX-060,BACKGROUND,BGX-060,0x1d43f19852ffa9ca5f2343e89f408bcbfa698a7e,2023-12-01T16:01:47Z,0,unknown/background,_bgswap.M2,0,,,,1.0,False,,,,,,,eoa-source,origin-reached,1.0,0,1,1,1,0,0,1,1,1,1,1,1,0,0,0
BGX-061,BACKGROUND,BGX-061,0x52827c3a94ba892d00f4bcada14c3106a11e66f1,2024-01-02T16:25:47Z,0,unknown/background,_bgswap.M2,1,0.22,,,1.0,False,,,,,,,eoa-source,origin-reached,1.0,0,0,1,1,0,0,1,1,1,1,1,1,0,0,0
BGX-062,BACKGROUND,BGX-062,0x9d82167cd28d2d1443de92f0bc45e33a41dadc69,2024-01-01T16:12:47Z,0,unknown/background,_bgswap.M2,2,99.84666666666666,99.44,99.44,1.0,False,1.0,1.0,100.5,2101.0,5.0,1.0,asset-conversion,cross-asset,1.0,0,0,0,0,0,0,0,0,0,0,0,0,0,0,0
BGX-063,BACKGROUND,BGX-063,0xccd6aefe321e937e3db98fa5dba530886668f6b6,2024-01-01T12:49:35Z,0,unknown/background,_bgswap.M2,2,149.94666666666666,149.56,149.56,1.0,False,69.0,41.0,167.79333333333332,17457.781083488502,90.0,120.0,unresolved,unresolved,1.0,0,0,0,0,0,0,0,0,0,0,0,0,0,0,0
BGX-064,BACKGROUND,BGX-064,0x26446c1658b036a6fa3efb805f8fc538451d3fc2,2024-02-06T06:56:23Z,0,unknown/background,_bgswap.M2,0,,,,1.0,False,,,,,,,eoa-source,origin-reached,1.0,0,1,1,1,0,0,1,1,1,1,1,1,0,0,0
BGX-065,BACKGROUND,BGX-065,0xafa65182150086556268892509864c3e9223ff0f,2024-02-01T09:00:35Z,0,unknown/background,_bgswap.M2,1,0.06,,,0.11,True,,,,11.0,2.0,1.0,coverage-stop,coverage-stop,0.11,0,0,1,1,0,0,1,1,1,0,0,0,0,0,0
BGX-066,BACKGROUND,BGX-066,0xe82fe91dfa9d07f44276c9dbd9a3ed34a2f34778,2024-02-03T19:28:11Z,0,unknown/background,_bgswap.M2,1,1.0566666666666666,,,0.8285964177165788,True,,,,0.0,0.0,1.0,eoa-source,origin-reached,0.8285964177165788,0,0,1,1,0,0,1,1,1,0,0,0,0,0,0
BGX-067,BACKGROUND,BGX-067,0x0e58a566c08bbd316d18dc51c477e510e446ee5d,2024-03-05T14:59:59Z,0,unknown/background,_bgswap.M2,2,13.263333333333334,12.673333333333334,12.673333333333334,0.95,True,1.0,1.0,13.263333333333334,100.40779193510598,1.0,1.0,depth-limit,depth-limit,0.95,0,0,0,0,0,0,0,0,0,0,0,0,0,0,0
BGX-068,BACKGROUND,BGX-068,0x6296a22278d69ee51752970d2c3e2825303fe54d,2024-03-01T15:23:11Z,0,unknown/background,_bgswap.M2,2,9.183333333333334,6.53,6.53,1.0,False,1.0,1.0,9.183333333333334,106.769839,1.0,1.0,contract,contract-opacity,1.0,0,0,0,0,0,0,0,0,0,0,0,0,0,0,0
BGX-069,BACKGROUND,BGX-069,0xcd12d4413a4d0f430580cf24915cdaeb7aff7b2d,2024-03-12T19:52:35Z,0,unknown/background,_bgswap.M2,0,,,,1.0,False,,,,,,,eoa-source,origin-reached,1.0,0,1,1,1,0,0,1,1,1,1,1,1,0,0,0
BGX-070,BACKGROUND,BGX-070,0x4cae27327c4778dc7db40df3b672ae78c2cb45c9,2024-04-01T08:11:35Z,0,unknown/background,_bgswap.M2,1,0.09666666666666666,,,1.0,False,,,,,,,contract,contract-opacity,1.0,0,0,1,1,0,0,1,1,1,1,1,1,0,0,0
BGX-071,BACKGROUND,BGX-071,0x596797f519d8f94ba4dde838bc606e1ab4a02843,2024-04-05T06:02:47Z,0,unknown/background,_bgswap.M2,1,47.906666666666666,,,1.0,False,,,,,,,contract,contract-opacity,1.0,0,0,1,1,0,0,1,1,1,1,1,1,0,0,0
BGX-072,BACKGROUND,BGX-072,0xac70cdfdf443ef14add5093c92ed2e524d8de6f4,2024-04-05T09:12:59Z,0,unknown/background,_bgswap.M2,2,69.11,67.7,67.7,0.6099887764185404,True,1.0,5.0,89.93333333333334,208.89409936560668,5.0,1.0,contract,contract-opacity,0.6099887764185404,0,0,0,0,0,0,0,0,0,0,0,0,0,0,0
BGX-073,BACKGROUND,BGX-073,0x00ca4ef0d5d1c9ab39e8603a242fef655826e64f,2024-05-05T11:32:59Z,0,unknown/background,_bgswap.M2,1,51.51,,,0.9836682869840252,True,,,,0.0,0.0,1.0,eoa-source,origin-reached,0.9836682869840252,0,0,1,1,0,0,1,1,1,0,0,0,0,0,0
BGX-074,BACKGROUND,BGX-074,0x164a24bf02c8573942b8f066e7e25341b02fd5c4,2024-05-07T06:06:35Z,0,unknown/background,_bgswap.M2,1,0.06666666666666667,,,1.0,False,,,,,,,contract,contract-opacity,1.0,0,0,1,1,0,0,1,1,1,1,1,1,0,0,0
BGX-075,BACKGROUND,BGX-075,0xf04dca8fbadc9339c882bc33a57a7c08ae4f496b,2024-05-03T07:04:35Z,0,unknown/background,_bgswap.M2,1,0.09333333333333334,,,1.0,False,,,,0.0,0.0,1.0,eoa-source,origin-reached,1.0,0,0,1,1,0,0,1,1,1,0,0,0,0,0,0
BGX-076,BACKGROUND,BGX-076,0xa6760e0f46fd80c6a8fad806178cb2723866599d,2024-06-02T08:37:35Z,0,unknown/background,_bgswap.M2,1,0.75,,,1.0,False,,,,,,,asset-conversion,cross-asset,1.0,0,0,1,1,0,0,1,1,1,1,1,1,0,0,0
BGX-077,BACKGROUND,BGX-077,0xc610e428aa9ff43914fd6b211e0bb1dbc9fbd6bf,2024-06-01T14:48:23Z,0,unknown/background,_bgswap.M2,0,,,,1.0,False,,,,,,,eoa-source,origin-reached,1.0,0,1,1,1,0,0,1,1,1,1,1,1,0,0,0
BGX-078,BACKGROUND,BGX-078,0xe4062fcade7ac0ed47ad794028967a2314ee02b3,2024-06-02T05:53:11Z,0,unknown/background,_bgswap.M2,2,6.656666666666666,3.12,3.12,1.0,False,1.0,2.0,6.656666666666666,1107.2309866088235,7.0,2.0,contract,contract-opacity,1.0,0,0,0,0,0,0,0,0,0,0,0,0,0,0,0
BGX-079,BACKGROUND,BGX-079,0x454249291af33ad5681ed07dfd5165c1cb1aa625,2024-07-01T20:09:59Z,0,unknown/background,_bgswap.M2,1,24.046666666666667,,,0.14600691542363992,True,,,,,,,asset-conversion,cross-asset,0.14600691542363992,0,0,1,1,0,0,1,1,1,1,1,1,0,0,0
BGX-080,BACKGROUND,BGX-080,0x5508461565e40966eaa8e8abe4740f20498192af,2024-07-01T06:28:35Z,0,unknown/background,_bgswap.M2,0,,,,1.0,False,,,,,,,eoa-source,origin-reached,1.0,0,1,1,1,0,0,1,1,1,1,1,1,0,0,0
BGX-081,BACKGROUND,BGX-081,0x4e744d9369a481480bd2072dabee053439e6926a,2024-08-01T13:32:23Z,0,unknown/background,_bgswap.M2,1,0.68,,,0.1,True,,,,,,,contract,contract-opacity,0.1,0,0,1,1,0,0,1,1,1,1,1,1,0,0,0
BGX-082,BACKGROUND,BGX-082,0x81c92fa38c9e6fba05be6a66d592bad4bd92ffd7,2024-08-03T17:49:59Z,0,unknown/background,_bgswap.M2,1,0.8333333333333334,,,1.0,False,,,,500.0,0.0,2.0,eoa-source,origin-reached,1.0,0,0,1,1,0,0,1,1,1,0,0,0,0,0,0
BGX-083,BACKGROUND,BGX-083,0x668399a6604c41d46c81430e4dff71443d44efe6,2024-09-02T16:03:23Z,0,unknown/background,_bgswap.M2,0,,,,1.0,False,,,,,,,eoa-source,origin-reached,1.0,0,1,1,1,0,0,1,1,1,1,1,1,0,0,0
BGX-084,BACKGROUND,BGX-084,0xd440d2c13e9c0b86f54da4f515f68c56f0c36cc3,2024-09-03T23:05:11Z,0,unknown/background,_bgswap.M2,0,,,,1.0,False,,,,,,,eoa-source,origin-reached,1.0,0,1,1,1,0,0,1,1,1,1,1,1,0,0,0
BGX-085,BACKGROUND,BGX-085,0x52941ea9c6e846a5fe1cb78866b21816d2f39815,2024-10-02T18:22:59Z,0,unknown/background,_bgswap.M2,2,3.58,3.53,3.53,0.1494879356976849,True,1.0,1.0,3.58,101.39390275351367,1.0,1.0,contract,contract-opacity,0.1494879356976849,0,0,0,0,0,0,0,0,0,0,0,0,0,0,0
BGX-086,BACKGROUND,BGX-086,0xf49d75e9970990417855a9cf0e5d07baecc33a17,2024-10-01T02:02:59Z,0,unknown/background,_bgswap.M2,2,5.026666666666666,4.983333333333333,4.983333333333333,0.59972,True,1.0,1.0,5.026666666666666,110.00118646126575,3.0,1.0,depth-limit,depth-limit,0.59972,0,0,0,0,0,0,0,0,0,0,0,0,0,0,0
BGX-087,BACKGROUND,BGX-087,0x64e6e0d5e7ad915e82038cfae9f26f1bc585ddb5,2024-11-01T04:24:11Z,0,unknown/background,_bgswap.M2,0,,,,1.0,False,,,,,,,eoa-source,origin-reached,1.0,0,1,1,1,0,0,1,1,1,1,1,1,0,0,0
BGX-088,BACKGROUND,BGX-088,0xecf72ed82c2b72421621ec01a34ad165e3298efb,2024-11-01T07:10:59Z,0,unknown/background,_bgswap.M2,1,65.77333333333333,,,1.0,False,,,,,,,contract,contract-opacity,1.0,0,0,1,1,0,0,1,1,1,1,1,1,0,0,0
BGX-089,BACKGROUND,BGX-089,0x65d677b3395d3c5b5cab72390842fb6eb41acfd1,2024-12-02T14:27:47Z,0,unknown/background,_bgswap.M2,1,0.35333333333333333,,,0.11387327460631747,True,,,,0.0,0.0,1.0,coverage-stop,coverage-stop,0.11387327460631747,0,0,1,1,0,0,1,1,1,0,0,0,0,0,0
BGX-090,BACKGROUND,BGX-090,0xc57261db874a1a700b848d5c4b8784fd304f67d9,2024-12-06T07:17:23Z,0,unknown/background,_bgswap.M2,0,,,,1.0,False,,,,,,,eoa-source,origin-reached,1.0,0,1,1,1,0,0,1,1,1,1,1,1,0,0,0
BGX-091,BACKGROUND,BGX-091,0x39a08a1dc43a9dfbe604141652e1523996a7399f,2025-01-03T22:46:47Z,0,unknown/background,_bgswap.M2,1,0.31,,,0.25378431100000004,True,,,,4292.150086138383,204.0,314.0,coverage-stop,coverage-stop,0.25378431100000004,0,0,1,1,0,0,1,1,1,0,0,0,0,0,0
BGX-092,BACKGROUND,BGX-092,0xb7a9dabb1829159edd71401d273494ac4c41336a,2025-01-01T12:32:47Z,0,unknown/background,_bgswap.M2,0,,,,1.0,False,,,,,,,eoa-source,origin-reached,1.0,0,1,1,1,0,0,1,1,1,1,1,1,0,0,0
BGX-093,BACKGROUND,BGX-093,0x41d03507b50394d68fdd6825f831c931fd70c97d,2025-02-01T12:55:11Z,0,unknown/background,_bgswap.M2,0,,,,1.0,False,,,,,,,eoa-source,origin-reached,1.0,0,1,1,1,0,0,1,1,1,1,1,1,0,0,0
BGX-094,BACKGROUND,BGX-094,0xca3784ae8f91fb3fa7457d17207254c0c26a4edc,2025-02-02T16:51:59Z,0,unknown/background,_bgswap.M2,0,,,,1.0,False,,,,,,,eoa-source,origin-reached,1.0,0,1,1,1,0,0,1,1,1,1,1,1,0,0,0
BGX-095,BACKGROUND,BGX-095,0x806d9d1f1b80107a294393c76258b69b441565f0,2025-03-01T17:51:59Z,0,unknown/background,_bgswap.M2,1,0.7933333333333333,,,1.0,False,,,,,,,contract,contract-opacity,1.0,0,0,1,1,0,0,1,1,1,1,1,1,0,0,0
BGX-096,BACKGROUND,BGX-096,0xebc612ef074225bdc20705d45775a0698250fee6,2025-03-01T00:04:23Z,0,unknown/background,_bgswap.M2,1,0.8566666666666667,,,1.0,False,,,,,,,contract,contract-opacity,1.0,0,0,1,1,0,0,1,1,1,1,1,1,0,0,0
BGX-097,BACKGROUND,BGX-097,0x5817995ca6cd5e514e0475ac3b0d0d8c8c439885,2025-04-03T08:22:59Z,0,unknown/background,_bgswap.M2,0,,,,1.0,False,,,,,,,eoa-source,origin-reached,1.0,0,1,1,1,0,0,1,1,1,1,1,1,0,0,0
BGX-098,BACKGROUND,BGX-098,0x88b0129e22729a70f7110f52e460348761f9566b,2025-04-01T06:54:23Z,0,unknown/background,_bgswap.M2,1,0.03666666666666667,,,1.0,False,,,,0.0,0.0,1.0,eoa-source,origin-reached,1.0,0,0,1,1,0,0,1,1,1,0,0,0,0,0,0
BGX-099,BACKGROUND,BGX-099,0x6074f9e518f495194a8454e9f66b78c67bc61b41,2025-05-03T17:19:47Z,0,unknown/background,_bgswap.M2,0,,,,1.0,False,,,,,,,eoa-source,origin-reached,1.0,0,1,1,1,0,0,1,1,1,1,1,1,0,0,0
BGX-100,BACKGROUND,BGX-100,0xf8bd16842ee35346beeea9541e80347521901f6e,2025-05-01T07:56:23Z,0,unknown/background,_bgswap.M2,1,0.38,,,0.10572100000000001,True,,,,0.0,0.0,1.0,coverage-stop,coverage-stop,0.10572100000000001,0,0,1,1,0,0,1,1,1,0,0,0,0,0,0
BGX-101,BACKGROUND,BGX-101,0xacef39dc1a297a2e020f5d621d384a0d9a0a3a11,2025-06-01T21:56:23Z,0,unknown/background,_bgswap.M2,1,0.04666666666666667,,,0.8041724097036466,True,,,,,,,contract,contract-opacity,0.8041724097036466,0,0,1,1,0,0,1,1,1,1,1,1,0,0,0
BGX-102,BACKGROUND,BGX-102,0xcd943ce278b562b63c3e17b9b5d61740f60cfb12,2025-06-01T01:09:59Z,0,unknown/background,_bgswap.M2,0,,,,1.0,False,,,,,,,eoa-source,origin-reached,1.0,0,1,1,1,0,0,1,1,1,1,1,1,0,0,0
BGX-103,BACKGROUND,BGX-103,0x85b10a666083d538936a696ee685783dd2dec01f,2025-07-01T16:57:35Z,0,unknown/background,_bgswap.M2,1,0.5266666666666666,,,0.31673204531524923,True,,,,,,,eoa-source,origin-reached,0.31673204531524923,0,0,1,1,0,0,1,1,1,1,1,1,0,0,0
BGX-104,BACKGROUND,BGX-104,0xeb8b0a5d25b76024acb6e6bb3631797624a842c6,2025-07-02T19:27:23Z,0,unknown/background,_bgswap.M2,1,0.21,,,1.0,False,,,,,,,eoa-source,origin-reached,1.0,0,0,1,1,0,0,1,1,1,1,1,1,0,0,0
BGX-105,BACKGROUND,BGX-105,0x66fc42ebef8fb3d8f9b387ef95495ca41fe78721,2025-08-05T04:26:23Z,0,unknown/background,_bgswap.M2,1,0.013333333333333334,,,1.0,False,,,,,,,contract,contract-opacity,1.0,0,0,1,1,0,0,1,1,1,1,1,1,0,0,0
BGX-106,BACKGROUND,BGX-106,0x932ae3fe328e092dbb7911e910cde4bf50e22144,2025-08-01T09:27:35Z,0,unknown/background,_bgswap.M2,1,2.2466666666666666,,,1.0,False,,,,318.91814036311575,0.0,2.0,eoa-source,origin-reached,1.0,0,0,1,1,0,0,1,1,1,0,0,0,0,0,0
BGX-107,BACKGROUND,BGX-107,0x0b2409bc3a5e60a4577b4a4867fe16354ac4cedd,2025-09-02T00:53:47Z,0,unknown/background,_bgswap.M2,1,160.86333333333334,,,0.2497787284524593,True,,,,24.97787284524593,1.0,1.0,coverage-stop,coverage-stop,0.2497787284524593,0,0,1,1,0,0,1,1,1,0,0,0,0,0,0
BGX-108,BACKGROUND,BGX-108,0xd67bad337027931fd964c0c8407e5beada431768,2025-10-01T15:46:59Z,0,unknown/background,_bgswap.M2,1,0.19333333333333333,,,1.0,False,,,,,,,contract,contract-opacity,1.0,0,0,1,1,0,0,1,1,1,1,1,1,0,0,0
BGX-109,BACKGROUND,BGX-109,0x832ba873e27dbeb1c40b5374fa19c457b5f30388,2025-11-01T09:48:35Z,0,unknown/background,_bgswap.M2,0,,,,1.0,False,,,,,,,eoa-source,origin-reached,1.0,0,1,1,1,0,0,1,1,1,1,1,1,0,0,0
BGX-110,BACKGROUND,BGX-110,0x2ff66b0263805e93b9812cd2519385b12dcad01b,2025-12-01T00:42:11Z,0,unknown/background,_bgswap.M2,0,,,,1.0,False,,,,,,,eoa-source,origin-reached,1.0,0,1,1,1,0,0,1,1,1,1,1,1,0,0,0
BGX-111,BACKGROUND,BGX-111,0x0385e38457fea1b25e8175837fbe67400e0fe9fd,2026-01-03T12:22:11Z,0,unknown/background,_bgswap.M2,1,0.19,,,1.0,False,,,,,,,contract,contract-opacity,1.0,0,0,1,1,0,0,1,1,1,1,1,1,0,0,0
BGX-112,BACKGROUND,BGX-112,0x7720c2f59391fe6339310913ad13a8119393a59d,2026-01-10T18:28:23Z,0,unknown/background,_bgswap.M2,0,,,,1.0,False,,,,,,,eoa-source,origin-reached,1.0,0,1,1,1,0,0,1,1,1,1,1,1,0,0,0
BGX-113,BACKGROUND,BGX-113,0x93a0649e62c7e3ae8f7eec14f6674aa6b554f904,2026-01-06T12:06:23Z,0,unknown/background,_bgswap.M2,0,,,,1.0,False,,,,,,,eoa-source,origin-reached,1.0,0,1,1,1,0,0,1,1,1,1,1,1,0,0,0
BGX-114,BACKGROUND,BGX-114,0xb8b45dd6a8a430b03e7cee0d783aa541f7353714,2026-01-05T07:15:35Z,0,unknown/background,_bgswap.M2,1,12.683333333333334,,,1.0,False,,,,,,,contract,contract-opacity,1.0,0,0,1,1,0,0,1,1,1,1,1,1,0,0,0
BGX-115,BACKGROUND,BGX-115,0xbd0f80a33a07c34bd35c8b1a5e920459ae8ad2d2,2026-01-01T08:44:47Z,0,unknown/background,_bgswap.M2,1,0.11333333333333333,,,1.0,False,,,,0.0,0.0,1.0,eoa-source,origin-reached,1.0,0,0,1,1,0,0,1,1,1,0,0,0,0,0,0
BGX-116,BACKGROUND,BGX-116,0x008fb70eb7bfe9c1861539294ae657aea6627f7a,2026-02-01T13:15:11Z,0,unknown/background,_bgswap.M2,0,,,,1.0,False,,,,,,,eoa-source,origin-reached,1.0,0,1,1,1,0,0,1,1,1,1,1,1,0,0,0
BGX-117,BACKGROUND,BGX-117,0x6039177b760c163f921090d05688b5465f404964,2026-02-03T18:35:23Z,0,unknown/background,_bgswap.M2,1,0.016666666666666666,,,1.0,False,,,,,,,contract,contract-opacity,1.0,0,0,1,1,0,0,1,1,1,1,1,1,0,0,0
BGX-118,BACKGROUND,BGX-118,0xab6ab5fef629d40b258e6bb6efdb1af78fc4bc9b,2026-02-03T12:23:47Z,0,unknown/background,_bgswap.M2,1,0.016666666666666666,,,1.0,False,,,,,,,eoa-source,origin-reached,1.0,0,0,1,1,0,0,1,1,1,1,1,1,0,0,0
BGX-119,BACKGROUND,BGX-119,0xaefdeb8cf986f248765ca1c1a10a17e31f943696,2026-02-05T04:04:23Z,0,unknown/background,_bgswap.M2,0,,,,1.0,False,,,,,,,eoa-source,origin-reached,1.0,0,1,1,1,0,0,1,1,1,1,1,1,0,0,0
BGX-120,BACKGROUND,BGX-120,0xce1f9ca9aafeb89fb1789fc487e10f30bb888888,2026-02-04T16:40:35Z,0,unknown/background,_bgswap.M2,0,,,,1.0,False,,,,,,,eoa-source,origin-reached,1.0,0,1,1,1,0,0,1,1,1,1,1,1,0,0,0
BGX-121,BACKGROUND,BGX-121,0x18b44c68ea2cd6b1e59731af8e49e62e90e92e66,2026-03-03T17:29:23Z,0,unknown/background,_bgswap.M2,0,,,,1.0,False,,,,,,,eoa-source,origin-reached,1.0,0,1,1,1,0,0,1,1,1,1,1,1,0,0,0
BGX-122,BACKGROUND,BGX-122,0x1fcf1f5c801febc1009fcc8ed9c8349c367d23ac,2026-03-05T13:17:59Z,0,unknown/background,_bgswap.M2,1,0.09,,,1.0,False,,,,,,,asset-conversion,cross-asset,1.0,0,0,1,1,0,0,1,1,1,1,1,1,0,0,0
BGX-123,BACKGROUND,BGX-123,0x5f1a42363a708511f7c34f5970252527f91a2640,2026-03-05T22:01:35Z,0,unknown/background,_bgswap.M2,0,,,,1.0,False,,,,,,,eoa-source,origin-reached,1.0,0,1,1,1,0,0,1,1,1,1,1,1,0,0,0
BGX-124,BACKGROUND,BGX-124,0xca4a8aceb83294d71c42cbe579f11f9d30236c32,2026-03-05T23:10:35Z,0,unknown/background,_bgswap.M2,1,0.03666666666666667,,,1.0,False,,,,,,,asset-conversion,cross-asset,1.0,0,0,1,1,0,0,1,1,1,1,1,1,0,0,0
OLD-139,G_Audius,OLD-139,0xa0c7bd318d69424603cbf91e9969870f21b8ab4c,,1,positive,_benchmark_v01.M2,1,10.285555555555556,,,1.0,False,,,,,,,asset-conversion,cross-asset,1.0,1,1,0,0,1,1,0,0,0,0,0,0,1,1,1
BGX-125,BACKGROUND,BGX-125,0xfc51b5cd07e73020be902a5b00902f329b083eab,2026-03-04T15:07:47Z,0,unknown/background,_bgswap.M2,0,,,,1.0,False,,,,,,,eoa-source,origin-reached,1.0,0,1,1,1,0,0,1,1,1,1,1,1,0,0,0
BGX-126,BACKGROUND,BGX-126,0x127b16a0ed49ee84ecd1d31edc01b3ddf63d0562,2026-04-02T07:26:23Z,0,unknown/background,_bgswap.M2,0,,,,1.0,False,,,,,,,eoa-source,origin-reached,1.0,0,1,1,1,0,0,1,1,1,1,1,1,0,0,0
BGX-127,BACKGROUND,BGX-127,0x1c134855fbcdc4de70662ea61717c6f384ffa59e,2026-04-06T10:45:35Z,0,unknown/background,_bgswap.M2,1,0.05,,,1.0,False,,,,,,,contract,contract-opacity,1.0,0,0,1,1,0,0,1,1,1,1,1,1,0,0,0
BGX-128,BACKGROUND,BGX-128,0x45e4b5805590d112dceafbbc32b236671b5d1872,2026-04-03T08:25:59Z,0,unknown/background,_bgswap.M2,1,11.04,,,1.0,False,,,,,,,contract,contract-opacity,1.0,0,0,1,1,0,0,1,1,1,1,1,1,0,0,0
BGX-129,BACKGROUND,BGX-129,0x6d94d91530a8f15862495606c117eb74604c2767,2026-04-01T14:57:47Z,0,unknown/background,_bgswap.M2,1,6.0633333333333335,,,1.0,False,,,,,,,contract,contract-opacity,1.0,0,0,1,1,0,0,1,1,1,1,1,1,0,0,0
BGX-130,BACKGROUND,BGX-130,0xf715ebb67b7dfedf27121414e7ea1d0a1784721d,2026-04-04T20:35:47Z,0,unknown/background,_bgswap.M2,1,26.91,,,1.0,False,,,,,,,contract,contract-opacity,1.0,0,0,1,1,0,0,1,1,1,1,1,1,0,0,0
BGX-131,BACKGROUND,BGX-131,0x1661a0fc23f15e153486cd689a4fab076d0e82a5,2026-05-04T15:27:59Z,0,unknown/background,_bgswap.M2,0,,,,1.0,False,,,,,,,eoa-source,origin-reached,1.0,0,1,1,1,0,0,1,1,1,1,1,1,0,0,0
BGX-132,BACKGROUND,BGX-132,0x597a1c8f981aba3eb48b11736da1a61bcbcfcca1,2026-05-02T13:33:35Z,0,unknown/background,_bgswap.M2,0,,,,1.0,False,,,,,,,eoa-source,origin-reached,1.0,0,1,1,1,0,0,1,1,1,1,1,1,0,0,0
BGX-133,BACKGROUND,BGX-133,0x6d844fd5001a7a5fec3bce289c53b14b603bffaf,2026-05-01T16:11:11Z,0,unknown/background,_bgswap.M2,1,0.04,,,1.0,False,,,,,,,contract,contract-opacity,1.0,0,0,1,1,0,0,1,1,1,1,1,1,0,0,0
BGX-134,BACKGROUND,BGX-134,0x8fc9de7af8d4f5f92b6b1e9e6330349f506f264b,2026-05-04T17:03:47Z,0,unknown/background,_bgswap.M2,1,1.3633333333333333,,,1.0,False,,,,,,,contract,contract-opacity,1.0,0,0,1,1,0,0,1,1,1,1,1,1,0,0,0
BGX-135,BACKGROUND,BGX-135,0xa6646937fc06dfcf05cde71d06d7e3db1736ab44,2026-05-01T04:12:23Z,0,unknown/background,_bgswap.M2,1,0.023333333333333334,,,0.1209,True,,,,0.0,1.0,0.0,coverage-stop,coverage-stop,0.1209,0,0,1,1,0,0,1,1,1,0,0,0,0,0,0
BGX-136,BACKGROUND,BGX-136,0x23dcefb63a271e10f25b8843f4da9333bd37239d,2026-06-02T12:04:35Z,0,unknown/background,_bgswap.M2,2,0.71,0.68,0.68,1.0,False,2.0,1.0,0.71,1210.5877694006579,5.0,3.0,contract,contract-opacity,1.0,0,0,0,0,0,0,0,0,0,0,0,0,0,0,0
OLD-152,G_Monkey,OLD-152,0xc2c05f11f6e4dfba016982811ab12c361e63f466,,1,positive,_benchmark_v01.M2,1,0.8966666666666666,,,0.7357824624990751,True,,,,,,,asset-conversion,cross-asset,0.7357824624990751,1,1,0,0,1,1,0,0,0,0,0,0,1,1,1
BGX-137,BACKGROUND,BGX-137,0x4001dc850226cdf767d1e062f5f90c26469dbea8,2026-06-01T13:07:23Z,0,unknown/background,_bgswap.M2,0,,,,1.0,False,,,,,,,eoa-source,origin-reached,1.0,0,1,1,1,0,0,1,1,1,1,1,1,0,0,0
BGX-138,BACKGROUND,BGX-138,0x7277c705b5b1963b602cb4e3ab8e188d925bed00,2026-06-02T06:40:35Z,0,unknown/background,_bgswap.M2,1,0.10333333333333333,,,1.0,False,,,,,,,contract,contract-opacity,1.0,0,0,1,1,0,0,1,1,1,1,1,1,0,0,0
BGX-139,BACKGROUND,BGX-139,0x9e6fe7fa07a0681db0077deb1f9843c0c7c8a9fc,2026-06-01T20:55:35Z,0,unknown/background,_bgswap.M2,0,,,,1.0,False,,,,,,,eoa-source,origin-reached,1.0,0,1,1,1,0,0,1,1,1,1,1,1,0,0,0
CONV-0x03560a,G_Convergence,CONV,0x03560a9d7a2c391fb1a087c33650037ae30de3aa,,1,positive,A17_phi_flat_v2,1.0,0.03,,,1.0,False,,,,,,,asset-conversion,cross-asset,1.0,1,1,0,0,1,1,0,0,0,0,0,0,1,1,1
NEW-Q02,G_DHL_Q02_eflevervault,DHL_Q02_eflevervault_E1,0xdf31f4c8dc9548eb4c416af26dc396a25fde4d5f,2022-10-14T12:55:35Z,1,positive,l17_cone_edges+frozen_compute_phi(out-dep=MISSING),1,0.38,,,1.0,False,,,,,,,asset-conversion,cross-asset,1.0,1,1,0,0,1,1,0,0,0,0,0,0,1,1,1
NEW-Q06,G_DHL_Q06_rabbywallet_swaprouter,DHL_Q06_rabbywallet_swaprouter_E1,0xb687550842a24d7fbc6aad238fd7e0687ed59d55,2022-10-11T14:23:35Z,1,positive,l17_cone_edges+frozen_compute_phi(out-dep=MISSING),1,2.4466666666666668,,,1.0,False,,,,,,,asset-conversion,cross-asset,1.0,1,1,0,0,1,1,0,0,0,0,0,0,1,1,1
NEW-Q08,G_DHL_Q08_tecraspace,DHL_Q08_tecraspace_E1,0xb19b7f59c08ea447f82b587c058ecbf5fde9c299,2022-03-18T05:38:55Z,1,positive,l17_cone_edges+frozen_compute_phi(out-dep=MISSING),0,,,,1.0,False,,,,,,,eoa-source,origin-reached,1.0,1,0,0,0,1,1,0,0,0,0,0,0,1,1,1
NEW-Q09,G_DHL_Q09_umbrella,DHL_Q09_umbrella_E1,0x1751e3e1aaf1a3e7b973c889b7531f43fc59f7d0,2022-03-20T07:57:39Z,1,positive,l17_cone_edges+frozen_compute_phi(out-dep=MISSING),1,0.08305555555555555,,,0.903817,True,,,,,,,asset-conversion,cross-asset,0.903817,1,1,0,0,1,1,0,0,0,0,0,0,1,1,1
NEW-Q11,G_DHL_Q11_judao,DHL_Q11_judao_E1,0x5384b34c74024d6563b323351a4bbfa18432161b,2026-04-30T06:03:59Z,1,positive,l17_cone_edges+frozen_compute_phi(out-dep=MISSING),2,53.56,0.0,0.0,1.0,False,,1.0,53.583333333333336,,3.0,,asset-conversion,cross-asset,1.0,1,1,1,1,1,1,0,1,1,0,1,0,1,1,1
NEW-Q12,G_DHL_Q12_nblgame,DHL_Q12_nblgame_E1,0x1fd0a6a5e232eeba8020a40535ad07013ec4ef12,2024-02-13T08:13:35Z,1,positive,l17_cone_edges+frozen_compute_phi(out-dep=MISSING),0,,,,1.0,False,,,,,,,eoa-source,origin-reached,1.0,1,0,0,0,1,1,0,0,0,0,0,0,1,1,1
NEW-Q17,G_DHL_Q17_whalebitoraclemanipulation,DHL_Q17_whalebitoraclemanipulation_E1,0xe66b37de57b65691b9f4ac48de2c2b7be53c5c6f,2026-04-05T20:09:59Z,1,positive,l17_cone_edges+frozen_compute_phi(out-dep=MISSING),2,116.19,116.14666666666666,116.14666666666666,1.0,False,,1.0,116.19,,1.0,,depth-limit,depth-limit,1.0,1,1,1,1,1,1,0,1,1,0,1,0,1,1,1
NEW-Q18,G_DHL_Q18_bmizapper,DHL_Q18_bmizapper_E1,0x63136677355840f26c0695dd6de5c9e4f514f8e8,2024-01-20T11:52:23Z,1,positive,l17_cone_edges+frozen_compute_phi(out-dep=MISSING),2,62.35333333333333,0.0,0.0,1.0,False,,1.0,62.35333333333333,,1.0,,asset-conversion,cross-asset,1.0,1,1,1,1,1,1,0,1,1,0,1,0,1,1,1
NEW-Q21,G_DHL_Q21_astrid,DHL_Q21_astrid_E1,0x792ec27874e1f614e757a1ae49d00ef5b2c73959,2023-11-01T15:56:59Z,1,positive,l17_cone_edges+frozen_compute_phi(out-dep=MISSING),0,,,,1.0,False,,,,,,,eoa-source,origin-reached,1.0,1,0,0,0,1,1,0,0,0,0,0,0,1,1,1
NEW-Q24,G_DHL_Q24_xbridge,DHL_Q24_xbridge_E1,0x0cfc28d16d07219249c6d6d6ae24e7132ee4caa7,2024-04-27T00:19:47Z,1,positive,l17_cone_edges+frozen_compute_phi(out-dep=MISSING),2,64.05,0.0,0.0,1.0,False,,1.0,64.05,,1.0,,asset-conversion,cross-asset,1.0,1,1,1,1,1,1,0,1,1,0,1,0,1,1,1
NEW-Q32,G_DHL_Q32_newfreedao,DHL_Q32_newfreedao_E1,0x22c9736d4fc73a8fa0eb436d2ce919f5849d6fd2,2022-09-09T10:08:18Z,1,positive,l17_cone_edges+frozen_compute_phi(out-dep=MISSING),2,160.8852777777778,160.75333333333333,160.75333333333333,1.0,False,,24.0,164.1161111111111,,148.0,,asset-conversion,cross-asset,1.0,1,1,1,1,1,1,0,1,1,0,1,0,1,1,1
NEW-Q34,G_DHL_Q34_firetoken,DHL_Q34_firetoken_E1,0x81f48a87ec44208c691f870b9d400d9c13111e2e,2024-10-01T13:15:47Z,1,positive,l17_cone_edges+frozen_compute_phi(out-dep=MISSING),0,,,,1.0,False,,,,,,,eoa-source,origin-reached,1.0,1,0,0,0,1,1,0,0,0,0,0,0,1,1,1
BGX-140,BACKGROUND,BGX-140,0xef7db0f40cfb2f8cb96532e185c9d3276d3c301d,2026-06-01T00:50:23Z,0,unknown/background,_bgswap.M2,1,0.04666666666666667,,,0.547975754919276,True,,,,,,,contract,contract-opacity,0.547975754919276,0,0,1,1,0,0,1,1,1,1,1,1,0,0,0
