sample_id,group_id,event_id,address,n_cone_nodes,n_nodes_attempted,n_nodes_success,n_nodes_blocked,n_raw_edges,n_structured_edges,status,notes
NEW-Q02,G_DHL_Q02_eflevervault,DHL_Q02_eflevervault_E1,0xdf31f4c8dc9548eb4c416af26dc396a25fde4d5f,2,1,0,1,0,0,OUT_EDGE_BLOCKED_SOURCE_ACCESS,
NEW-Q06,G_DHL_Q06_rabbywallet_swaprouter,DHL_Q06_rabbywallet_swaprouter_E1,0xb687550842a24d7fbc6aad238fd7e0687ed59d55,4,1,0,1,0,0,OUT_EDGE_BLOCKED_SOURCE_ACCESS,
NEW-Q08,G_DHL_Q08_tecraspace,DHL_Q08_tecraspace_E1,0xb19b7f59c08ea447f82b587c058ecbf5fde9c299,0,0,0,0,0,0,OUT_EDGE_NOT_NEEDED,
NEW-Q09,G_DHL_Q09_umbrella,DHL_Q09_umbrella_E1,0x1751e3e1aaf1a3e7b973c889b7531f43fc59f7d0,3,1,0,1,0,0,OUT_EDGE_BLOCKED_SOURCE_ACCESS,
NEW-Q11,G_DHL_Q11_judao,DHL_Q11_judao_E1,0x5384b34c74024d6563b323351a4bbfa18432161b,3,2,1,1,3,3,OUT_EDGE_RECOVERED_PARTIAL,
NEW-Q12,G_DHL_Q12_nblgame,DHL_Q12_nblgame_E1,0x1fd0a6a5e232eeba8020a40535ad07013ec4ef12,0,0,0,0,0,0,OUT_EDGE_NOT_NEEDED,
NEW-Q17,G_DHL_Q17_whalebitoraclemanipulation,DHL_Q17_whalebitoraclemanipulation_E1,0xe66b37de57b65691b9f4ac48de2c2b7be53c5c6f,4,2,2,0,3,3,OUT_EDGE_RECOVERED_FULL,
NEW-Q18,G_DHL_Q18_bmizapper,DHL_Q18_bmizapper_E1,0x63136677355840f26c0695dd6de5c9e4f514f8e8,3,2,1,1,1,1,OUT_EDGE_RECOVERED_PARTIAL,
NEW-Q21,G_DHL_Q21_astrid,DHL_Q21_astrid_E1,0x792ec27874e1f614e757a1ae49d00ef5b2c73959,0,0,0,0,0,0,OUT_EDGE_NOT_NEEDED,
NEW-Q24,G_DHL_Q24_xbridge,DHL_Q24_xbridge_E1,0x0cfc28d16d07219249c6d6d6ae24e7132ee4caa7,3,2,1,1,1,1,OUT_EDGE_RECOVERED_PARTIAL,
NEW-Q32,G_DHL_Q32_newfreedao,DHL_Q32_newfreedao_E1,0x22c9736d4fc73a8fa0eb436d2ce919f5849d6fd2,44,2,0,2,0,0,OUT_EDGE_BLOCKED_SOURCE_ACCESS,
NEW-Q34,G_DHL_Q34_firetoken,DHL_Q34_firetoken_E1,0x81f48a87ec44208c691f870b9d400d9c13111e2e,0,0,0,0,0,0,OUT_EDGE_NOT_NEEDED,
