sample_id,group_id,event_id,address,t0_utc,is_positive,source_split,fac_funder_present,fac_hub_present,fac_funder_fanout,fac_hub_fanout,fac_funder_out_unif,fac_funder_out_quant,fac_fund_quant,fac_n_fresh_siblings,mi_fac_funder_present,mi_fac_hub_present,mi_fac_funder_fanout,mi_fac_hub_fanout,mi_fac_funder_out_unif,mi_fac_funder_out_quant,mi_fac_fund_quant,mi_fac_n_fresh_siblings
OLD-000,BACKGROUND,OLD-000,0x8612bbe7d53c9970c63389df209e5d2372fe8870,,0,unknown/background,1,0,,0,,,0,,0,0,1,0,1,1,0,1
OLD-001,BACKGROUND,OLD-001,0x4000492bb9fdde20be1a4e4ef8a95282115bd5bd,,0,unknown/background,1,0,,0,,,0,,0,0,1,0,1,1,0,1
OLD-002,G_Harmony,OLD-002,0x432a9cb4353bed67ec5351734d4a44c0826847ae,,1,positive,1,1,1,1,1.0,1.0,1,0,0,0,0,0,0,0,0,0
OLD-003,BACKGROUND,OLD-003,0x7a7ebe060943650c64c5a25311bb3f89cb31c384,,0,unknown/background,1,0,,0,,,0,,0,0,1,0,1,1,0,1
OLD-004,BACKGROUND,OLD-004,0xda981ae7d29e6c97da4d486dec90e41aa02454ef,,0,unknown/background,1,0,,0,,,0,,0,0,1,0,1,1,0,1
OLD-005,BACKGROUND,OLD-005,0xca67615bb9a9cc093e13dee3de1ca55b55ab3586,,0,unknown/background,1,1,4,,0.8,0.9333,1,0,0,0,0,1,0,0,0,0
OLD-006,BACKGROUND,OLD-006,0x2c49e69f8fdd2d4cb9e8d0ef38d69414719d064e,,0,unknown/background,0,0,0,0,0,0,0,0,0,0,0,0,0,0,0,0
OLD-007,G_Harmony,OLD-007,0x4507ac1bdf4ae5e61ffcec3a9aeda312e2505970,,1,positive,1,1,2,1,1.0,1.0,1,0,0,0,0,0,0,0,0,0
OLD-008,BACKGROUND,OLD-008,0xd0edf8273bcdb6d65be3d31d0a32e4e9a6b78d00,,0,unknown/background,1,1,23,1,0.027,0.1351,0,0,0,0,0,0,0,0,0,0
OLD-009,BACKGROUND,OLD-009,0x67725f943b3510f8689b0ccfcc7ab067bb9b0253,,0,unknown/background,1,0,,0,,,1,,0,0,1,0,1,1,0,1
OLD-010,BACKGROUND,OLD-010,0xf730a278a02f5bb43edd473125f7a76ad918e8dc,,0,unknown/background,1,1,2,1,0.5,0.0,0,0,0,0,0,0,0,0,0,0
OLD-011,BACKGROUND,OLD-011,0xd757748fb8681684bdf89eca90373141c5350dcf,,0,unknown/background,1,1,2,1,0.25,0.0,0,0,0,0,0,0,0,0,0,0
OLD-012,BACKGROUND,OLD-012,0x292056276f1ac00da4a2ce6cc65e21aacc577f76,,0,unknown/background,1,0,,0,,,0,,0,0,1,0,1,1,0,1
OLD-013,G_Harmony,OLD-013,0x8a0858888beeb5d1435ecd3657831699f169c3f4,,1,positive,1,1,3,1,0.6667,1.0,1,0,0,0,0,0,0,0,0,0
OLD-014,BACKGROUND,OLD-014,0x05a7034af75e5ae0c59d979c401d756698d05809,,0,unknown/background,1,0,,0,,,0,,0,0,1,0,1,1,0,1
OLD-015,BACKGROUND,OLD-015,0x530defd6c816809f54f6cfa6fe873646f6ecf930,,0,unknown/background,1,0,,0,,,0,,0,0,1,0,1,1,0,1
OLD-016,BACKGROUND,OLD-016,0xaa09cf58be0eaa070bc4b35ea42b4260e743bc9b,,0,unknown/background,1,1,19,1,0.0333,0.1667,0,0,0,0,0,0,0,0,0,0
OLD-017,G_Harmony,OLD-017,0x89f89d61644c6e606efb25a01210159f102fbd8b,,1,positive,1,1,1,2,1.0,1.0,1,0,0,0,0,0,0,0,0,0
OLD-018,BACKGROUND,OLD-018,0xf319bc8f1526bfbb84b9a1e2d26b1388435fe8e5,,0,unknown/background,1,1,2,,0.5,0.5,1,0,0,0,0,1,0,0,0,0
OLD-019,G_Harmony,OLD-019,0x40efc580e5cb5701797a762990d9e690108dadfd,,1,positive,1,1,3,2,0.6667,1.0,1,0,0,0,0,0,0,0,0,0
OLD-020,BACKGROUND,OLD-020,0xdcbee6f975ef71bfa7a6694c23851924a8f204b6,,0,unknown/background,1,0,,0,,,0,,0,0,1,0,1,1,0,1
OLD-021,G_Harmony,OLD-021,0x20dbccd46eef96a1b78383cf0d26bb575ec00201,,1,positive,1,1,3,2,0.6667,1.0,1,0,0,0,0,0,0,0,0,0
OLD-022,BACKGROUND,OLD-022,0x92f9a45bf93b6d332aff72752480c9cc605e0f36,,0,unknown/background,1,1,25,1,0.0465,0.1163,0,0,0,0,0,0,0,0,0,0
OLD-023,BACKGROUND,OLD-023,0x3933f978055206365a06dde40e9e2f0a999b2ba7,,0,unknown/background,1,0,,0,,,1,,0,0,1,0,1,1,0,1
OLD-024,BACKGROUND,OLD-024,0x21030478a9ba233d9bcdaa1d431893920d38fdaf,,0,unknown/background,1,0,,0,,,1,,0,0,1,0,1,1,0,1
OLD-025,G_Harmony,OLD-025,0xec3e23e7a7782b1b2d77901c478823c701d912ea,,1,positive,1,1,3,3,0.6667,1.0,1,0,0,0,0,0,0,0,0,0
OLD-026,BACKGROUND,OLD-026,0x3aabdc1803f8af932f41f7cd60c4e3f2daeb5eb3,,0,unknown/background,1,0,,0,,,1,,0,0,1,0,1,1,0,1
OLD-027,G_Harmony,OLD-027,0x482f32c3e1a851a1dc08931e3087ac5a209f3342,,1,positive,1,1,3,3,0.6667,1.0,1,0,0,0,0,0,0,0,0,0
OLD-028,BACKGROUND,OLD-028,0x497df136e595dadd95e3c12b51016f9effd26814,,0,unknown/background,1,0,,0,,,0,,0,0,1,0,1,1,0,1
OLD-029,BACKGROUND,OLD-029,0x510d94465e889a2f1855cda2c1d9691624e4cfd2,,0,unknown/background,1,0,,0,,,1,,0,0,1,0,1,1,0,1
OLD-030,BACKGROUND,OLD-030,0xc6cb0fb3a9109859852f04bb931f8514f05c95d9,,0,unknown/background,1,1,1,,1.0,1.0,1,0,0,0,0,1,0,0,0,0
OLD-031,BACKGROUND,OLD-031,0x545430b264022ad5d2e4486b597d9dd8c958ad68,,0,unknown/background,1,0,,0,,,0,,0,0,1,0,1,1,0,1
OLD-032,BACKGROUND,OLD-032,0xbff019ce8090425f57ee927013eb8216cdd5d78c,,0,unknown/background,1,0,,0,,,0,,0,0,1,0,1,1,0,1
OLD-033,G_Harmony,OLD-033,0xe71d5fa89d1086d5c3b0ab03eeee2483d2d5ca97,,1,positive,1,1,3,3,0.6667,1.0,1,0,0,0,0,0,0,0,0,0
OLD-034,BACKGROUND,OLD-034,0x06ac16ff8caa7c7a4d66f506a4c74d4da9e8569e,,0,unknown/background,0,0,0,0,0,0,0,0,0,0,0,0,0,0,0,0
OLD-035,BACKGROUND,OLD-035,0xa225d949174d30461c84553ac3c84d213d2d293f,,0,unknown/background,1,1,1,165,1.0,0.0,0,0,0,0,0,0,0,0,0,0
OLD-036,BACKGROUND,OLD-036,0x74e239f0d60a1c16209589514e0e8e47887467fb,,0,unknown/background,1,0,,0,,,0,,0,0,1,0,1,1,0,1
OLD-037,BACKGROUND,OLD-037,0xee3f263b84c1531069238df608436e5baae3e743,,0,unknown/background,1,1,1,,0.5,1.0,1,0,0,0,0,1,0,0,0,0
OLD-038,G_Harmony,OLD-038,0x569c6530a8fdbcf8a9967795bed367f785e32d07,,1,positive,1,1,3,4,0.6667,1.0,1,0,0,0,0,0,0,0,0,0
OLD-039,BACKGROUND,OLD-039,0xcae28f9b0baffd335df032ba714a97a71eefc5d6,,0,unknown/background,1,1,1,1,1.0,1.0,1,0,0,0,0,0,0,0,0,0
OLD-040,BACKGROUND,OLD-040,0x18f516dd6d5f46b2875fd822b994081274be2a8b,,0,unknown/background,1,0,,0,,,0,,0,0,1,0,1,1,0,1
OLD-041,BACKGROUND,OLD-041,0x111111200ed2055b2a87b3d86e5a386d59ffd05c,,0,unknown/background,1,1,2,,0.5,1.0,1,0,0,0,0,1,0,0,0,0
OLD-042,BACKGROUND,OLD-042,0x718fdf375e1930ba386852e35f5bafc31df3ae66,,0,unknown/background,1,0,,0,,,1,,0,0,1,0,1,1,0,1
OLD-043,BACKGROUND,OLD-043,0x5f4e4f11b09f417e24ebdf55d70e7d03fcff1617,,0,unknown/background,1,0,,0,,,0,,0,0,1,0,1,1,0,1
OLD-044,G_Harmony,OLD-044,0x4fd7d95f721dac5b01daf306fa686b1f8c4dd66a,,1,positive,1,1,3,4,0.6667,1.0,1,0,0,0,0,0,0,0,0,0
OLD-045,BACKGROUND,OLD-045,0x5ebefd88efcf23f2ae87ccc82ee3c7d0685e66ef,,0,unknown/background,1,0,,0,,,1,,0,0,1,0,1,1,0,1
OLD-046,G_Harmony,OLD-046,0x8bab0b7962fb7537e7766175f211d8e4f7afa834,,1,positive,1,1,3,5,0.6667,1.0,1,0,0,0,0,0,0,0,0,0
OLD-047,BACKGROUND,OLD-047,0xac60913f8e9821e9006507b05e1956f5a82749c1,,0,unknown/background,1,0,,0,,,1,,0,0,1,0,1,1,0,1
OLD-048,BACKGROUND,OLD-048,0x656380ec85af8d4fe6b3c4ba480b8ffe6b786f2f,,0,unknown/background,1,0,2,0,0.5,0.5,1,0,0,0,0,0,0,0,0,0
OLD-049,BACKGROUND,OLD-049,0x340874a6ecd49d9bd311241e01ee34de365f28fd,,0,unknown/background,1,0,2,0,0.5,0.5,0,0,0,0,0,0,0,0,0,0
OLD-050,BACKGROUND,OLD-050,0x86738d21db9a2ccc9747b2e374fd1a500f6eeb50,,0,unknown/background,1,1,2,2,0.6667,0.6667,0,0,0,0,0,0,0,0,0,0
OLD-051,BACKGROUND,OLD-051,0x044802e6b0bfb7efbde206fb7419da5c8dc2472f,,0,unknown/background,1,1,1,1,1.0,0.0,0,0,0,0,0,0,0,0,0,0
OLD-052,BACKGROUND,OLD-052,0x2bbe88192c74c1fc8498909cda0f87a8c12a2a65,,0,unknown/background,1,0,,0,,,0,,0,0,1,0,1,1,0,1
OLD-053,BACKGROUND,OLD-053,0xf99240d814ab87f59defcf7e78b41b5a165ebb7a,,0,unknown/background,1,0,,0,,,0,,0,0,1,0,1,1,0,1
OLD-054,G_Harmony,OLD-054,0xb231759890157ca3bd7d664b9795796660374752,,1,positive,1,1,2,5,0.5,0.5,1,0,0,0,0,0,0,0,0,0
OLD-055,BACKGROUND,OLD-055,0xfa02917ddb9c4a14a64bea486f3cb5bf55780d66,,0,unknown/background,1,0,,0,,,0,,0,0,1,0,1,1,0,1
OLD-056,G_Harmony,OLD-056,0x868a66bb9f016ab88f4a86d2eb9da299c82d3bff,,1,positive,1,1,2,5,0.5,0.5,0,0,0,0,0,0,0,0,0,0
OLD-057,BACKGROUND,OLD-057,0x39faf10c20b2cfde5066d69ff67f870d3ad0bffd,,0,unknown/background,0,0,0,0,0,0,0,0,0,0,0,0,0,0,0,0
OLD-058,BACKGROUND,OLD-058,0x0acaca8078fcbaaa65ab81fa5bc1cac299d00bc4,,0,unknown/background,0,0,0,0,0,0,0,0,0,0,0,0,0,0,0,0
OLD-059,BACKGROUND,OLD-059,0x52beed3bf9e01b57590ecb4dee1ed50be9d9e0ed,,0,unknown/background,1,1,1,,1.0,1.0,1,0,0,0,0,1,0,0,0,0
OLD-060,BACKGROUND,OLD-060,0x88e3ccb44681fbed5a375602b9e564e5b20836bf,,0,unknown/background,1,0,,0,,,0,,0,0,1,0,1,1,0,1
OLD-061,BACKGROUND,OLD-061,0xcbb0b54a7d6099f3918dda143fe5cdc8b851b308,,0,unknown/background,1,0,,0,,,0,,0,0,1,0,1,1,0,1
OLD-062,BACKGROUND,OLD-062,0x8f475b04e7c48fa8e66e45e52b01f2783c90adc5,,0,unknown/background,1,0,1,0,1.0,0.0,0,0,0,0,0,0,0,0,0,0
OLD-063,BACKGROUND,OLD-063,0xdf83eac89805655a934f70aecbd06053f1981647,,0,unknown/background,1,1,11,,0.0909,0.4545,0,0,0,0,0,1,0,0,0,0
OLD-064,BACKGROUND,OLD-064,0xc69dfd78963d19aa18f6764577827e63aa76d240,,0,unknown/background,1,1,1,24,1.0,0.0,0,0,0,0,0,0,0,0,0,0
OLD-065,G_Beanstalk,OLD-065,0x1c5dcdd006ea78a7e4783f9e6021c32935a10fb4,,1,positive,1,0,,0,,,0,,0,0,1,0,1,1,0,1
OLD-066,BACKGROUND,OLD-066,0x5544ab1c898f7bebc9ffdd3934af3a542cc9a824,,0,unknown/background,0,0,0,0,0,0,0,0,0,0,0,0,0,0,0,0
OLD-067,BACKGROUND,OLD-067,0x924cd613428f170e34491b86e7f8b3560efcfe16,,0,unknown/background,1,0,,0,,,1,,0,0,1,0,1,1,0,1
OLD-068,BACKGROUND,OLD-068,0xa8c8dfe2905d0820b33e5736e820f03daa9cdf9f,,0,unknown/background,1,0,1,0,1.0,1.0,1,0,0,0,0,0,0,0,0,0
OLD-069,BACKGROUND,OLD-069,0xf989cb2dd64946b3a5f1cdf608839ceb0ecad521,,0,unknown/background,1,1,1,1,1.0,1.0,1,0,0,0,0,0,0,0,0,0
OLD-070,BACKGROUND,OLD-070,0xa03cde1588786bd558b317cea69f548988a84a01,,0,unknown/background,1,0,,0,,,0,,0,0,1,0,1,1,0,1
OLD-071,BACKGROUND,OLD-071,0x381bb2cf1470081381a84ff22cdcb5261083db29,,0,unknown/background,1,1,2,,0.5,0.5,0,0,0,0,0,1,0,0,0,0
OLD-072,BACKGROUND,OLD-072,0x6badc96db44799d3baaef1a9b093ee79c7964619,,0,unknown/background,1,0,,0,,,0,,0,0,1,0,1,1,0,1
OLD-073,BACKGROUND,OLD-073,0x8dc3e15024f1a9b8e8c7ae605453951a89a2046d,,0,unknown/background,1,0,,0,,,1,,0,0,1,0,1,1,0,1
OLD-074,BACKGROUND,OLD-074,0x52d54fc0284c37cf51bfe5dad1bd2aead58a2055,,0,unknown/background,1,0,,0,,,0,,0,0,1,0,1,1,0,1
OLD-075,BACKGROUND,OLD-075,0x853a76942ffc0667850e3dd181efc59ca65b98be,,0,unknown/background,1,0,1,0,1.0,0.0,0,0,0,0,0,0,0,0,0,0
OLD-076,BACKGROUND,OLD-076,0x0e3ad5ba2666893b23a0066b6c817fb56cc5c6f9,,0,unknown/background,0,0,0,0,0,0,0,0,0,0,0,0,0,0,0,0
OLD-077,BACKGROUND,OLD-077,0x518eb5017f234909be5f9b226941d3b3f2affeed,,0,unknown/background,1,0,,0,,,0,,0,0,1,0,1,1,0,1
OLD-078,BACKGROUND,OLD-078,0xfd9b551e155847916cd86d1c4197dd1309c3fb36,,0,unknown/background,1,0,,0,,,0,,0,0,1,0,1,1,0,1
OLD-079,BACKGROUND,OLD-079,0x2e5547e7a74e8bc22a878828f0016ef7cb8dfdbc,,0,unknown/background,1,1,2,1,0.5,0.5,0,0,0,0,0,0,0,0,0,0
OLD-080,BACKGROUND,OLD-080,0x1d8945f561035b744f0ab52d2d8b2c5ffc5b5f82,,0,unknown/background,1,1,1,22,1.0,0.0,0,0,0,0,0,0,0,0,0,0
OLD-081,BACKGROUND,OLD-081,0xdb886bf718fbf354eb4202b03ad13b1cafb01276,,0,unknown/background,1,0,,0,,,0,,0,0,1,0,1,1,0,1
OLD-082,BACKGROUND,OLD-082,0x8e2d1f71965939e21aa24752730747bdb10bba35,,0,unknown/background,1,1,3,,0.1429,0.8571,1,0,0,0,0,1,0,0,0,0
OLD-083,BACKGROUND,OLD-083,0x0affe83c1345bbdbf6847d47c2c6f3ef756418ff,,0,unknown/background,1,0,,0,,,0,,0,0,1,0,1,1,0,1
OLD-084,BACKGROUND,OLD-084,0x0e3f5ae2dc180fef81cf18ba705c9d27e0ff9d3a,,0,unknown/background,0,0,0,0,0,0,0,0,0,0,0,0,0,0,0,0
OLD-085,BACKGROUND,OLD-085,0x95d017600d73ed51db25d5da7ccd0e1452b01965,,0,unknown/background,1,0,2,0,1.0,1.0,1,0,0,0,0,0,0,0,0,0
OLD-086,BACKGROUND,OLD-086,0x06ac16ff8caa7c7a4d66f506a4c74d4da9e8569e,,0,unknown/background,0,0,0,0,0,0,0,0,0,0,0,0,0,0,0,0
OLD-087,BACKGROUND,OLD-087,0x6510438a7e273e71300892c6faf946ab3b04cbcb,,0,unknown/background,1,0,,0,,,0,,0,0,1,0,1,1,0,1
OLD-088,BACKGROUND,OLD-088,0xfd0f961090243b642626bff0ab548a1412b95c41,,0,unknown/background,1,1,2,,0.5,0.5,0,0,0,0,0,1,0,0,0,0
OLD-089,BACKGROUND,OLD-089,0x4cea8b2c6c9fc3b01dde17824946a662b91c34f7,,0,unknown/background,1,0,,0,,,0,,0,0,1,0,1,1,0,1
OLD-090,BACKGROUND,OLD-090,0x5140c2e3be04d48e9b7c5fdf016bbea6a88b2b65,,0,unknown/background,0,0,0,0,0,0,0,0,0,0,0,0,0,0,0,0
OLD-091,BACKGROUND,OLD-091,0xb53c7b5c6e8204f8b61f4cb91632d6287f1b757c,,0,unknown/background,1,0,,0,,,0,,0,0,1,0,1,1,0,1
OLD-092,BACKGROUND,OLD-092,0x148efcc4f502effcdf44153d85fa2f98ed857546,,0,unknown/background,1,1,1,,1.0,1.0,1,0,0,0,0,1,0,0,0,0
OLD-093,BACKGROUND,OLD-093,0x1ed7f72a25c45df4dc5b9a53af8ad5269a827862,,0,unknown/background,0,0,0,0,0,0,0,0,0,0,0,0,0,0,0,0
OLD-094,BACKGROUND,OLD-094,0xb0deb3d887503eb09a55059b2ed25821d7e7ffd9,,0,unknown/background,1,0,,0,,,0,,0,0,1,0,1,1,0,1
OLD-095,BACKGROUND,OLD-095,0x08c0299ca33d1f225c20a6ebe5ba8ff20c14a042,,0,unknown/background,1,0,,0,,,1,,0,0,1,0,1,1,0,1
OLD-096,BACKGROUND,OLD-096,0x683181dea7a6c1e49dca8be97d7fc763e8f0d1ad,,0,unknown/background,1,1,1,,1.0,1.0,1,0,0,0,0,1,0,0,0,0
OLD-097,BACKGROUND,OLD-097,0xe0d2118528d15f35d8a46c983a9a551d71492a9c,,0,unknown/background,1,0,,0,,,0,,0,0,1,0,1,1,0,1
OLD-098,BACKGROUND,OLD-098,0x95481cf82d259eab2adfce5e395f31daa31419ac,,0,unknown/background,1,1,128,5,0.0311,0.4099,0,0,0,0,0,0,0,0,0,0
OLD-099,BACKGROUND,OLD-099,0xe9ab2525747d5b48d665d738808d1ced8f439b49,,0,unknown/background,1,0,,0,,,0,,0,0,1,0,1,1,0,1
OLD-100,BACKGROUND,OLD-100,0x6efa11896305cf5e6aee84ff13ce616801525304,,0,unknown/background,0,0,0,0,0,0,0,0,0,0,0,0,0,0,0,0
OLD-101,BACKGROUND,OLD-101,0x56dfa60f02c68b50bb5bee14dd5d551837e937ce,,0,unknown/background,1,1,1,1,1.0,0.0,0,0,0,0,0,0,0,0,0,0
OLD-102,BACKGROUND,OLD-102,0xfbbb612839ca39d88c3af126367d2f73c538b547,,0,unknown/background,1,0,1,0,1.0,0.0,0,0,0,0,0,0,0,0,0,0
OLD-103,BACKGROUND,OLD-103,0x3b2f30c517538f2dac80e532878eede20db1aa1a,,0,unknown/background,0,0,0,0,0,0,0,0,0,0,0,0,0,0,0,0
OLD-104,BACKGROUND,OLD-104,0x042a9adcfd421df96dd5347d88f0e710edf6c4f2,,0,unknown/background,1,0,,0,,,1,,0,0,1,0,1,1,0,1
OLD-105,BACKGROUND,OLD-105,0xec0f41378d58f42552eeb6293105e0ce0c1de0ba,,0,unknown/background,1,0,,0,,,0,,0,0,1,0,1,1,0,1
OLD-106,BACKGROUND,OLD-106,0xa29332b560103d52f758b978e0661420a9d40cb5,,0,unknown/background,1,0,,0,,,1,,0,0,1,0,1,1,0,1
OLD-107,BACKGROUND,OLD-107,0x6658c603af1269b3837c55dd6c18617c3f0e45c2,,0,unknown/background,1,0,,0,,,0,,0,0,1,0,1,1,0,1
OLD-108,BACKGROUND,OLD-108,0x722ca4ff7963d6a69274d757c5d28429034ff217,,0,unknown/background,1,0,,0,,,0,,0,0,1,0,1,1,0,1
OLD-109,BACKGROUND,OLD-109,0x20e85118f45e08a2ddb9540ca30e703eee150299,,0,unknown/background,1,0,,0,,,1,,0,0,1,0,1,1,0,1
OLD-110,BACKGROUND,OLD-110,0x831dc70f77085de7d5e93c0941e6ef9a0e8ad5d1,,0,unknown/background,1,0,,0,,,0,,0,0,1,0,1,1,0,1
OLD-111,BACKGROUND,OLD-111,0x7a7ebe060943650c64c5a25311bb3f89cb31c384,,0,unknown/background,1,0,,0,,,0,,0,0,1,0,1,1,0,1
OLD-112,BACKGROUND,OLD-112,0xed52ef592af955be92b34055a45ca840850b2445,,0,unknown/background,1,0,,0,,,0,,0,0,1,0,1,1,0,1
OLD-113,BACKGROUND,OLD-113,0xff6bcc06ea7ffcadca0a4b958b819e1b60738aab,,0,unknown/background,1,1,75,50,0.0729,0.3021,0,0,0,0,0,0,0,0,0,0
OLD-114,BACKGROUND,OLD-114,0xd1fb7fd388eaf466a7783f924051b9a556ac1ba0,,0,unknown/background,1,0,,0,,,0,,0,0,1,0,1,1,0,1
OLD-115,BACKGROUND,OLD-115,0xce981cbe97b789e427115ec273dd048389617f77,,0,unknown/background,1,0,,0,,,0,,0,0,1,0,1,1,0,1
OLD-116,BACKGROUND,OLD-116,0x651f3e51ff8201bf15db8357b3db5997066b75cc,,0,unknown/background,1,1,1,7,1.0,0.0,0,0,0,0,0,0,0,0,0,0
OLD-117,BACKGROUND,OLD-117,0x453f3099322081f863abcc71863551e0f9feaff1,,0,unknown/background,1,0,,0,,,1,,0,0,1,0,1,1,0,1
OLD-118,BACKGROUND,OLD-118,0x8fa7b50fc8306ab3de028254df72bf08216742b6,,0,unknown/background,1,1,1,3,1.0,0.0,0,0,0,0,0,0,0,0,0,0
OLD-119,BACKGROUND,OLD-119,0xa924f424f8808b2f04b6b481f7448642295e2646,,0,unknown/background,1,0,,0,,,0,,0,0,1,0,1,1,0,1
OLD-120,BACKGROUND,OLD-120,0x4693e3037240757db201e3eaf9250e1dd718e781,,0,unknown/background,1,1,1,,1.0,0.0,0,0,0,0,0,1,0,0,0,0
OLD-121,BACKGROUND,OLD-121,0x98eb2494f43f4e17d116a1627522cf56d6c65532,,0,unknown/background,1,0,,0,,,1,,0,0,1,0,1,1,0,1
OLD-122,BACKGROUND,OLD-122,0xb964b42271c4cb6260d7fb05f4706fcab2b4d60e,,0,unknown/background,1,0,,0,,,0,,0,0,1,0,1,1,0,1
OLD-123,BACKGROUND,OLD-123,0x2e986c466a3bbf2b4c17719e8b99f22f4c0059aa,,0,unknown/background,1,1,62,17,0.0488,0.4512,0,0,0,0,0,0,0,0,0,0
OLD-124,BACKGROUND,OLD-124,0x28f080edf51145c3f511415b8c2afaebb605a70b,,0,unknown/background,1,1,2,3,0.5,0.0,0,0,0,0,0,0,0,0,0,0
OLD-125,BACKGROUND,OLD-125,0xf1741c6f2e4b66a700e751a1603ffa2c71b8f26b,,0,unknown/background,0,0,0,0,0,0,0,0,0,0,0,0,0,0,0,0
OLD-126,BACKGROUND,OLD-126,0x7667f5af44fea82268d79574f108687326442fb9,,0,unknown/background,1,0,,0,,,0,,0,0,1,0,1,1,0,1
OLD-127,BACKGROUND,OLD-127,0x0b849e501f1195c27f1a3e2e95f9814ae04c1a51,,0,unknown/background,1,0,,0,,,0,,0,0,1,0,1,1,0,1
OLD-128,BACKGROUND,OLD-128,0x04ca6b107a9000a7c0cc0edca3cf06d6ac4b3385,,0,unknown/background,1,1,1,,0.5,0.0,0,0,0,0,0,1,0,0,0,0
OLD-129,BACKGROUND,OLD-129,0x552c9b5a12fd57e98fa0802da7a5acbfeb7bbaf7,,0,unknown/background,1,1,2,,0.5,0.5,1,0,0,0,0,1,0,0,0,0
OLD-130,BACKGROUND,OLD-130,0x26b4992f25bf1ed61cea5a25b97642a056092a26,,0,unknown/background,1,0,3,0,0.3333,0.6667,0,0,0,0,0,0,0,0,0,0
OLD-131,BACKGROUND,OLD-131,0xa68b24ac3e5eeb248f61e6f671d774de78dafee7,,0,unknown/background,1,1,1,20,1.0,0.0,0,0,0,0,0,0,0,0,0,0
OLD-132,BACKGROUND,OLD-132,0x17c1103846078ed091cdbabdec5933c1af0dee6a,,0,unknown/background,1,0,,0,,,0,,0,0,1,0,1,1,0,1
OLD-133,BACKGROUND,OLD-133,0xf60b2932d654a68bd0c70755a686842f330475d6,,0,unknown/background,1,0,,0,,,0,,0,0,1,0,1,1,0,1
OLD-134,BACKGROUND,OLD-134,0xc423172d9a6280d34a62d239fd956d8f9e154be3,,0,unknown/background,1,1,4,16,0.25,0.0,0,0,0,0,0,0,0,0,0,0
OLD-135,BACKGROUND,OLD-135,0xa1cebd45c0c7652f7552976a570d1840ab3385b6,,0,unknown/background,1,1,4,16,0.25,0.0,0,0,0,0,0,0,0,0,0,0
OLD-136,BACKGROUND,OLD-136,0xb3912bc4465587d48bb0140b10d46f8bf3130b42,,0,unknown/background,1,1,4,16,0.25,0.0,0,0,0,0,0,0,0,0,0,0
OLD-137,BACKGROUND,OLD-137,0x8b2c27c389da004f6a570b98d00fb79aaf9c5a9b,,0,unknown/background,1,1,4,16,0.25,0.0,0,0,0,0,0,0,0,0,0,0
OLD-138,BACKGROUND,OLD-138,0xd4397c01cd65d54020085a7b03cee49c51ea4949,,0,unknown/background,0,0,0,0,0,0,0,0,0,0,0,0,0,0,0,0
OLD-139,G_Audius,OLD-139,0xa0c7bd318d69424603cbf91e9969870f21b8ab4c,,1,positive,1,0,,0,,,0,,0,0,1,0,1,1,0,1
OLD-140,BACKGROUND,OLD-140,0xca88a1e8e2a3984c1d3ad8fa9a9a0ea235ab2391,,0,unknown/background,0,0,0,0,0,0,0,0,0,0,0,0,0,0,0,0
OLD-141,BACKGROUND,OLD-141,0xa624ffd7f011b20a9df51c6d2dddb51c52a20e75,,0,unknown/background,0,0,0,0,0,0,0,0,0,0,0,0,0,0,0,0
OLD-142,BACKGROUND,OLD-142,0xc8c48ea272210cc893db6be0cf213ee9a838a054,,0,unknown/background,0,0,0,0,0,0,0,0,0,0,0,0,0,0,0,0
OLD-143,BACKGROUND,OLD-143,0x83fac3f9b9f77db25ca300c6ed2d34cff8ffd1ab,,0,unknown/background,1,0,,0,,,0,,0,0,1,0,1,1,0,1
OLD-144,BACKGROUND,OLD-144,0xd01fa96619f9e220dc69afcd1ab94a49c0a28e52,,0,unknown/background,1,0,,0,,,0,,0,0,1,0,1,1,0,1
OLD-145,BACKGROUND,OLD-145,0x617f81dc84773050d95f6b7bee920f5deb6c5e6b,,0,unknown/background,1,0,,0,,,0,,0,0,1,0,1,1,0,1
OLD-146,BACKGROUND,OLD-146,0xb1b1d6ae2eeac948540e6a7fa1bc1f7eab784537,,0,unknown/background,1,1,22,1,0.087,0.4348,0,0,0,0,0,0,0,0,0,0
OLD-147,BACKGROUND,OLD-147,0x923ff4a38a6b370d7e846e200e27f0eea58888e7,,0,unknown/background,0,0,0,0,0,0,0,0,0,0,0,0,0,0,0,0
OLD-148,BACKGROUND,OLD-148,0x659824094674e29fa28c47c4a2fa647f01f60d75,,0,unknown/background,1,0,,0,,,0,,0,0,1,0,1,1,0,1
OLD-149,BACKGROUND,OLD-149,0xd4c0491b495954fd37faa4822e3e0bed61ff8d29,,0,unknown/background,1,0,,0,,,0,,0,0,1,0,1,1,0,1
OLD-150,BACKGROUND,OLD-150,0xfef6ebcaa9535d6e94403bb5da31125319613797,,0,unknown/background,1,0,,0,,,0,,0,0,1,0,1,1,0,1
OLD-151,BACKGROUND,OLD-151,0x8feda5b5081a9e7d872d0e0f324033ed3a199339,,0,unknown/background,1,0,,0,,,1,,0,0,1,0,1,1,0,1
OLD-152,G_Monkey,OLD-152,0xc2c05f11f6e4dfba016982811ab12c361e63f466,,1,positive,1,0,,0,,,0,,0,0,1,0,1,1,0,1
OLD-153,BACKGROUND,OLD-153,0x0000000a5aab7e0b99e8b30028d790de05da0f09,,0,unknown/background,0,0,0,0,0,0,0,0,0,0,0,0,0,0,0,0
OLD-154,BACKGROUND,OLD-154,0xa2b755299c1312cc3860e36cf619cfce2958537b,,0,unknown/background,1,0,1,0,1.0,0.0,0,0,0,0,0,0,0,0,0,0
OLD-155,BACKGROUND,OLD-155,0x945c8226540283dbf00f497aeb5342390480b517,,0,unknown/background,1,1,1,,1.0,0.0,0,0,0,0,0,1,0,0,0,0
CONV-0x03560a,G_Convergence,CONV,0x03560a9d7a2c391fb1a087c33650037ae30de3aa,,1,positive,1,0,,0,,,0,,0,0,1,0,1,1,0,1
NEW-Q02,G_DHL_Q02_eflevervault,DHL_Q02_eflevervault_E1,0xdf31f4c8dc9548eb4c416af26dc396a25fde4d5f,2022-10-14T12:55:35Z,1,positive,1,0,,,,,0,,0,0,1,1,1,1,0,1
NEW-Q06,G_DHL_Q06_rabbywallet_swaprouter,DHL_Q06_rabbywallet_swaprouter_E1,0xb687550842a24d7fbc6aad238fd7e0687ed59d55,2022-10-11T14:23:35Z,1,positive,1,0,,,,,0,,0,0,1,1,1,1,0,1
NEW-Q08,G_DHL_Q08_tecraspace,DHL_Q08_tecraspace_E1,0xb19b7f59c08ea447f82b587c058ecbf5fde9c299,2022-03-18T05:38:55Z,1,positive,,,,,,,,,1,1,1,1,1,1,1,1
NEW-Q09,G_DHL_Q09_umbrella,DHL_Q09_umbrella_E1,0x1751e3e1aaf1a3e7b973c889b7531f43fc59f7d0,2022-03-20T07:57:39Z,1,positive,1,0,,,,,0,,0,0,1,1,1,1,0,1
NEW-Q11,G_DHL_Q11_judao,DHL_Q11_judao_E1,0x5384b34c74024d6563b323351a4bbfa18432161b,2026-04-30T06:03:59Z,1,positive,1,1,,,,,0,,0,0,1,1,1,1,0,1
NEW-Q12,G_DHL_Q12_nblgame,DHL_Q12_nblgame_E1,0x1fd0a6a5e232eeba8020a40535ad07013ec4ef12,2024-02-13T08:13:35Z,1,positive,,,,,,,,,1,1,1,1,1,1,1,1
NEW-Q17,G_DHL_Q17_whalebitoraclemanipulation,DHL_Q17_whalebitoraclemanipulation_E1,0xe66b37de57b65691b9f4ac48de2c2b7be53c5c6f,2026-04-05T20:09:59Z,1,positive,1,1,,,,,0,,0,0,1,1,1,1,0,1
NEW-Q18,G_DHL_Q18_bmizapper,DHL_Q18_bmizapper_E1,0x63136677355840f26c0695dd6de5c9e4f514f8e8,2024-01-20T11:52:23Z,1,positive,1,1,,,,,0,,0,0,1,1,1,1,0,1
NEW-Q21,G_DHL_Q21_astrid,DHL_Q21_astrid_E1,0x792ec27874e1f614e757a1ae49d00ef5b2c73959,2023-11-01T15:56:59Z,1,positive,,,,,,,,,1,1,1,1,1,1,1,1
NEW-Q24,G_DHL_Q24_xbridge,DHL_Q24_xbridge_E1,0x0cfc28d16d07219249c6d6d6ae24e7132ee4caa7,2024-04-27T00:19:47Z,1,positive,1,1,,,,,0,,0,0,1,1,1,1,0,1
NEW-Q32,G_DHL_Q32_newfreedao,DHL_Q32_newfreedao_E1,0x22c9736d4fc73a8fa0eb436d2ce919f5849d6fd2,2022-09-09T10:08:18Z,1,positive,1,1,,,,,0,,0,0,1,1,1,1,0,1
NEW-Q34,G_DHL_Q34_firetoken,DHL_Q34_firetoken_E1,0x81f48a87ec44208c691f870b9d400d9c13111e2e,2024-10-01T13:15:47Z,1,positive,,,,,,,,,1,1,1,1,1,1,1,1
