family,variant,auroc,ci_low,ci_high,n_estimable_folds,delta_vs_canonical
baseline,"Canonical (7d / 2hop / 10 ETH, 17 crews)",0.8022,0.6709,0.9095,17,0.0
phi_parameter,Window 3d,0.7428,0.5926,0.8831,15,-0.0594
phi_parameter,Window 5d,0.766,0.6265,0.8869,16,-0.0362
phi_parameter,Depth 1 hop,0.4178,0.1525,0.6678,8,-0.3844
phi_parameter,Value floor 15 ETH,0.6863,0.5389,0.8299,14,-0.1159
phi_parameter,Value floor 20 ETH,0.6809,0.5246,0.8303,14,-0.1213
phi_parameter,Share floor 0.2V,0.3884,0.1823,0.5863,8,-0.4138
phi_parameter,Window 14 d,0.7851,0.6262,0.9173,13,-0.0171
phi_parameter,Depth 3 hops,0.7136,0.5491,0.8519,16,-0.0886
feature_ablation,− path timing,0.7856,0.6564,0.8976,17,-0.0166
feature_ablation,Geometry only,0.5785,0.4248,0.7324,17,-0.2237
feature_ablation,− source context,0.7257,0.5873,0.8408,17,-0.0765
feature_ablation,− all observability,0.7142,0.585,0.8288,17,-0.088
leave_one_crew_out,drop Audius,0.8079,0.6642,0.9264,16,0.0057
leave_one_crew_out,drop Beanstalk,0.8155,0.6983,0.9132,16,0.0133
leave_one_crew_out,drop Convergence,0.7596,0.6108,0.8853,16,-0.0426
leave_one_crew_out,drop N01,0.7631,0.6138,0.8914,16,-0.0391
leave_one_crew_out,drop N02,0.7918,0.6532,0.9112,16,-0.0104
leave_one_crew_out,drop N03,0.804,0.6625,0.9203,16,0.0018
leave_one_crew_out,drop N04,0.7305,0.5678,0.8816,16,-0.0717
leave_one_crew_out,drop N05,0.7461,0.6077,0.8681,16,-0.0561
leave_one_crew_out,drop N06,0.7877,0.646,0.9113,16,-0.0145
leave_one_crew_out,drop N07,0.7064,0.5396,0.8557,16,-0.0958
leave_one_crew_out,drop N08,0.7409,0.6013,0.8629,16,-0.0613
leave_one_crew_out,drop N09,0.779,0.6374,0.9105,16,-0.0232
leave_one_crew_out,drop N10,0.7513,0.6093,0.8729,16,-0.0509
leave_one_crew_out,drop N11,0.7499,0.6189,0.8761,16,-0.0523
leave_one_crew_out,drop N12,0.7964,0.6585,0.9153,16,-0.0058
leave_one_crew_out,drop Harmony,0.8519,0.7462,0.9394,16,0.0497
leave_one_crew_out,drop Monkey,0.7638,0.6184,0.8955,16,-0.0384
