event_id,crew,crew_type,is_illicit,deposit_address,deposit_time_utc,deposit_tx,held_out_fold
OLD-000,background,background,0,0x8612bbe7d53c9970c63389df209e5d2372fe8870,2022-06-27T02:13:26Z,0x00791bdb2c50d44e85696a50c0a2cd48b1e29ffdac771e85b7735df4796bb1dc,7
OLD-001,background,background,0,0x4000492bb9fdde20be1a4e4ef8a95282115bd5bd,2022-06-27T02:18:38Z,0x833d2106bfee742aa6bef43cf9a146aca6cf5f831a4659e211ca72e50b3ed8db,1
OLD-002,Harmony,known,1,0x432a9cb4353bed67ec5351734d4a44c0826847ae,2022-06-27T07:13:39Z,0x22734d506f77cc001547125ce73c79192afb6016ad9bfbcaf93085d1225ca59c,15
OLD-003,background,background,0,0x7a7ebe060943650c64c5a25311bb3f89cb31c384,2022-06-27T07:53:13Z,0x0bc2c4bb114367a0fadbea075ac0e48bbe89a655ab6f8ba22ad6a368ad0093b0,2
OLD-004,background,background,0,0xda981ae7d29e6c97da4d486dec90e41aa02454ef,2022-06-27T08:54:22Z,0x04c1559c6929da5f66d70d7a04672d7e760d9aaf080d5c69513305e786d362c3,12
OLD-005,background,background,0,0xca67615bb9a9cc093e13dee3de1ca55b55ab3586,2022-06-27T12:18:12Z,0x2d8d197f51d3eb13d746d527a43d90916015e64765ae0abb79cbed43ee754888,16
OLD-006,background,background,0,0x2c49e69f8fdd2d4cb9e8d0ef38d69414719d064e,2022-06-27T12:58:30Z,0xab283d6aa00e018a260cabb1c801e108e3df53a7bb945baacc3a3a3b12e59e94,6
OLD-007,Harmony,known,1,0x4507ac1bdf4ae5e61ffcec3a9aeda312e2505970,2022-06-27T14:04:41Z,0x85b629e00ec6a6935fcb8b900af66d955f23329ec4835e98a7692276a8ea38a0,15
OLD-008,background,background,0,0xd0edf8273bcdb6d65be3d31d0a32e4e9a6b78d00,2022-06-27T16:41:19Z,0x6b263d91bebfb57dd6f3dab945c8005535539890d5a8c821e05363451859737b,14
OLD-009,background,background,0,0x67725f943b3510f8689b0ccfcc7ab067bb9b0253,2022-06-27T16:58:36Z,0xff686ca942d07987ff1b386f54da1a8c1c97af849ecddfb7c0376fed68d3d109,15
OLD-010,background,background,0,0xf730a278a02f5bb43edd473125f7a76ad918e8dc,2022-06-27T18:33:35Z,0xf690328d5db8d73098e38aef5c7ad25124d34aecac9f78fdf89cd84642f07638,13
OLD-011,background,background,0,0xd757748fb8681684bdf89eca90373141c5350dcf,2022-06-27T20:26:57Z,0x1cefbb5617787ef72c327ab99eef938575dca194a72ced8593d6184828464d79,16
OLD-012,background,background,0,0x292056276f1ac00da4a2ce6cc65e21aacc577f76,2022-06-27T21:28:10Z,0xf4be0532065ccd690454ed92149ecc4ae8fb0fa8650f5aa1d1a58e7449792b27,16
OLD-013,Harmony,known,1,0x8a0858888beeb5d1435ecd3657831699f169c3f4,2022-06-27T21:30:55Z,0x1572c67ca55c36157f81d9e259b05439dc7721eeec8123a8f5673d6a46bd2a8f,15
OLD-014,background,background,0,0x05a7034af75e5ae0c59d979c401d756698d05809,2022-06-28T01:09:56Z,0x8195b7f7e2de0361d7044753b8665285dbd936836246252ee0312383d4a0b831,7
OLD-015,background,background,0,0x530defd6c816809f54f6cfa6fe873646f6ecf930,2022-06-28T02:46:55Z,0x65cc6df64120b453cd3e5d06a7f06f597dcdcf68fd8046962b7aa8f8aea66cd7,14
OLD-016,background,background,0,0xaa09cf58be0eaa070bc4b35ea42b4260e743bc9b,2022-06-28T04:38:55Z,0xf1b5250d829bbe10e6827552a76c85f66afa7d6b02a4afc1efd2da60215c17f6,5
OLD-017,Harmony,known,1,0x89f89d61644c6e606efb25a01210159f102fbd8b,2022-06-28T07:00:56Z,0xd7fe48bac1152deb5a6c617f575509a9889f7432d77851c3916a96ea292da92f,15
OLD-018,background,background,0,0xf319bc8f1526bfbb84b9a1e2d26b1388435fe8e5,2022-06-28T14:14:47Z,0x363e516314163f8f9565cbe84a85515bc4fb823d7b7b68719cccdf39060c16bf,5
OLD-019,Harmony,known,1,0x40efc580e5cb5701797a762990d9e690108dadfd,2022-06-28T14:33:43Z,0x952506a578217b7824554533c52ccee22530d33e6f42c85bf091fb60fc69f132,15
OLD-020,background,background,0,0xdcbee6f975ef71bfa7a6694c23851924a8f204b6,2022-06-29T01:42:04Z,0x6e99989cbd955008ad1c7677f799f15a8dbafbbdbf0e84aa260b14af7903cabd,14
OLD-021,Harmony,known,1,0x20dbccd46eef96a1b78383cf0d26bb575ec00201,2022-06-29T03:34:40Z,0xa37d48a0b66ce5d7c131df7787516d2944a9c8d7f18813fea5fdc4bec39dfefb,15
OLD-022,background,background,0,0x92f9a45bf93b6d332aff72752480c9cc605e0f36,2022-06-29T04:17:36Z,0xd8e1f7230d72370246a2f6f47d20a26c8f79804ccce1dde461fa5e3ef8c9d6ff,15
OLD-023,background,background,0,0x3933f978055206365a06dde40e9e2f0a999b2ba7,2022-06-29T04:26:19Z,0xbab86524b8352ddf89c15f8b5d9e1a7fa1b904e4e7b7cb053f50c025333990df,12
OLD-024,background,background,0,0x21030478a9ba233d9bcdaa1d431893920d38fdaf,2022-06-29T09:36:51Z,0xc3e1ea7e88e49dc1c92db44abcc1f893c219a6a54a13207aa95f4b6b58093c2a,0
OLD-025,Harmony,known,1,0xec3e23e7a7782b1b2d77901c478823c701d912ea,2022-06-29T17:43:25Z,0xce857337b495f17a5d220839905c990c9b9ec2ab6871ffaea48d54fa9120b7a8,15
OLD-026,background,background,0,0x3aabdc1803f8af932f41f7cd60c4e3f2daeb5eb3,2022-06-30T01:45:53Z,0xcab5d4ecdccc9d8767e024004a9b96d30de1cbbe253c79ace94d95576fa1b627,0
OLD-027,Harmony,known,1,0x482f32c3e1a851a1dc08931e3087ac5a209f3342,2022-06-30T06:33:19Z,0x400edfb353efe85c2a76e606ec1c923d036271d7447b817718377f55cf70106f,15
OLD-028,background,background,0,0x497df136e595dadd95e3c12b51016f9effd26814,2022-06-30T07:40:46Z,0x24785401b5eb33868f2929b242526082a3fcd7a6c870e62d0cc3f3aae496831b,5
OLD-029,background,background,0,0x510d94465e889a2f1855cda2c1d9691624e4cfd2,2022-06-30T10:19:33Z,0xaff91859673ae3b2ecc09bcbd02f9ed00af08434c32ed34897f4f3e3017360cc,2
OLD-030,background,background,0,0xc6cb0fb3a9109859852f04bb931f8514f05c95d9,2022-06-30T12:08:16Z,0xe2ab19f665811cd4f82313c4c245f1a8f48156bb0282759315444f5ea3fbd2bf,0
OLD-031,background,background,0,0x545430b264022ad5d2e4486b597d9dd8c958ad68,2022-06-30T12:20:02Z,0x1e5bdbe602bbe286a07695e3441fe93da9db8fdbc8a36c5e269211c5723d65a8,6
OLD-032,background,background,0,0xbff019ce8090425f57ee927013eb8216cdd5d78c,2022-06-30T12:30:42Z,0x3c3e77165178e051c80376517f9189e3324d6fc6ddbb4121c43726ea506fabb0,6
OLD-033,Harmony,known,1,0xe71d5fa89d1086d5c3b0ab03eeee2483d2d5ca97,2022-06-30T14:02:10Z,0xdfcfb4c4c5d8d54911d2758ec6fb662cf3567712ed6ee502d27f5bd9eb8b654e,15
OLD-034,background,background,0,0x06ac16ff8caa7c7a4d66f506a4c74d4da9e8569e,2022-06-30T15:44:32Z,0xdc90cb600f737f1299434729c7110997ccd4ae222f4ddcccef7f9d575ecda2de,3
OLD-035,background,background,0,0xa225d949174d30461c84553ac3c84d213d2d293f,2022-06-30T17:34:41Z,0xc3f0cb2d67e75f2f1c92d100909694a26c02c5cfd268fd64353e12e20fc81e08,1
OLD-036,background,background,0,0x74e239f0d60a1c16209589514e0e8e47887467fb,2022-06-30T20:39:59Z,0x8cb1a6cbe2a8774e5c717167d2da2ecfb3f06a52b3de70c19c2d2c36a3bac44e,6
OLD-037,background,background,0,0xee3f263b84c1531069238df608436e5baae3e743,2022-06-30T20:47:07Z,0xecca654e8251c70d21f2200c17d18a973f058deb523e352fa7270f7ac95bd905,11
OLD-038,Harmony,known,1,0x569c6530a8fdbcf8a9967795bed367f785e32d07,2022-07-01T01:15:17Z,0xcddfeebb39c9a4e7463fd5dea1f809a25ca96018c16d7dc05961d08a9282c36b,15
OLD-039,background,background,0,0xcae28f9b0baffd335df032ba714a97a71eefc5d6,2022-07-01T01:24:34Z,0xa6fd42e63f834c70ea4c8b15f191374c11d1a37140da19c79a582eeaf042feb5,7
OLD-040,background,background,0,0x18f516dd6d5f46b2875fd822b994081274be2a8b,2022-07-01T04:58:39Z,0x81d680f7491134e76e44de82f181887093ba98e628636295f0cbda6ca71a93fd,9
OLD-041,background,background,0,0x111111200ed2055b2a87b3d86e5a386d59ffd05c,2022-07-01T05:01:30Z,0xa95e1222368b83a7c35195be2182e3101b034d67ae8c43b948b5e90af165c5cd,1
OLD-042,background,background,0,0x718fdf375e1930ba386852e35f5bafc31df3ae66,2022-07-01T07:32:17Z,0xc3b75585b8cea76f90876292653dd327227d6faeb7730e4201dd3421b5f60660,5
OLD-043,background,background,0,0x5f4e4f11b09f417e24ebdf55d70e7d03fcff1617,2022-07-01T07:51:20Z,0x3993996f2a700b8e69e0a81ad0f9c6d089029296147293c3c7816fcdfd34c9e5,12
OLD-044,Harmony,known,1,0x4fd7d95f721dac5b01daf306fa686b1f8c4dd66a,2022-07-01T08:14:15Z,0xa73189e59ae60783bfc036ec26c5df03b7e19446fde4f2258b34c95972bd57cb,15
OLD-045,background,background,0,0x5ebefd88efcf23f2ae87ccc82ee3c7d0685e66ef,2022-07-01T14:25:25Z,0x34f4ba95a440fcbf9e9b5b30f2f4ae649115ab1d2b16e2177f4e66d96e1976f4,2
OLD-046,Harmony,known,1,0x8bab0b7962fb7537e7766175f211d8e4f7afa834,2022-07-01T16:01:18Z,0xd4b7124a8923e8d8e351e4ae40ac8bf623c4a3716c4b0918d2f512e26b77a357,15
OLD-047,background,background,0,0xac60913f8e9821e9006507b05e1956f5a82749c1,2022-07-01T16:18:42Z,0x789de9aea27a219b0c5d939e03a51d9dd100b571e7c09a75710ff256bcbcd15e,1
OLD-048,background,background,0,0x656380ec85af8d4fe6b3c4ba480b8ffe6b786f2f,2022-07-01T23:46:10Z,0x9368257dbb8e1922006e8fda55ff59ebb35bdb5e1481b907eb323ea4d0a333f5,3
OLD-049,background,background,0,0x340874a6ecd49d9bd311241e01ee34de365f28fd,2022-07-01T23:47:56Z,0x6cf17c25aa082512199c6563f533a3bc1db31fb838a5905abbdaa8c1d62b6100,9
OLD-050,background,background,0,0x86738d21db9a2ccc9747b2e374fd1a500f6eeb50,2022-07-01T23:56:05Z,0x5e446501f6eb0d4b5b6eddde647c0d0c00df95760e3f896dce7e72cb4dc3f816,4
OLD-051,background,background,0,0x044802e6b0bfb7efbde206fb7419da5c8dc2472f,2022-07-02T00:47:13Z,0xfd15667205faf60b9b7461c397c48506550827a5b0b07f3b17bcf11b394febdd,12
OLD-052,background,background,0,0x2bbe88192c74c1fc8498909cda0f87a8c12a2a65,2022-07-02T01:21:02Z,0x9116683ddcdef877d1129f08299e7be727576a5fab952e4a195c7cd08922c3e0,2
OLD-053,background,background,0,0xf99240d814ab87f59defcf7e78b41b5a165ebb7a,2022-07-02T03:44:31Z,0x59e2d5fd1a95a469c07957361c8dd90307605b11a5ac6ff1a0182d69da8530cf,1
OLD-054,Harmony,known,1,0xb231759890157ca3bd7d664b9795796660374752,2022-07-02T05:18:39Z,0x044738f3bb374753685ce11b6e75113eb14106c1a8174cc0e4597ab3509a003c,15
OLD-055,background,background,0,0xfa02917ddb9c4a14a64bea486f3cb5bf55780d66,2022-07-02T10:36:03Z,0x69a7737ccc48b0fdb6a429c4075dc282c361412b1ce64afb23e5a65b2d747ee4,6
OLD-056,Harmony,known,1,0x868a66bb9f016ab88f4a86d2eb9da299c82d3bff,2022-07-02T11:43:07Z,0x0386cec0568508cfd39ab327fe93a36bc23d7aa1e5f8671e43127e60c8ccfb64,15
OLD-057,background,background,0,0x39faf10c20b2cfde5066d69ff67f870d3ad0bffd,2022-07-02T13:24:11Z,0xa07ca0d5259dbb230ab4ab8d79c4af25bc380cfcb2c9d9f0181acdebbba577eb,14
OLD-058,background,background,0,0x0acaca8078fcbaaa65ab81fa5bc1cac299d00bc4,2022-07-02T13:50:56Z,0xa369aef4b9dce3e2439f9c79c6c04e1bce6d33dc607a18f775382add5f8aca38,8
OLD-059,background,background,0,0x52beed3bf9e01b57590ecb4dee1ed50be9d9e0ed,2022-07-02T17:09:03Z,0x1d3bc4570eec72e1fda483fbe0d5418c5a78a7eca350f32d38c98a58dd77f559,5
OLD-060,background,background,0,0x88e3ccb44681fbed5a375602b9e564e5b20836bf,2022-07-02T19:19:45Z,0x001141e37c8c997f1c431c17ae520d09156bada115f5f53f3dd2dc1e1dcd7bbe,9
OLD-061,background,background,0,0xcbb0b54a7d6099f3918dda143fe5cdc8b851b308,2022-07-03T09:08:39Z,0x1c83119af91fd9315a1900653e8589140c33bdaca1ce7544ad0c7d58741554f6,5
OLD-062,background,background,0,0x8f475b04e7c48fa8e66e45e52b01f2783c90adc5,2022-07-03T19:18:16Z,0x7a9561ea8a4b6347625955159a7911cc428fb186596389874801baf6a50c3019,7
OLD-063,background,background,0,0xdf83eac89805655a934f70aecbd06053f1981647,2022-04-17T10:32:52Z,0x0646ba4740c31abd4736f1a1210c7161c98a7cdcfe70dd9a5082e6b3ea2c075e,16
OLD-064,background,background,0,0xc69dfd78963d19aa18f6764577827e63aa76d240,2022-04-17T12:08:03Z,0x88a33e8d9752b6ed4f2fce434ef6e78f9d2875f843168127a4315240ebf08b94,3
OLD-065,Beanstalk,known,1,0x1c5dcdd006ea78a7e4783f9e6021c32935a10fb4,2022-04-17T12:32:49Z,0xd19aa91b3928de0025049b3859709ca5a6fb3955ef58734cf6527c61b8a4253b,1
OLD-066,background,background,0,0x5544ab1c898f7bebc9ffdd3934af3a542cc9a824,2022-04-17T12:48:13Z,0x354d322f6c658fe9491a7086b957b70cb7eeb967631d1422f0e5f6394dd15b2f,1
OLD-067,background,background,0,0x924cd613428f170e34491b86e7f8b3560efcfe16,2022-04-17T13:54:01Z,0x1cfe6cec7655053b9f5a6f4015ce9181f290f6144ee9058c5309c6fbde3ae484,2
OLD-068,background,background,0,0xa8c8dfe2905d0820b33e5736e820f03daa9cdf9f,2022-04-17T14:25:24Z,0xb7a03ac493b8c382a7439696c69fe486e21224867efb5e7672d8e194f7607308,13
OLD-069,background,background,0,0xf989cb2dd64946b3a5f1cdf608839ceb0ecad521,2022-04-17T15:29:23Z,0x5dc17f6cade8d078d41d843d321b1f67604c88eab254516563dec5587710962d,15
OLD-070,background,background,0,0xa03cde1588786bd558b317cea69f548988a84a01,2022-04-17T16:11:46Z,0x4e582602d64f03296fb9cac813fcd2cdf1dad7ebe51b0a88603ebdcd1ba28efa,4
OLD-071,background,background,0,0x381bb2cf1470081381a84ff22cdcb5261083db29,2022-04-17T23:57:24Z,0xda339f59cc96fd0f163945a348a6da961bb1a6e1e13d97752a01193385a1a0a2,0
OLD-072,background,background,0,0x6badc96db44799d3baaef1a9b093ee79c7964619,2022-04-18T01:02:34Z,0x8cecb1e3fb61ebb84e5a995f83fa7463f40742fdb705d641f305870b1425e2b1,10
OLD-073,background,background,0,0x8dc3e15024f1a9b8e8c7ae605453951a89a2046d,2022-04-18T01:15:09Z,0x3348966f0e5c98ab99387e986f40966ea1a135343fb55144855db9da6f75e6fd,1
OLD-074,background,background,0,0x52d54fc0284c37cf51bfe5dad1bd2aead58a2055,2022-04-18T03:50:44Z,0x3b3e5f6f107bf638125d89753879d568144564242b7b6b5e6f1d54df7f775ed4,7
OLD-075,background,background,0,0x853a76942ffc0667850e3dd181efc59ca65b98be,2022-04-18T07:15:03Z,0xca7f5f8e4d5528e0292cc266fec64c6e64c4d5916b5d8c3235283c644770cfe1,0
OLD-076,background,background,0,0x0e3ad5ba2666893b23a0066b6c817fb56cc5c6f9,2022-04-18T08:52:55Z,0xacc00cf7d3659d960287e5a3a1835d71822eb097cc14309c6a0b838bd897da6e,9
OLD-077,background,background,0,0x518eb5017f234909be5f9b226941d3b3f2affeed,2022-04-18T09:54:50Z,0x9f13f04eee85aa20d907b414073ddd82c4fdfd4cca3a37e8db849ff78b43a7ff,16
OLD-078,background,background,0,0xfd9b551e155847916cd86d1c4197dd1309c3fb36,2022-04-18T12:33:13Z,0x4bbef2415bec1514411a33d3286eb4c5fd8d1a95dd1eb3d82c7865ad24e49aba,11
OLD-079,background,background,0,0x2e5547e7a74e8bc22a878828f0016ef7cb8dfdbc,2022-04-18T12:39:42Z,0xb49b145e6801f93305c550fab0409b07cb617169cfef1f6f32535740b22fe2a7,4
OLD-080,background,background,0,0x1d8945f561035b744f0ab52d2d8b2c5ffc5b5f82,2022-04-18T13:07:06Z,0x2021e544c36c2bbba5c5778c1ccfbc95c6ec02800e01b64cf80c8aa7958e72f8,13
OLD-081,background,background,0,0xdb886bf718fbf354eb4202b03ad13b1cafb01276,2022-04-18T17:28:43Z,0x93fae1255fe84dac9c3445c7c6e85c82288efaa2870a039822abd80361f73108,0
OLD-082,background,background,0,0x8e2d1f71965939e21aa24752730747bdb10bba35,2022-04-18T18:31:55Z,0x645412a7e6a832b1cb547508d861b2d5f13f0303917f5242c21b0795675440f8,9
OLD-083,background,background,0,0x0affe83c1345bbdbf6847d47c2c6f3ef756418ff,2022-04-18T21:39:14Z,0x034f7f718eaf61e13df203c23ede116dd0f9b267310b6cd3a456e64df4346310,15
OLD-084,background,background,0,0x0e3f5ae2dc180fef81cf18ba705c9d27e0ff9d3a,2022-04-18T23:09:22Z,0x3d575f2bd31ff3fd05f2a019bdf98ba8bc7c6cd4c8b8c2dae64e682337fb7d8b,5
OLD-085,background,background,0,0x95d017600d73ed51db25d5da7ccd0e1452b01965,2022-04-19T03:52:18Z,0x45af87936c5ae7449d0e1bf22fcc119a545b1aad72cc1c39b442049477fe1dea,6
OLD-086,background,background,0,0x06ac16ff8caa7c7a4d66f506a4c74d4da9e8569e,2022-04-19T04:25:43Z,0x8a336c1396972fba6ed461f4ce18420c4f5ca066c0990b28689a04712bdb7b40,3
OLD-087,background,background,0,0x6510438a7e273e71300892c6faf946ab3b04cbcb,2022-04-19T04:39:52Z,0x7637d92f14b9aa19527f2ee6fa3dce9a212203b6b923ab5571b568a76500b195,2
OLD-088,background,background,0,0xfd0f961090243b642626bff0ab548a1412b95c41,2022-04-19T05:03:22Z,0x07c6a0d396f9a9e88be8055f4948347e5030829adc8907a3fd1169eb713c1148,14
OLD-089,background,background,0,0x4cea8b2c6c9fc3b01dde17824946a662b91c34f7,2022-04-19T08:55:26Z,0x27e1615100024933132b939760696e5fe7b4131e0a4fc675c7d9ed043bc7d530,15
OLD-090,background,background,0,0x5140c2e3be04d48e9b7c5fdf016bbea6a88b2b65,2022-04-19T12:25:21Z,0x44f69fb3b27a688c0b5adc65890386f93ae3ddfb45c4cc2acaeb8f335104c344,7
OLD-091,background,background,0,0xb53c7b5c6e8204f8b61f4cb91632d6287f1b757c,2022-04-19T13:53:47Z,0xc12b540bcf3f5cd83099933943c3b94b6b8d392f9e49b3718f7ec62f46e3f29a,6
OLD-092,background,background,0,0x148efcc4f502effcdf44153d85fa2f98ed857546,2022-04-19T14:41:52Z,0xc177b809973490051b25c88469bfc235e75a927c15bb0e64d221a98129472d67,15
OLD-093,background,background,0,0x1ed7f72a25c45df4dc5b9a53af8ad5269a827862,2022-04-19T18:12:52Z,0x3794e0d50bf56fa6fe34cac01adfb4ca2d9d23d58cc27548fa17df54e3656adc,3
OLD-094,background,background,0,0xb0deb3d887503eb09a55059b2ed25821d7e7ffd9,2022-04-19T19:45:09Z,0x1769a151c40eb9b63240fe0e3d1e26a50bd01783b7fe871715e71aeca8900570,3
OLD-095,background,background,0,0x08c0299ca33d1f225c20a6ebe5ba8ff20c14a042,2022-04-20T00:10:55Z,0x4569dd276b366d51020a40036d14dfdf29aa569bfb86ef29ca67be4fe75ba252,12
OLD-096,background,background,0,0x683181dea7a6c1e49dca8be97d7fc763e8f0d1ad,2022-04-20T00:35:05Z,0x74c5f4cc2c44ea908757394b5b28f20da6f2f244ea1d91c711004a64ed143afa,9
OLD-097,background,background,0,0xe0d2118528d15f35d8a46c983a9a551d71492a9c,2022-04-20T04:59:26Z,0xafadc506a7e167d87600b786f381eccfc71f97ea1d725042ee1d0385eea00174,10
OLD-098,background,background,0,0x95481cf82d259eab2adfce5e395f31daa31419ac,2022-04-20T06:54:50Z,0x931a0d6a3472a0b32a5631b9a051a788760375ebc933e00ef87b88e8620c34f3,5
OLD-099,background,background,0,0xe9ab2525747d5b48d665d738808d1ced8f439b49,2022-04-20T11:50:36Z,0x1e5fa75c477e1453478487e41fa6429346081f161fb2186a616f263905709663,8
OLD-100,background,background,0,0x6efa11896305cf5e6aee84ff13ce616801525304,2022-04-20T12:53:18Z,0xb3a332e860630fe8beb7504059aaca81784e139974a5ac8a0d862533ef95ebaa,8
OLD-101,background,background,0,0x56dfa60f02c68b50bb5bee14dd5d551837e937ce,2022-04-20T13:02:05Z,0x01777b4cc73612de46dab0b21de8fa8b537d55184a991940f37b1344bfd200bb,16
OLD-102,background,background,0,0xfbbb612839ca39d88c3af126367d2f73c538b547,2022-04-20T14:25:54Z,0x81e54ef8d7626fcc62536af291bb37127f71f2d1d58fddd577cff3c3a7859163,10
OLD-103,background,background,0,0x3b2f30c517538f2dac80e532878eede20db1aa1a,2022-04-20T14:31:18Z,0x9e085bd5b27d24e4f111fdd764b4c205258acf2b13a0fecc6c6dd1f2704212b0,5
OLD-104,background,background,0,0x042a9adcfd421df96dd5347d88f0e710edf6c4f2,2022-04-20T14:34:45Z,0x1b3ac8effbbcba374b0bf84e3dbb2105e56afe5716520745d2f4ed80eb50348e,13
OLD-105,background,background,0,0xec0f41378d58f42552eeb6293105e0ce0c1de0ba,2022-04-20T15:45:08Z,0xf91a404d8928228f93077ded23c3d8ace608ae15d20a8faec0a1a42a8af8ca25,8
OLD-106,background,background,0,0xa29332b560103d52f758b978e0661420a9d40cb5,2022-04-20T15:46:40Z,0xc948a8ba77994114b5cbaf9f0768caa4b840fc83ce76006b85f492dc90eb325f,12
OLD-107,background,background,0,0x6658c603af1269b3837c55dd6c18617c3f0e45c2,2022-04-20T21:10:41Z,0x237fba4deb24fbbce1d0f74c45c51bd2b2e32d69a6d411023d023e8dda601d5b,3
OLD-108,background,background,0,0x722ca4ff7963d6a69274d757c5d28429034ff217,2022-04-21T02:50:35Z,0x59234eff63a0973c8b4588f3e508636720b6f231fb28ccd63342b67ddaa01a71,3
OLD-109,background,background,0,0x20e85118f45e08a2ddb9540ca30e703eee150299,2022-04-21T02:55:06Z,0x100ef400bf7a3ddc2af8bce5aa03f5dfacae590f3b2366649ea4c0549568a89c,2
OLD-110,background,background,0,0x831dc70f77085de7d5e93c0941e6ef9a0e8ad5d1,2022-04-21T13:38:27Z,0xd8f8726796247b84b49f226c5be20f352467d0c09617eca292913c5f17d0df05,8
OLD-111,background,background,0,0x7a7ebe060943650c64c5a25311bb3f89cb31c384,2022-04-21T14:24:06Z,0x1e14902d46f98369972eb91442d7717b461993baef78693c8884dff7dc0e72d1,2
OLD-112,background,background,0,0xed52ef592af955be92b34055a45ca840850b2445,2022-04-21T15:09:05Z,0x799bb53ac6fcd6731a421408cc07028b081956faa79c998de6356ed2117ec2c9,15
OLD-113,background,background,0,0xff6bcc06ea7ffcadca0a4b958b819e1b60738aab,2022-04-21T16:08:45Z,0x7b99bb6be8c18864ac1eae7d8f93c6e9ac643808646fe32bf6cb196a1fbba9fd,5
OLD-114,background,background,0,0xd1fb7fd388eaf466a7783f924051b9a556ac1ba0,2022-04-21T19:07:03Z,0x89c8009cf9e544e99fad85f78d232f95ce39ab73a667cfcd178038d20124d40e,5
OLD-115,background,background,0,0xce981cbe97b789e427115ec273dd048389617f77,2022-04-21T21:57:08Z,0xc0e6b92d3eafb6d070552cc0a53d548d900537d987da9144ccd4ef6ce263525d,1
OLD-116,background,background,0,0x651f3e51ff8201bf15db8357b3db5997066b75cc,2022-04-21T23:44:08Z,0xee8054d029a74faac31690c36b423dfda647cc5462c9603f3130b61d78fe35a7,7
OLD-117,background,background,0,0x453f3099322081f863abcc71863551e0f9feaff1,2022-04-22T06:13:18Z,0xe0df0e0b806841b88fa4fce2c1f1b29a48de01dcb12b593e4d606c09f3dbb4de,5
OLD-118,background,background,0,0x8fa7b50fc8306ab3de028254df72bf08216742b6,2022-04-22T11:17:53Z,0x9bf7f1e88e328f8623eba2c9b2ab3bfa93a0715cf0663a5514b11f02a56bda11,5
OLD-119,background,background,0,0xa924f424f8808b2f04b6b481f7448642295e2646,2022-04-22T17:34:04Z,0xd6e5f0f374e3d6f83a0e4749aaa1dedb068d6818a24e88f9f9b2684bd1da33e2,3
OLD-120,background,background,0,0x4693e3037240757db201e3eaf9250e1dd718e781,2022-04-23T03:38:04Z,0xa8496311667c96ce604a49d3f89d58e5b7ea96df76e112570db5d7648d310649,1
OLD-121,background,background,0,0x98eb2494f43f4e17d116a1627522cf56d6c65532,2022-04-23T05:17:31Z,0x593e6060e1036a752b7a81ae8e87dcbaf4848ed4e635180ad058d2ecac41fa84,4
OLD-122,background,background,0,0xb964b42271c4cb6260d7fb05f4706fcab2b4d60e,2022-04-23T06:29:55Z,0x5b82cd96222a799684a571b075e117d29e239742bbebc17864865530666213f8,6
OLD-123,background,background,0,0x2e986c466a3bbf2b4c17719e8b99f22f4c0059aa,2022-04-23T06:34:16Z,0x77e373b87b5d237d659953b7812043e8335e654b62d3e330a6c12720a5aeded0,16
OLD-124,background,background,0,0x28f080edf51145c3f511415b8c2afaebb605a70b,2022-04-23T11:34:51Z,0x7ed32a5d22e2762e8bcfac96c08a2ba4a944bca440b8d6a679915d1d1497806e,7
OLD-125,background,background,0,0xf1741c6f2e4b66a700e751a1603ffa2c71b8f26b,2022-04-23T14:38:58Z,0x51924e2f32251a75efbe0964005102285836ecfde92688703f3d809c4ca07f39,2
OLD-126,background,background,0,0x7667f5af44fea82268d79574f108687326442fb9,2022-04-23T18:08:29Z,0x55cfa4dd6cd63d69d62fdf04a63ebec6958265c46169b687aff1516285c67f16,7
OLD-127,background,background,0,0x0b849e501f1195c27f1a3e2e95f9814ae04c1a51,2022-04-23T19:17:40Z,0x18e4119fec64d430d14dc0396b26a1158d27f47216e9714640251437493fed27,14
OLD-128,background,background,0,0x04ca6b107a9000a7c0cc0edca3cf06d6ac4b3385,2022-04-23T20:19:18Z,0xff2d2a1b9a434232a347077e44a6ef32137795f3980e382848babcbbacc39dc8,0
OLD-129,background,background,0,0x552c9b5a12fd57e98fa0802da7a5acbfeb7bbaf7,2022-04-23T23:48:26Z,0x1cf88827202c53f9489fd85be99c7453630abe67011e3fe80467f28c5ae5bea4,15
OLD-130,background,background,0,0x26b4992f25bf1ed61cea5a25b97642a056092a26,2022-07-23T15:21:36Z,,1
OLD-131,background,background,0,0xa68b24ac3e5eeb248f61e6f671d774de78dafee7,2022-07-23T20:57:07Z,,1
OLD-132,background,background,0,0x17c1103846078ed091cdbabdec5933c1af0dee6a,2022-07-24T03:06:27Z,,1
OLD-133,background,background,0,0xf60b2932d654a68bd0c70755a686842f330475d6,2022-07-24T03:27:21Z,,15
OLD-134,background,background,0,0xc423172d9a6280d34a62d239fd956d8f9e154be3,2022-07-24T03:39:58Z,,6
OLD-135,background,background,0,0xa1cebd45c0c7652f7552976a570d1840ab3385b6,2022-07-24T03:48:27Z,,4
OLD-136,background,background,0,0xb3912bc4465587d48bb0140b10d46f8bf3130b42,2022-07-24T03:49:39Z,,3
OLD-137,background,background,0,0x8b2c27c389da004f6a570b98d00fb79aaf9c5a9b,2022-07-24T04:06:00Z,,6
OLD-138,background,background,0,0xd4397c01cd65d54020085a7b03cee49c51ea4949,2022-07-24T08:44:51Z,,7
OLD-139,Audius,known,1,0xa0c7bd318d69424603cbf91e9969870f21b8ab4c,2022-07-24T09:29:11Z,0x06c6543ef2f547420af0dc8be0750917cf5f49303af934ddd0f88cb54eed6c56,0
OLD-140,background,background,0,0xca88a1e8e2a3984c1d3ad8fa9a9a0ea235ab2391,2022-07-24T09:56:20Z,,11
OLD-141,background,background,0,0xa624ffd7f011b20a9df51c6d2dddb51c52a20e75,2022-07-24T09:56:20Z,,9
OLD-142,background,background,0,0xc8c48ea272210cc893db6be0cf213ee9a838a054,2022-07-24T14:15:50Z,,7
OLD-143,background,background,0,0x83fac3f9b9f77db25ca300c6ed2d34cff8ffd1ab,2022-07-24T15:15:54Z,,1
OLD-144,background,background,0,0xd01fa96619f9e220dc69afcd1ab94a49c0a28e52,2022-07-24T18:08:23Z,,15
OLD-145,background,background,0,0x617f81dc84773050d95f6b7bee920f5deb6c5e6b,2022-07-25T01:45:25Z,,11
OLD-146,background,background,0,0xb1b1d6ae2eeac948540e6a7fa1bc1f7eab784537,2022-07-25T02:46:46Z,,15
OLD-147,background,background,0,0x923ff4a38a6b370d7e846e200e27f0eea58888e7,2022-07-25T04:56:27Z,,2
OLD-148,background,background,0,0x659824094674e29fa28c47c4a2fa647f01f60d75,2022-07-25T05:24:36Z,,8
OLD-149,background,background,0,0xd4c0491b495954fd37faa4822e3e0bed61ff8d29,2022-07-25T05:27:37Z,,11
OLD-150,background,background,0,0xfef6ebcaa9535d6e94403bb5da31125319613797,2022-07-25T05:49:29Z,,1
OLD-151,background,background,0,0x8feda5b5081a9e7d872d0e0f324033ed3a199339,2022-11-03T06:17:23Z,,7
OLD-152,Monkey,known,1,0xc2c05f11f6e4dfba016982811ab12c361e63f466,2022-11-04T03:56:35Z,0xae0eb280c02fbd2cc0f97666bfee230be10505c9c53352ec1aee049265177d12,16
OLD-153,background,background,0,0x0000000a5aab7e0b99e8b30028d790de05da0f09,2022-11-04T13:21:23Z,,7
OLD-154,background,background,0,0xa2b755299c1312cc3860e36cf619cfce2958537b,2022-11-04T15:13:35Z,,16
OLD-155,background,background,0,0x945c8226540283dbf00f497aeb5342390480b517,2022-11-05T01:07:59Z,,12
CONV-0x03560a,Convergence,known,1,0x03560a9d7a2c391fb1a087c33650037ae30de3aa,2024-08-01T15:08:47Z,0x3e0aab42c3576790e3b08d24f9400295232cb5bc15c723e4619dcfd771335703,2
NEW-001,N01,newly_gated,1,0xdf31f4c8dc9548eb4c416af26dc396a25fde4d5f,2022-10-14T12:55:35Z,0x30609a85a638b3b3dd0684795bd0c877295c37193f24a4925b0b0cdc6b0cf3e2,3
NEW-002,N02,newly_gated,1,0xb687550842a24d7fbc6aad238fd7e0687ed59d55,2022-10-11T14:23:35Z,0x7a6ebd01dc2abafb3601cc3fa817ce06392f0e4a8ab02405a6fbcf9159354cf1,4
NEW-003,N03,newly_gated,1,0xb19b7f59c08ea447f82b587c058ecbf5fde9c299,2022-03-18T05:38:55Z,0x2cd4aaed2cc77fe9fde9dd5a173bb3c6f047fd45b55b1a2dcf560271a3912e6e,5
NEW-004,N04,newly_gated,1,0x1751e3e1aaf1a3e7b973c889b7531f43fc59f7d0,2022-03-20T07:57:39Z,0x32f95f5940bed074b294a53615884e08000c6c6ee82fe9e3236dca6d31b725d5,6
NEW-005,N05,newly_gated,1,0x5384b34c74024d6563b323351a4bbfa18432161b,2026-04-30T06:03:59Z,0x6e5029113c4225c76d572048b89468221ae7594627ac4e5e44bc43fad67762c1,7
NEW-006,N06,newly_gated,1,0x1fd0a6a5e232eeba8020a40535ad07013ec4ef12,2024-02-13T08:13:35Z,0xefcd8b8fe25e0cfc1dd751fc7292f39240a9eaa257d36ba36406cceeaaf03f6e,8
NEW-007,N07,newly_gated,1,0xe66b37de57b65691b9f4ac48de2c2b7be53c5c6f,2026-04-05T20:09:59Z,0xd38d059e5cf266c21e17565d554e97af19c3b910ec402ae93a25482cf06a47cf,9
NEW-008,N08,newly_gated,1,0x63136677355840f26c0695dd6de5c9e4f514f8e8,2024-01-20T11:52:23Z,0x1fb689f8481a842d9342cbb78d3395988015bd6b6ff5445c97a74ecf78033057,10
NEW-009,N09,newly_gated,1,0x792ec27874e1f614e757a1ae49d00ef5b2c73959,2023-11-01T15:56:59Z,0xd56a51957e4dbf959eaf16d19d859328c4ae90d3424a01edb45e08ab2b7ae2ed,11
NEW-010,N10,newly_gated,1,0x0cfc28d16d07219249c6d6d6ae24e7132ee4caa7,2024-04-27T00:19:47Z,0x6c3d225dd31b4ff16f66afe878e10c000a57577deb64b2cc863a3503c9241a45,12
NEW-011,N11,newly_gated,1,0x22c9736d4fc73a8fa0eb436d2ce919f5849d6fd2,2022-09-09T10:08:18Z,0x5380b19b7c11f386cd9b0f7f98396dd253c9a5183f557f707c34013d15278bd3,13
NEW-012,N12,newly_gated,1,0x81f48a87ec44208c691f870b9d400d9c13111e2e,2024-10-01T13:15:47Z,0x977587cf8437fe9c8fb10c27a1fb77eb0117246ea66ed8a3872f172dbe07bc02,14
