deposit_address,gate0_census,gate1_chain_verification,gate2_second_source,gate3_independence,gate4_frozen_extraction,admitted_as
0x000000915f1b10b0ef5c4efe696ab65f13f36e74,CLEAN_NEW_CANDIDATE,L14_CHAIN_PASS_TO_ACTOR_SOURCE_SEARCH,L15_HOLD_SINGLE_SOURCE_ONLY,,,
0x0195448a9c4adeaf27002c6051c949f3c3234bb5,CLEAN_NEW_CANDIDATE,L14_CHAIN_PASS_TO_ACTOR_SOURCE_SEARCH,L15_HOLD_SINGLE_SOURCE_ONLY,,,
0x0348d20b74ddc0ac9bfc3626e06d30bb6fac213b,CLEAN_NEW_CANDIDATE,L14_CHAIN_PASS_TO_ACTOR_SOURCE_SEARCH,L15_HOLD_SOURCE_NOT_EXACT_ID,,,
0x03560a9d7a2c391fb1a087c33650037ae30de3aa,EXISTING_OR_ALREADY_ADJUDICATED,,,,,
0x05324c970713450ba0bc12efd840034fcb0a4baa,CLEAN_NEW_CANDIDATE,L14_CHAIN_PASS_TO_ACTOR_SOURCE_SEARCH,L15_ACTOR_CORROBORATED_2SOURCE,L16_INDEPENDENCE_PASS_TO_PHI_PRECHECK,L17_BLOCKED_RPC_OR_EXPLORER,
0x08096e9ae70d7c5f2707b203a7801b75d1412156,CLEAN_NEW_CANDIDATE,L14_CHAIN_PASS_TO_ACTOR_SOURCE_SEARCH,L15_HOLD_SINGLE_SOURCE_ONLY,,,
0x0a16a85be44627c10cee75db06b169c7bc76de2c,PROFESSIONAL_LAUNDERER_SUSPECT,L14_HOLD_PROFESSIONAL_OR_SHARED_LAUNDERER,,,,
0x0cfc28d16d07219249c6d6d6ae24e7132ee4caa7,CLEAN_NEW_CANDIDATE,L14_CHAIN_PASS_TO_ACTOR_SOURCE_SEARCH,L15_ACTOR_CORROBORATED_2SOURCE,L16_INDEPENDENCE_PASS_TO_PHI_PRECHECK,L17_PRECHECK_PASS,N10
0x0e816b0d0a66252c72af822d3e0773a2676f3278,CLEAN_NEW_CANDIDATE,L14_HOLD_TIMING_MISMATCH,,,,
0x11576cb3d8d6328cf319e85b10e09a228e84a8de,CLEAN_NEW_CANDIDATE,L14_CHAIN_PASS_TO_ACTOR_SOURCE_SEARCH,L15_ACTOR_CORROBORATED_2SOURCE,L16_INDEPENDENCE_PASS_TO_PHI_PRECHECK,L17_BLOCKED_RPC_OR_EXPLORER,
0x14b362d2e38250604f21a334d71c13e2ed478467,EXISTING_OR_ALREADY_ADJUDICATED,,,,,
0x1751e3e1aaf1a3e7b973c889b7531f43fc59f7d0,CLEAN_NEW_CANDIDATE,L14_CHAIN_PASS_TO_ACTOR_SOURCE_SEARCH,L15_ACTOR_CORROBORATED_2SOURCE,L16_INDEPENDENCE_PASS_TO_PHI_PRECHECK,L17_PRECHECK_PASS,N04
0x18d6c39ae9e537f948aa2212d44d8c23944fc188,PROFESSIONAL_LAUNDERER_SUSPECT,L14_HOLD_OVERLAP_OR_SIBLING_RISK,,,,
0x1aaade3e9062d124b7deb0ed6ddc7055efa7354d,PROFESSIONAL_LAUNDERER_SUSPECT,L14_HOLD_PROFESSIONAL_OR_SHARED_LAUNDERER,,,,
0x1e8419e724d51e87f78e222d935fbbdeb631a08b,EXISTING_OR_ALREADY_ADJUDICATED,,,,,
0x1fd0a6a5e232eeba8020a40535ad07013ec4ef12,CLEAN_NEW_CANDIDATE,L14_CHAIN_PASS_TO_ACTOR_SOURCE_SEARCH,L15_ACTOR_CORROBORATED_2SOURCE,L16_INDEPENDENCE_PASS_TO_PHI_PRECHECK,L17_PRECHECK_PASS,N06
0x22c9736d4fc73a8fa0eb436d2ce919f5849d6fd2,CLEAN_NEW_CANDIDATE,L14_CHAIN_PASS_TO_ACTOR_SOURCE_SEARCH,L15_ACTOR_CORROBORATED_2SOURCE,L16_INDEPENDENCE_PASS_TO_PHI_PRECHECK,L17_PRECHECK_PASS,N11
0x2c903f97ea69b393ea03e7fab8d64d722b3f5559,CLEAN_NEW_CANDIDATE,L14_CHAIN_PASS_TO_ACTOR_SOURCE_SEARCH,L15_HOLD_SOURCE_NOT_EXACT_ID,,,
0x2f746bc70f72aaf3340b8bbfd254fd91a3996218,TIMING_FAIL,,,,,
0x33a0aab2642c78729873786e5903cc30f9a94be2,PROFESSIONAL_LAUNDERER_SUSPECT,L14_HOLD_PROFESSIONAL_OR_SHARED_LAUNDERER,,,,
0x36491840ebcf040413003df9fb65b6bc9a181f52,CLEAN_NEW_CANDIDATE,L14_CHAIN_PASS_TO_ACTOR_SOURCE_SEARCH,L15_ACTOR_CORROBORATED_2SOURCE,L16_INDEPENDENCE_PASS_TO_PHI_PRECHECK,L17_BLOCKED_RPC_OR_EXPLORER,
0x394ba273315240510b61ca22ba152e3478a45892,CLEAN_NEW_CANDIDATE,L14_CHAIN_PASS_TO_ACTOR_SOURCE_SEARCH,L15_HOLD_SINGLE_SOURCE_ONLY,,,
0x3fa8cf7fea68c8e76a9838d77889464ddfb6a6cf,CLEAN_NEW_CANDIDATE,L14_CHAIN_PASS_TO_ACTOR_SOURCE_SEARCH,L15_HOLD_SINGLE_SOURCE_ONLY,,,
0x40592025392bd7d7463711c6e82ed34241b64279,CLEAN_NEW_CANDIDATE,L14_CHAIN_PASS_TO_ACTOR_SOURCE_SEARCH,L15_ACTOR_CORROBORATED_2SOURCE,L16_HOLD_SOURCE_QUALITY_RECHECK,,
0x413e4fb75c300b92fec12d7c44e4c0b4faab4d04,PROFESSIONAL_LAUNDERER_SUSPECT,L14_HOLD_PROFESSIONAL_OR_SHARED_LAUNDERER,,,,
0x4206d62305d2815494dcdb759c4e32fca1d181a0,CLEAN_NEW_CANDIDATE,L14_CHAIN_PASS_TO_ACTOR_SOURCE_SEARCH,L15_ACTOR_CORROBORATED_2SOURCE,L16_INDEPENDENCE_PASS_TO_PHI_PRECHECK,L17_BLOCKED_RPC_OR_EXPLORER,
0x46d9b3dfbc163465ca9e306487cba60bc438f5a2,PROFESSIONAL_LAUNDERER_SUSPECT,L14_HOLD_PROFESSIONAL_OR_SHARED_LAUNDERER,,,,
0x48de6bf9e301946b0a32b053804c61dc5f00c0c3,PROFESSIONAL_LAUNDERER_SUSPECT,L14_HOLD_PROFESSIONAL_OR_SHARED_LAUNDERER,,,,
0x4b53608ff0ce42cdf9cf01d7d024c2c9ea1aa2e8,TIMING_FAIL,,,,,
0x5351536145610aa448a8bf85ba97c71caf31909c,PROFESSIONAL_LAUNDERER_SUSPECT,L14_HOLD_PROFESSIONAL_OR_SHARED_LAUNDERER,,,,
0x53635bf7b92b9512f6de0eb7450b26d5d1ad9a4c,EXISTING_OR_ALREADY_ADJUDICATED,,,,,
0x5384b34c74024d6563b323351a4bbfa18432161b,CLEAN_NEW_CANDIDATE,L14_CHAIN_PASS_TO_ACTOR_SOURCE_SEARCH,L15_ACTOR_CORROBORATED_2SOURCE,L16_INDEPENDENCE_PASS_TO_PHI_PRECHECK,L17_PRECHECK_PASS,N05
0x55db954f0121e09ec838a20c216eabf35ca32cdd,CLEAN_NEW_CANDIDATE,L14_CHAIN_PASS_TO_ACTOR_SOURCE_SEARCH,L15_HOLD_ACTOR_CONFLICT,,,
0x5a7c7eb8d13a53d42a15d2b1d1b694ccc5141ea5,CLEAN_NEW_CANDIDATE,L14_HOLD_TIMING_MISMATCH,,,,
0x5bb5b6d41c3e5e41d9b9ed33d12f1537a1293d5f,CLEAN_NEW_CANDIDATE,L14_CHAIN_PASS_TO_ACTOR_SOURCE_SEARCH,L15_HOLD_SINGLE_SOURCE_ONLY,,,
0x5f4c21c9bb73c8b4a296cc256c0cde324db146df,PROFESSIONAL_LAUNDERER_SUSPECT,L14_HOLD_PROFESSIONAL_OR_SHARED_LAUNDERER,,,,
0x6057a831d43c395198a10cf2d7d6d6a063b1fce4,PROFESSIONAL_LAUNDERER_SUSPECT,L14_HOLD_TIMING_MISMATCH,,,,
0x618f768af6291705eb13e0b2e96600b3851911d1,PROFESSIONAL_LAUNDERER_SUSPECT,L14_HOLD_PROFESSIONAL_OR_SHARED_LAUNDERER,,,,
0x63136677355840f26c0695dd6de5c9e4f514f8e8,CLEAN_NEW_CANDIDATE,L14_CHAIN_PASS_TO_ACTOR_SOURCE_SEARCH,L15_ACTOR_CORROBORATED_2SOURCE,L16_INDEPENDENCE_PASS_TO_PHI_PRECHECK,L17_PRECHECK_PASS,N08
0x67104175fc5fabbdb5a1876c3914e04b94c71741,EXISTING_OR_ALREADY_ADJUDICATED,,,,,
0x6951eb8a4a1dab360f2230fb654551335d560ec0,PROFESSIONAL_LAUNDERER_SUSPECT,L14_HOLD_PROFESSIONAL_OR_SHARED_LAUNDERER,,,,
0x69810917928b80636178b1bb011c746efe61770d,CLEAN_NEW_CANDIDATE,L14_CHAIN_PASS_TO_ACTOR_SOURCE_SEARCH,L15_ACTOR_CORROBORATED_2SOURCE,L16_INDEPENDENCE_PASS_TO_PHI_PRECHECK,L17_BLOCKED_RPC_OR_EXPLORER,
0x6c8ec8f14be7c01672d31cfa5f2cefeab2562b50,CLEAN_NEW_CANDIDATE,L14_HOLD_TIMING_MISMATCH,,,,
0x6ce9fa08f139f5e48bc607845e57efe9aa34c9f6,CLEAN_NEW_CANDIDATE,L14_CHAIN_PASS_TO_ACTOR_SOURCE_SEARCH,L15_HOLD_SINGLE_SOURCE_ONLY,,,
0x701bb7b460ae231dbbcfa3d87f0ab5b458429699,CLEAN_NEW_CANDIDATE,L14_CHAIN_PASS_TO_ACTOR_SOURCE_SEARCH,L15_ACTOR_CORROBORATED_2SOURCE,L16_HOLD_SOURCE_QUALITY_RECHECK,,
0x7137804200a073f616d92e87007f1f100100b56a,PROFESSIONAL_LAUNDERER_SUSPECT,L14_HOLD_OVERLAP_OR_SIBLING_RISK,,,,
0x713d2b652e5f2a86233c57af5341db42a5559dd1,PROFESSIONAL_LAUNDERER_SUSPECT,L14_HOLD_PROFESSIONAL_OR_SHARED_LAUNDERER,,,,
0x792ec27874e1f614e757a1ae49d00ef5b2c73959,CLEAN_NEW_CANDIDATE,L14_CHAIN_PASS_TO_ACTOR_SOURCE_SEARCH,L15_ACTOR_CORROBORATED_2SOURCE,L16_INDEPENDENCE_PASS_TO_PHI_PRECHECK,L17_PRECHECK_PASS,N09
0x7a6488348a7626c10e35df9ae0a2ad916a56a952,CLEAN_NEW_CANDIDATE,L14_CHAIN_PASS_TO_ACTOR_SOURCE_SEARCH,L15_HOLD_SINGLE_SOURCE_ONLY,,,
0x81d5187c8346073b648f2d44b9e269509513aae2,CLEAN_NEW_CANDIDATE,L14_CHAIN_PASS_TO_ACTOR_SOURCE_SEARCH,L15_HOLD_SINGLE_SOURCE_ONLY,,,
0x81f48a87ec44208c691f870b9d400d9c13111e2e,CLEAN_NEW_CANDIDATE,L14_CHAIN_PASS_TO_ACTOR_SOURCE_SEARCH,L15_ACTOR_CORROBORATED_2SOURCE,L16_INDEPENDENCE_PASS_TO_PHI_PRECHECK,L17_PRECHECK_PASS,N12
0x835b45d38cbdccf99e609436ff38e31ac05bc502,REPEAT_ACTOR_MULTI_INCIDENT,,,,,
0x8f7370d5d461559f24b83ba675b4c7e2fdb514cc,CLEAN_NEW_CANDIDATE,L14_CHAIN_PASS_TO_ACTOR_SOURCE_SEARCH,L15_HOLD_SOURCE_NOT_EXACT_ID,,,
0x910175f3fee798add5fabd3e9cbb63d0a785482c,CLEAN_NEW_CANDIDATE,L14_CHAIN_PASS_TO_ACTOR_SOURCE_SEARCH,L15_ACTOR_CORROBORATED_2SOURCE,L16_INDEPENDENCE_PASS_TO_PHI_PRECHECK,L17_BLOCKED_RPC_OR_EXPLORER,
0x9943f26831f9b468a7fe5ac531c352baab8af655,CLEAN_NEW_CANDIDATE,L14_HOLD_TIMING_MISMATCH,,,,
0xa0c7bd318d69424603cbf91e9969870f21b8ab4c,EXISTING_OR_ALREADY_ADJUDICATED,,,,,
0xa7e9b982b0e19a399bc737ca5346ef0ef12046da,EXISTING_OR_ALREADY_ADJUDICATED,,,,,
0xa911ff351b143634dbc5af3e204ea074583a83e3,PROFESSIONAL_LAUNDERER_SUSPECT,L14_HOLD_PROFESSIONAL_OR_SHARED_LAUNDERER,,,,
0xabee16e74dd268105f166c27a847edc2b8e7cc4e,TIMING_FAIL,,,,,
0xacdcd2e9787e889305200900d6cf6c0548578630,CLEAN_NEW_CANDIDATE,L14_CHAIN_PASS_TO_ACTOR_SOURCE_SEARCH,L15_HOLD_SINGLE_SOURCE_ONLY,,,
0xaea2d93328242389b3e34271252b1bc9253b718a,CLEAN_NEW_CANDIDATE,L14_HOLD_OVERLAP_OR_SIBLING_RISK,,,,
0xb0380b6d7a63e7cbf274c3b3c8838abbd6bd4abe,CLEAN_NEW_CANDIDATE,L14_HOLD_TIMING_MISMATCH,,,,
0xb19b7f59c08ea447f82b587c058ecbf5fde9c299,CLEAN_NEW_CANDIDATE,L14_CHAIN_PASS_TO_ACTOR_SOURCE_SEARCH,L15_ACTOR_CORROBORATED_2SOURCE,L16_INDEPENDENCE_PASS_TO_PHI_PRECHECK,L17_PRECHECK_PASS,N03
0xb1edf2a0ba8bc789cbc3dfbe519737cada034d2d,TIMING_FAIL,,,,,
0xb6369f59fc24117b16742c9dfe064894d03b3b80,EXISTING_OR_ALREADY_ADJUDICATED,,,,,
0xb687550842a24d7fbc6aad238fd7e0687ed59d55,CLEAN_NEW_CANDIDATE,L14_CHAIN_PASS_TO_ACTOR_SOURCE_SEARCH,L15_ACTOR_CORROBORATED_2SOURCE,L16_INDEPENDENCE_PASS_TO_PHI_PRECHECK,L17_PRECHECK_PASS,N02
0xc0ffeebabe5d496b2dde509f9fa189c25cf29671,WHITEHAT_NOT_ILLICIT,,,,,
0xc1f2b71a502b551a65eee9c96318afdd5fd439fa,PROFESSIONAL_LAUNDERER_SUSPECT,L14_HOLD_PROFESSIONAL_OR_SHARED_LAUNDERER,,,,
0xc47bdd0a852a88a019385ea3ff57cf8de79f019d,EXISTING_OR_ALREADY_ADJUDICATED,,,,,
0xcacf2d28b2a5309e099f0c6e8c60ec3ddf656642,PROFESSIONAL_LAUNDERER_SUSPECT,L14_HOLD_PROFESSIONAL_OR_SHARED_LAUNDERER,,,,
0xcb733f075ae67a83a9c5f38a0864596e338a0106,TIMING_FAIL,,,,,
0xd304ea1592f733e0a46436a01fe54bd504009526,CLEAN_NEW_CANDIDATE,L14_HOLD_OVERLAP_OR_SIBLING_RISK,,,,
0xd3641c912a6a4c30338787e3c464420b561a9467,PROFESSIONAL_LAUNDERER_SUSPECT,L14_HOLD_PROFESSIONAL_OR_SHARED_LAUNDERER,,,,
0xd861e6f1760d014d6ee6428cf7f7d732563c74c0,CLEAN_NEW_CANDIDATE,L14_CHAIN_PASS_TO_ACTOR_SOURCE_SEARCH,L15_HOLD_SINGLE_SOURCE_ONLY,,,
0xda97a086fc74b20c88bd71e12e365027e9ec2d24,CLEAN_NEW_CANDIDATE,L14_CHAIN_PASS_TO_ACTOR_SOURCE_SEARCH,L15_HOLD_SINGLE_SOURCE_ONLY,,,
0xde0a99fb39e78efd3529e31d78434f7645601163,CLEAN_NEW_CANDIDATE,L14_CHAIN_PASS_TO_ACTOR_SOURCE_SEARCH,L15_HOLD_SOURCE_NOT_EXACT_ID,,,
0xdf31f4c8dc9548eb4c416af26dc396a25fde4d5f,CLEAN_NEW_CANDIDATE,L14_CHAIN_PASS_TO_ACTOR_SOURCE_SEARCH,L15_ACTOR_CORROBORATED_2SOURCE,L16_INDEPENDENCE_PASS_TO_PHI_PRECHECK,L17_PRECHECK_PASS,N01
0xe02b595ca69d8d3e120043536e6e76caea385a82,CLEAN_NEW_CANDIDATE,L14_HOLD_TIMING_MISMATCH,,,,
0xe66b37de57b65691b9f4ac48de2c2b7be53c5c6f,CLEAN_NEW_CANDIDATE,L14_CHAIN_PASS_TO_ACTOR_SOURCE_SEARCH,L15_ACTOR_CORROBORATED_2SOURCE,L16_INDEPENDENCE_PASS_TO_PHI_PRECHECK,L17_PRECHECK_PASS,N07
0xe746c9043aa0106853c5e4380a9a307fe385378e,CLEAN_NEW_CANDIDATE,L14_CHAIN_PASS_TO_ACTOR_SOURCE_SEARCH,L15_ACTOR_CORROBORATED_2SOURCE,L16_INDEPENDENCE_PASS_TO_PHI_PRECHECK,L17_BLOCKED_RPC_OR_EXPLORER,
0xea75aec151f968b8de3789ca201a2a3a7faeefba,REPEAT_ACTOR_MULTI_INCIDENT,,,,,
0xee4b3dd20902fa3539706f25005fa51d3b7bdf1b,CLEAN_NEW_CANDIDATE,L14_HOLD_TIMING_MISMATCH,,,,
0xf6ffba5cbf285824000dac0b9431032169672b6e,EXISTING_OR_ALREADY_ADJUDICATED,,,,,
0xfce19f8f823759b5867ef9a5055a376f20c5e454,CLEAN_NEW_CANDIDATE,L14_HOLD_TIMING_MISMATCH,,,,
0xfd2d3ffb05ad00e61e3c8d8701cb9036b7a16d02,PROFESSIONAL_LAUNDERER_SUSPECT,L14_HOLD_TIMING_MISMATCH,,,,
0xff8ef7bc455a57e5893232203052ce0232b39fa2,PROFESSIONAL_LAUNDERER_SUSPECT,L14_HOLD_PROFESSIONAL_OR_SHARED_LAUNDERER,,,,
