crew,crew_type,n_events,n_background_in_cohort,auroc_logistic
Audius,known,1,7,0.7142857142857143
Beanstalk,known,1,14,0.2857142857142857
Convergence,known,1,10,0.6
N01,newly_gated,1,10,0.7
N02,newly_gated,1,5,0.8
N03,newly_gated,1,13,0.9230769230769231
N04,newly_gated,1,10,0.4
N05,newly_gated,1,13,1.0
N06,newly_gated,1,6,1.0
N07,newly_gated,1,7,1.0
N08,newly_gated,1,3,1.0
N09,newly_gated,1,5,1.0
N10,newly_gated,1,7,1.0
N11,newly_gated,1,4,0.0
N12,newly_gated,1,6,0.9166666666666667
Harmony,known,14,11,0.1103896103896104
Monkey,known,1,8,0.5
