event_id,crew,is_illicit,held_out_fold,model,score,rank_percentile
OLD-024,background,0,0,boosting,0.03591,0.5714
OLD-026,background,0,0,boosting,0.032,0.4286
OLD-030,background,0,0,boosting,0.03678,0.7143
OLD-071,background,0,0,boosting,0.00717,0.0
OLD-075,background,0,0,boosting,0.01729,0.1429
OLD-081,background,0,0,boosting,0.05515,0.8571
OLD-128,background,0,0,boosting,0.02554,0.2857
OLD-139,Audius,1,0,boosting,0.11468,1.0
OLD-001,background,0,1,boosting,0.04458,0.3571
OLD-035,background,0,1,boosting,0.05748,0.5
OLD-041,background,0,1,boosting,0.02619,0.2143
OLD-047,background,0,1,boosting,0.02156,0.1429
OLD-053,background,0,1,boosting,0.04737,0.4286
OLD-065,Beanstalk,1,1,boosting,0.02818,0.2857
OLD-066,background,0,1,boosting,0.18753,0.8571
OLD-073,background,0,1,boosting,0.0593,0.6429
OLD-115,background,0,1,boosting,0.26898,1.0
OLD-120,background,0,1,boosting,0.05758,0.5714
OLD-130,background,0,1,boosting,0.01634,0.0714
OLD-131,background,0,1,boosting,0.00491,0.0
OLD-132,background,0,1,boosting,0.09434,0.7857
OLD-143,background,0,1,boosting,0.06418,0.7143
OLD-150,background,0,1,boosting,0.23398,0.9286
CONV-0x03560a,Convergence,1,2,boosting,0.0299,0.1
OLD-003,background,0,2,boosting,0.0299,0.2
OLD-029,background,0,2,boosting,0.15519,0.8
OLD-045,background,0,2,boosting,0.0299,0.3
OLD-052,background,0,2,boosting,0.13369,0.7
OLD-067,background,0,2,boosting,0.0299,0.4
OLD-087,background,0,2,boosting,0.13215,0.6
OLD-109,background,0,2,boosting,0.02452,0.0
OLD-111,background,0,2,boosting,0.0299,0.5
OLD-125,background,0,2,boosting,0.19424,0.9
OLD-147,background,0,2,boosting,0.19424,1.0
NEW-001,N01,1,3,boosting,0.04832,0.5
OLD-034,background,0,3,boosting,0.03588,0.4
OLD-048,background,0,3,boosting,0.00665,0.0
OLD-064,background,0,3,boosting,0.00871,0.1
OLD-086,background,0,3,boosting,0.19392,0.8
OLD-093,background,0,3,boosting,0.19392,0.9
OLD-094,background,0,3,boosting,0.06823,0.6
OLD-107,background,0,3,boosting,0.06823,0.7
OLD-108,background,0,3,boosting,0.03256,0.3
OLD-119,background,0,3,boosting,0.27903,1.0
OLD-136,background,0,3,boosting,0.00879,0.2
NEW-002,N02,1,4,boosting,0.16282,1.0
OLD-050,background,0,4,boosting,0.03583,0.4
OLD-070,background,0,4,boosting,0.07661,0.8
OLD-079,background,0,4,boosting,0.00806,0.0
OLD-121,background,0,4,boosting,0.06879,0.6
OLD-135,background,0,4,boosting,0.00824,0.2
NEW-003,N03,1,5,boosting,0.15556,0.7692
OLD-016,background,0,5,boosting,0.00623,0.0769
OLD-018,background,0,5,boosting,0.01002,0.1538
OLD-028,background,0,5,boosting,0.08125,0.5385
OLD-042,background,0,5,boosting,0.04184,0.3846
OLD-059,background,0,5,boosting,0.00367,0.0
OLD-061,background,0,5,boosting,0.08125,0.6154
OLD-084,background,0,5,boosting,0.15556,0.8462
OLD-098,background,0,5,boosting,0.35259,1.0
OLD-103,background,0,5,boosting,0.15556,0.9231
OLD-113,background,0,5,boosting,0.03014,0.2308
OLD-114,background,0,5,boosting,0.05083,0.4615
OLD-117,background,0,5,boosting,0.08531,0.6923
OLD-118,background,0,5,boosting,0.03759,0.3077
NEW-004,N04,1,6,boosting,0.02148,0.3
OLD-006,background,0,6,boosting,0.20031,0.8
OLD-031,background,0,6,boosting,0.04484,0.4
OLD-032,background,0,6,boosting,0.07568,0.6
OLD-036,background,0,6,boosting,0.05039,0.5
OLD-055,background,0,6,boosting,0.27202,0.9
OLD-085,background,0,6,boosting,0.01055,0.1
OLD-091,background,0,6,boosting,0.12762,0.7
OLD-122,background,0,6,boosting,0.34898,1.0
OLD-134,background,0,6,boosting,0.01242,0.2
OLD-137,background,0,6,boosting,0.01002,0.0
NEW-005,N05,1,7,boosting,0.93081,1.0
OLD-000,background,0,7,boosting,0.04967,0.1538
OLD-014,background,0,7,boosting,0.16854,0.4615
OLD-039,background,0,7,boosting,0.16448,0.3846
OLD-062,background,0,7,boosting,0.01468,0.0
OLD-074,background,0,7,boosting,0.04929,0.0769
OLD-090,background,0,7,boosting,0.21604,0.6923
OLD-116,background,0,7,boosting,0.07308,0.2308
OLD-124,background,0,7,boosting,0.09017,0.3077
OLD-126,background,0,7,boosting,0.19293,0.6154
OLD-138,background,0,7,boosting,0.21604,0.7692
OLD-142,background,0,7,boosting,0.21604,0.8462
OLD-151,background,0,7,boosting,0.16854,0.5385
OLD-153,background,0,7,boosting,0.21604,0.9231
NEW-006,N06,1,8,boosting,0.15798,0.5
OLD-058,background,0,8,boosting,0.15798,0.6667
OLD-099,background,0,8,boosting,0.05646,0.1667
OLD-100,background,0,8,boosting,0.15798,0.8333
OLD-105,background,0,8,boosting,0.07704,0.3333
OLD-110,background,0,8,boosting,0.04167,0.0
OLD-148,background,0,8,boosting,0.18976,1.0
NEW-007,N07,1,9,boosting,0.21045,1.0
OLD-040,background,0,9,boosting,0.07235,0.5714
OLD-049,background,0,9,boosting,0.01453,0.0
OLD-060,background,0,9,boosting,0.01663,0.1429
OLD-076,background,0,9,boosting,0.18982,0.7143
OLD-082,background,0,9,boosting,0.01892,0.2857
OLD-096,background,0,9,boosting,0.0524,0.4286
OLD-141,background,0,9,boosting,0.18982,0.8571
NEW-008,N08,1,10,boosting,0.93583,1.0
OLD-072,background,0,10,boosting,0.10024,0.3333
OLD-097,background,0,10,boosting,0.17379,0.6667
OLD-102,background,0,10,boosting,0.02341,0.0
NEW-009,N09,1,11,boosting,0.14585,0.6
OLD-037,background,0,11,boosting,0.03515,0.4
OLD-078,background,0,11,boosting,0.0328,0.2
OLD-140,background,0,11,boosting,0.14585,0.8
OLD-145,background,0,11,boosting,0.03207,0.0
OLD-149,background,0,11,boosting,0.17508,1.0
NEW-010,N10,1,12,boosting,0.92175,1.0
OLD-004,background,0,12,boosting,0.3126,0.8571
OLD-023,background,0,12,boosting,0.0631,0.4286
OLD-043,background,0,12,boosting,0.05917,0.2857
OLD-051,background,0,12,boosting,0.00711,0.1429
OLD-095,background,0,12,boosting,0.13279,0.7143
OLD-106,background,0,12,boosting,0.0631,0.5714
OLD-155,background,0,12,boosting,0.00269,0.0
NEW-011,N11,1,13,boosting,0.17146,1.0
OLD-010,background,0,13,boosting,0.05021,0.75
OLD-068,background,0,13,boosting,0.00662,0.0
OLD-080,background,0,13,boosting,0.03522,0.5
OLD-104,background,0,13,boosting,0.03186,0.25
NEW-012,N12,1,14,boosting,0.14847,0.5
OLD-008,background,0,14,boosting,0.00552,0.0
OLD-015,background,0,14,boosting,0.22146,0.8333
OLD-020,background,0,14,boosting,0.02528,0.3333
OLD-057,background,0,14,boosting,0.14847,0.6667
OLD-088,background,0,14,boosting,0.0075,0.1667
OLD-127,background,0,14,boosting,0.35779,1.0
OLD-002,Harmony,1,15,boosting,0.01586,0.4583
OLD-007,Harmony,1,15,boosting,0.02727,0.5833
OLD-009,background,0,15,boosting,0.09087,0.875
OLD-013,Harmony,1,15,boosting,0.00963,0.125
OLD-017,Harmony,1,15,boosting,0.02727,0.5417
OLD-019,Harmony,1,15,boosting,0.02964,0.6667
OLD-021,Harmony,1,15,boosting,0.00963,0.1667
OLD-022,background,0,15,boosting,0.03887,0.7083
OLD-025,Harmony,1,15,boosting,0.02727,0.5
OLD-027,Harmony,1,15,boosting,0.00963,0.25
OLD-033,Harmony,1,15,boosting,0.00963,0.2917
OLD-038,Harmony,1,15,boosting,0.02727,0.625
OLD-044,Harmony,1,15,boosting,0.00963,0.375
OLD-046,Harmony,1,15,boosting,0.00963,0.3333
OLD-054,Harmony,1,15,boosting,0.00963,0.0833
OLD-056,Harmony,1,15,boosting,0.00963,0.2083
OLD-069,background,0,15,boosting,0.00332,0.0417
OLD-083,background,0,15,boosting,0.38627,1.0
OLD-089,background,0,15,boosting,0.10532,0.9167
OLD-092,background,0,15,boosting,0.00311,0.0
OLD-112,background,0,15,boosting,0.03893,0.75
OLD-129,background,0,15,boosting,0.01151,0.4167
OLD-133,background,0,15,boosting,0.26388,0.9583
OLD-144,background,0,15,boosting,0.05224,0.8333
OLD-146,background,0,15,boosting,0.04589,0.7917
OLD-005,background,0,16,boosting,0.04006,0.5
OLD-011,background,0,16,boosting,0.00426,0.0
OLD-012,background,0,16,boosting,0.33099,0.75
OLD-063,background,0,16,boosting,0.47014,0.875
OLD-077,background,0,16,boosting,0.0346,0.375
OLD-101,background,0,16,boosting,0.01193,0.125
OLD-123,background,0,16,boosting,0.77721,1.0
OLD-152,Monkey,1,16,boosting,0.02179,0.25
OLD-154,background,0,16,boosting,0.04716,0.625
OLD-024,background,0,0,logistic,0.37292,0.8571
OLD-026,background,0,0,logistic,0.19542,0.5714
OLD-030,background,0,0,logistic,0.15893,0.4286
OLD-071,background,0,0,logistic,0.00703,0.0
OLD-075,background,0,0,logistic,0.01647,0.2857
OLD-081,background,0,0,logistic,0.38719,1.0
OLD-128,background,0,0,logistic,0.00714,0.1429
OLD-139,Audius,1,0,logistic,0.35885,0.7143
OLD-001,background,0,1,logistic,0.38857,0.6429
OLD-035,background,0,1,logistic,0.11166,0.5714
OLD-041,background,0,1,logistic,0.01723,0.2143
OLD-047,background,0,1,logistic,0.02816,0.3571
OLD-053,background,0,1,logistic,0.06569,0.5
OLD-065,Beanstalk,1,1,logistic,0.02815,0.2857
OLD-066,background,0,1,logistic,0.49801,1.0
OLD-073,background,0,1,logistic,0.03993,0.4286
OLD-115,background,0,1,logistic,0.39976,0.7143
OLD-120,background,0,1,logistic,0.00432,0.0714
OLD-130,background,0,1,logistic,0.01605,0.1429
OLD-131,background,0,1,logistic,0.0007,0.0
OLD-132,background,0,1,logistic,0.41647,0.8571
OLD-143,background,0,1,logistic,0.41662,0.9286
OLD-150,background,0,1,logistic,0.41603,0.7857
CONV-0x03560a,Convergence,1,2,logistic,0.40889,0.6
OLD-003,background,0,2,logistic,0.40886,0.5
OLD-029,background,0,2,logistic,0.40877,0.3
OLD-045,background,0,2,logistic,0.4089,0.7
OLD-052,background,0,2,logistic,0.20575,0.1
OLD-067,background,0,2,logistic,0.40893,0.8
OLD-087,background,0,2,logistic,0.1518,0.0
OLD-109,background,0,2,logistic,0.21724,0.2
OLD-111,background,0,2,logistic,0.40882,0.4
OLD-125,background,0,2,logistic,0.52237,0.9
OLD-147,background,0,2,logistic,0.52237,1.0
NEW-001,N01,1,3,logistic,0.36823,0.7
OLD-034,background,0,3,logistic,0.2155,0.4
OLD-048,background,0,3,logistic,0.01822,0.1
OLD-064,background,0,3,logistic,0.00144,0.0
OLD-086,background,0,3,logistic,0.52229,0.9
OLD-093,background,0,3,logistic,0.52229,1.0
OLD-094,background,0,3,logistic,0.26609,0.5
OLD-107,background,0,3,logistic,0.27586,0.6
OLD-108,background,0,3,logistic,0.21549,0.3
OLD-119,background,0,3,logistic,0.36921,0.8
OLD-136,background,0,3,logistic,0.15925,0.2
NEW-002,N02,1,4,logistic,0.37545,0.8
OLD-050,background,0,4,logistic,0.34749,0.6
OLD-070,background,0,4,logistic,0.09731,0.2
OLD-079,background,0,4,logistic,0.08542,0.0
OLD-121,background,0,4,logistic,0.38028,1.0
OLD-135,background,0,4,logistic,0.18009,0.4
NEW-003,N03,1,5,logistic,0.44485,0.8462
OLD-016,background,0,5,logistic,0.00083,0.1538
OLD-018,background,0,5,logistic,0.00919,0.2308
OLD-028,background,0,5,logistic,0.43043,0.6923
OLD-042,background,0,5,logistic,0.1968,0.4615
OLD-059,background,0,5,logistic,0.02128,0.3077
OLD-061,background,0,5,logistic,0.43044,0.7692
OLD-084,background,0,5,logistic,0.44485,0.9231
OLD-098,background,0,5,logistic,0.0,0.0
OLD-103,background,0,5,logistic,0.44485,1.0
OLD-113,background,0,5,logistic,0.0,0.0769
OLD-114,background,0,5,logistic,0.38527,0.6154
OLD-117,background,0,5,logistic,0.23935,0.5385
OLD-118,background,0,5,logistic,0.12088,0.3846
NEW-004,N04,1,6,logistic,0.21229,0.4
OLD-006,background,0,6,logistic,0.5078,1.0
OLD-031,background,0,6,logistic,0.42292,0.8
OLD-032,background,0,6,logistic,0.05141,0.1
OLD-036,background,0,6,logistic,0.42297,0.9
OLD-055,background,0,6,logistic,0.23763,0.5
OLD-085,background,0,6,logistic,0.01804,0.0
OLD-091,background,0,6,logistic,0.42276,0.7
OLD-122,background,0,6,logistic,0.40592,0.6
OLD-134,background,0,6,logistic,0.11293,0.3
OLD-137,background,0,6,logistic,0.11225,0.2
NEW-005,N05,1,7,logistic,0.94891,1.0
OLD-000,background,0,7,logistic,0.4404,0.6154
OLD-014,background,0,7,logistic,0.43996,0.4615
OLD-039,background,0,7,logistic,0.29842,0.3077
OLD-062,background,0,7,logistic,0.01929,0.0
OLD-074,background,0,7,logistic,0.15694,0.0769
OLD-090,background,0,7,logistic,0.54935,0.6923
OLD-116,background,0,7,logistic,0.28221,0.1538
OLD-124,background,0,7,logistic,0.29498,0.2308
OLD-126,background,0,7,logistic,0.30751,0.3846
OLD-138,background,0,7,logistic,0.54935,0.7692
OLD-142,background,0,7,logistic,0.54935,0.8462
OLD-151,background,0,7,logistic,0.44019,0.5385
OLD-153,background,0,7,logistic,0.54935,0.9231
NEW-006,N06,1,8,logistic,0.45859,0.6667
OLD-058,background,0,8,logistic,0.45859,0.8333
OLD-099,background,0,8,logistic,0.07253,0.0
OLD-100,background,0,8,logistic,0.45859,1.0
OLD-105,background,0,8,logistic,0.08677,0.1667
OLD-110,background,0,8,logistic,0.2092,0.3333
OLD-148,background,0,8,logistic,0.43432,0.5
NEW-007,N07,1,9,logistic,0.6774,1.0
OLD-040,background,0,9,logistic,0.20363,0.4286
OLD-049,background,0,9,logistic,0.02257,0.1429
OLD-060,background,0,9,logistic,0.11451,0.2857
OLD-076,background,0,9,logistic,0.52771,0.7143
OLD-082,background,0,9,logistic,0.01232,0.0
OLD-096,background,0,9,logistic,0.2107,0.5714
OLD-141,background,0,9,logistic,0.52771,0.8571
NEW-008,N08,1,10,logistic,0.9434,1.0
OLD-072,background,0,10,logistic,0.22138,0.3333
OLD-097,background,0,10,logistic,0.22208,0.6667
OLD-102,background,0,10,logistic,0.0175,0.0
NEW-009,N09,1,11,logistic,0.44562,0.8
OLD-037,background,0,11,logistic,0.02421,0.2
OLD-078,background,0,11,logistic,0.01912,0.0
OLD-140,background,0,11,logistic,0.44562,1.0
OLD-145,background,0,11,logistic,0.35996,0.4
OLD-149,background,0,11,logistic,0.43689,0.6
NEW-010,N10,1,12,logistic,0.94369,1.0
OLD-004,background,0,12,logistic,0.33407,0.2857
OLD-023,background,0,12,logistic,0.45965,0.8571
OLD-043,background,0,12,logistic,0.45962,0.5714
OLD-051,background,0,12,logistic,0.03695,0.1429
OLD-095,background,0,12,logistic,0.45929,0.4286
OLD-106,background,0,12,logistic,0.45965,0.7143
OLD-155,background,0,12,logistic,0.00058,0.0
NEW-011,N11,1,13,logistic,4e-05,0.0
OLD-010,background,0,13,logistic,0.20369,0.5
OLD-068,background,0,13,logistic,0.00821,0.25
OLD-080,background,0,13,logistic,0.32074,1.0
OLD-104,background,0,13,logistic,0.21436,0.75
NEW-012,N12,1,14,logistic,0.44384,0.8333
OLD-008,background,0,14,logistic,0.001,0.0
OLD-015,background,0,14,logistic,0.30887,0.5
OLD-020,background,0,14,logistic,0.23251,0.3333
OLD-057,background,0,14,logistic,0.44384,1.0
OLD-088,background,0,14,logistic,0.03501,0.1667
OLD-127,background,0,14,logistic,0.43221,0.6667
OLD-002,Harmony,1,15,logistic,0.01363,0.5833
OLD-007,Harmony,1,15,logistic,0.00985,0.5417
OLD-009,background,0,15,logistic,0.27021,0.7917
OLD-013,Harmony,1,15,logistic,0.00714,0.3333
OLD-017,Harmony,1,15,logistic,0.01373,0.625
OLD-019,Harmony,1,15,logistic,0.0071,0.2917
OLD-021,Harmony,1,15,logistic,0.00731,0.375
OLD-022,background,0,15,logistic,0.04047,0.7083
OLD-025,Harmony,1,15,logistic,0.00669,0.0833
OLD-027,Harmony,1,15,logistic,0.00688,0.1667
OLD-033,Harmony,1,15,logistic,0.007,0.25
OLD-038,Harmony,1,15,logistic,0.00668,0.0417
OLD-044,Harmony,1,15,logistic,0.00679,0.125
OLD-046,Harmony,1,15,logistic,0.00691,0.2083
OLD-054,Harmony,1,15,logistic,0.00881,0.4167
OLD-056,Harmony,1,15,logistic,0.00894,0.4583
OLD-069,background,0,15,logistic,0.0096,0.5
OLD-083,background,0,15,logistic,0.56505,0.9167
OLD-089,background,0,15,logistic,0.3007,0.8333
OLD-092,background,0,15,logistic,0.00198,0.0
OLD-112,background,0,15,logistic,0.49006,0.875
OLD-129,background,0,15,logistic,0.02669,0.6667
OLD-133,background,0,15,logistic,0.57446,0.9583
OLD-144,background,0,15,logistic,0.57528,1.0
OLD-146,background,0,15,logistic,0.08088,0.75
OLD-005,background,0,16,logistic,0.17491,0.625
OLD-011,background,0,16,logistic,8e-05,0.0
OLD-012,background,0,16,logistic,0.39682,0.75
OLD-063,background,0,16,logistic,0.97805,1.0
OLD-077,background,0,16,logistic,0.01503,0.125
OLD-101,background,0,16,logistic,0.1128,0.375
OLD-123,background,0,16,logistic,0.47678,0.875
OLD-152,Monkey,1,16,logistic,0.12189,0.5
OLD-154,background,0,16,logistic,0.0175,0.25
