crew_set,model,shuffled_auroc
17_crews,logistic,0.48192738633915105
17_crews,logistic,0.514802844214609
17_crews,logistic,0.5750550103491279
17_crews,logistic,0.41412460088930675
17_crews,logistic,0.4696524064171123
17_crews,logistic,0.504392666157372
17_crews,logistic,0.5837544808133043
17_crews,logistic,0.4522660346189758
17_crews,logistic,0.6867700110347169
17_crews,logistic,0.5623770020828844
17_crews,logistic,0.6256047873694932
17_crews,logistic,0.5712301587301587
17_crews,logistic,0.5999389499389499
17_crews,logistic,0.6255750785162552
17_crews,logistic,0.5279279543985427
17_crews,logistic,0.5682126696832579
17_crews,logistic,0.6295754898696075
17_crews,logistic,0.7070297349709115
17_crews,logistic,0.6249066293183941
17_crews,logistic,0.6163757810816635
17_crews,logistic,0.33187270246093775
17_crews,logistic,0.3963928228634111
17_crews,logistic,0.5361506140917907
17_crews,logistic,0.7024390642037701
17_crews,logistic,0.51186232068585
17_crews,logistic,0.5928367384249738
17_crews,logistic,0.6598739495798319
17_crews,logistic,0.587764196587726
17_crews,logistic,0.48452903305844475
17_crews,logistic,0.633902698608581
17_crews,logistic,0.39154995331465914
17_crews,logistic,0.4452462570109629
17_crews,logistic,0.4237825899590606
17_crews,logistic,0.48758104640457584
17_crews,logistic,0.621014606308724
17_crews,logistic,0.5473676650147239
17_crews,logistic,0.554771698889346
17_crews,logistic,0.6475715461009579
17_crews,logistic,0.5230513767278473
17_crews,logistic,0.46802478567184447
17_crews,logistic,0.42501558898617725
17_crews,logistic,0.2622656755009696
17_crews,logistic,0.6265873015873016
17_crews,logistic,0.46451767187061305
17_crews,logistic,0.5638211461740873
17_crews,logistic,0.450233426704015
17_crews,logistic,0.35111538788009383
17_crews,logistic,0.537563090504267
17_crews,logistic,0.5879439188262717
17_crews,logistic,0.46352258852258854
17_crews,logistic,0.5800716440422322
17_crews,logistic,0.5027204821322468
17_crews,logistic,0.6568390759567231
17_crews,logistic,0.5284507975684447
17_crews,logistic,0.5881943220178514
17_crews,logistic,0.6127821524880348
17_crews,logistic,0.6187172304819364
17_crews,logistic,0.49158390628978865
17_crews,logistic,0.508354880413704
17_crews,logistic,0.6400555327025915
17_crews,logistic,0.5086758829405889
17_crews,logistic,0.4711972667855021
17_crews,logistic,0.4166493637081872
17_crews,logistic,0.6746487989135047
17_crews,logistic,0.372754206577736
17_crews,logistic,0.6896938845468258
17_crews,logistic,0.5145797013444072
17_crews,logistic,0.5232868438750792
17_crews,logistic,0.5503374076903489
17_crews,logistic,0.6311931532519768
17_crews,logistic,0.4691680868151456
17_crews,logistic,0.6977429433311786
17_crews,logistic,0.6291507512095746
17_crews,logistic,0.5726611623670448
17_crews,logistic,0.6180187459599225
17_crews,logistic,0.5647382029734971
17_crews,logistic,0.5495718333953629
17_crews,logistic,0.49782913165266107
17_crews,logistic,0.5023066802478567
17_crews,logistic,0.30062160062160065
17_crews,logistic,0.4906684818449525
17_crews,logistic,0.47646299778652723
17_crews,logistic,0.6296301737478209
17_crews,logistic,0.5126228346816583
17_crews,logistic,0.6028584160937102
17_crews,logistic,0.7848884775355364
17_crews,logistic,0.7427205147793383
17_crews,logistic,0.5058567249743721
17_crews,logistic,0.5557595998772469
17_crews,logistic,0.5795178677531618
17_crews,logistic,0.6186099847864552
17_crews,logistic,0.5438688762218175
17_crews,logistic,0.5331389199036258
17_crews,logistic,0.4128135753135754
17_crews,logistic,0.501062091503268
17_crews,logistic,0.6073034808328925
17_crews,logistic,0.5603288051817463
17_crews,logistic,0.5359263285733873
17_crews,logistic,0.6121594092182326
17_crews,logistic,0.7358112475759535
17_crews,logistic,0.5852686529157117
17_crews,logistic,0.5079086179926516
17_crews,logistic,0.4204995984407749
17_crews,logistic,0.6904017551076375
17_crews,logistic,0.3224484665661136
17_crews,logistic,0.6691176470588235
17_crews,logistic,0.42070135746606335
17_crews,logistic,0.6304357407298584
17_crews,logistic,0.533853238265003
17_crews,logistic,0.643306530071236
17_crews,logistic,0.4279950441715148
17_crews,logistic,0.6680160525748762
17_crews,logistic,0.5268946739534974
17_crews,logistic,0.37949550449550457
17_crews,logistic,0.5796218487394958
17_crews,logistic,0.6439988116458705
17_crews,logistic,0.48849287966935023
17_crews,logistic,0.5196262887439358
17_crews,logistic,0.4597498090145149
17_crews,logistic,0.5840309200603317
17_crews,logistic,0.5212886086835667
17_crews,logistic,0.5080568124685771
17_crews,logistic,0.40542986425339367
17_crews,logistic,0.4024626517273577
17_crews,logistic,0.4730561921738392
17_crews,logistic,0.5231603363956305
17_crews,logistic,0.6510210377857436
17_crews,logistic,0.34552996023584254
17_crews,logistic,0.5694251010427481
17_crews,logistic,0.713779602750191
17_crews,logistic,0.5236537971832089
17_crews,logistic,0.6802408375937787
17_crews,logistic,0.6094878977231919
17_crews,logistic,0.7266214177978885
17_crews,logistic,0.6023105978988331
17_crews,logistic,0.5127684407096172
17_crews,logistic,0.6248811645870469
17_crews,logistic,0.42577030812324934
17_crews,logistic,0.510980930833872
17_crews,logistic,0.5765812618753795
17_crews,logistic,0.5875314228255405
17_crews,logistic,0.47703277115041814
17_crews,logistic,0.5236263736263735
17_crews,logistic,0.594781688899336
17_crews,logistic,0.5679478201537025
17_crews,logistic,0.5390183346065699
17_crews,logistic,0.5040186937245761
17_crews,logistic,0.4600012732365674
17_crews,logistic,0.5639179448002978
17_crews,logistic,0.5923552754435107
17_crews,logistic,0.5210608019431548
17_crews,logistic,0.5353208882620648
17_crews,logistic,0.5825289089994973
17_crews,logistic,0.6493064125417066
17_crews,logistic,0.11930536783477959
17_crews,logistic,0.625660124189536
17_crews,logistic,0.5996243952126304
17_crews,logistic,0.5104736766501472
17_crews,logistic,0.41006885271591154
17_crews,logistic,0.5670464339581988
17_crews,logistic,0.3263655462184874
17_crews,logistic,0.5068588274470627
17_crews,logistic,0.5578134284016637
17_crews,logistic,0.5360262286732875
17_crews,logistic,0.6226567550096962
17_crews,logistic,0.5735077014488779
17_crews,logistic,0.5732370570605865
17_crews,logistic,0.6172789628671982
17_crews,logistic,0.5512980483568719
17_crews,logistic,0.5519320548732313
17_crews,logistic,0.4785319255907491
17_crews,logistic,0.4610071301247772
17_crews,logistic,0.592049617049617
17_crews,logistic,0.5676215940921823
17_crews,logistic,0.6033972563384329
17_crews,logistic,0.48352595117301006
17_crews,logistic,0.6636671335200747
17_crews,logistic,0.4534667946432653
17_crews,logistic,0.7724047194635429
17_crews,logistic,0.6141350479585774
17_crews,logistic,0.521110751993105
17_crews,logistic,0.37903828197945844
17_crews,logistic,0.4948807728219493
17_crews,logistic,0.582119188001541
17_crews,logistic,0.4496960555784085
17_crews,logistic,0.41279845271441906
17_crews,logistic,0.5518266047677813
17_crews,logistic,0.5586274836274836
17_crews,logistic,0.5586495204142262
17_crews,logistic,0.6786665948430655
17_crews,logistic,0.5143960614548849
17_crews,logistic,0.4831465919701214
17_crews,logistic,0.4347688259452966
17_crews,logistic,0.4528451940216647
17_crews,logistic,0.6112449641861407
17_crews,logistic,0.5120564076446429
17_crews,logistic,0.46121345974287153
17_crews,logistic,0.40294739107764316
17_crews,logistic,0.5212974933563168
17_crews,logistic,0.5097509516627163
17_crews,logistic,0.5691600882777353
17_crews,logistic,0.5149541634835753
17_crews,logistic,0.4871148459383754
17_crews,logistic,0.6504686489980607
17_crews,logistic,0.698612172141584
17_crews,logistic,0.5110639360639361
17_crews,logistic,0.5500177926648515
17_crews,logistic,0.6765465743406919
17_crews,logistic,0.444691338073691
17_crews,logistic,0.671498599439776
17_crews,logistic,0.5382083602671839
17_crews,logistic,0.5192394207100088
17_crews,logistic,0.532266752854988
17_crews,logistic,0.48304652863476394
17_crews,logistic,0.500960150960151
17_crews,logistic,0.4973048193636429
17_crews,logistic,0.5999045072574485
17_crews,logistic,0.6010956363897539
17_crews,logistic,0.5021316102198455
17_crews,logistic,0.5691431117901706
17_crews,logistic,0.7778873087696617
17_crews,logistic,0.5313371269253623
17_crews,logistic,0.3226237814473109
17_crews,logistic,0.610043224749107
17_crews,logistic,0.5433886375062846
17_crews,logistic,0.5100238813474107
17_crews,logistic,0.5829908653438065
17_crews,logistic,0.6158632217455748
17_crews,logistic,0.5228524743230625
17_crews,logistic,0.7075581281463635
17_crews,logistic,0.5672574157868275
17_crews,logistic,0.46753214106155283
17_crews,logistic,0.5544457176810118
17_crews,logistic,0.5263883175647882
17_crews,logistic,0.6148243912949797
17_crews,logistic,0.46403775962599486
17_crews,logistic,0.47463663787193205
17_crews,logistic,0.5774321266968326
17_crews,logistic,0.32920543508778805
17_crews,logistic,0.5318340972752738
17_crews,logistic,0.5356018164841695
17_crews,logistic,0.4918300653594771
17_crews,logistic,0.6215526303761598
17_crews,logistic,0.6091036414565827
17_crews,logistic,0.7104103412926942
17_crews,logistic,0.5357872519637226
17_crews,logistic,0.5814433932080991
17_crews,logistic,0.5752917833800187
17_crews,logistic,0.48473438326379503
17_crews,logistic,0.5616732940262352
17_crews,logistic,0.5101098248157072
17_crews,logistic,0.6026897122485357
17_crews,logistic,0.5960945916828271
17_crews,logistic,0.41957911369676076
17_crews,logistic,0.5722347913524385
17_crews,logistic,0.5391761832938303
17_crews,logistic,0.6197454506278035
17_crews,logistic,0.5076168929110105
17_crews,logistic,0.6137138188608777
17_crews,logistic,0.5226158645276292
17_crews,logistic,0.6077104268280739
17_crews,logistic,0.5697985021514435
17_crews,logistic,0.3925533616710087
17_crews,logistic,0.6681981417275535
17_crews,logistic,0.6862458619811561
17_crews,logistic,0.5778910631851808
17_crews,logistic,0.577427474486298
17_crews,logistic,0.46744970715558953
17_crews,logistic,0.570976735682618
17_crews,logistic,0.4549414637649931
17_crews,logistic,0.4097347097347098
17_crews,logistic,0.5110362676539147
17_crews,logistic,0.35279263220439694
17_crews,logistic,0.654808263631793
17_crews,logistic,0.6249582117229177
17_crews,logistic,0.5183248124424595
17_crews,logistic,0.4814309056956116
17_crews,logistic,0.5589959060547296
17_crews,logistic,0.5632543926661574
17_crews,logistic,0.3068044700397642
17_crews,logistic,0.6104278891043597
17_crews,logistic,0.6248042806866336
17_crews,logistic,0.6660937102113573
17_crews,logistic,0.5621983408748115
17_crews,logistic,0.6623977329859683
17_crews,logistic,0.5480545598192658
17_crews,logistic,0.6434505037446214
17_crews,logistic,0.4447802197802198
17_crews,logistic,0.7884496222731517
17_crews,logistic,0.5777374586198116
17_crews,logistic,0.5066293183940244
17_crews,logistic,0.4726423902894491
17_crews,logistic,0.5174912505794859
17_crews,logistic,0.5307638439991381
17_crews,logistic,0.43663465386154465
17_crews,logistic,0.5643349297761063
17_crews,logistic,0.6891711229946524
17_crews,logistic,0.4954227145403615
17_crews,logistic,0.5234970911441499
17_crews,logistic,0.4554848746025217
17_crews,logistic,0.5095174433409727
17_crews,logistic,0.5203827218533101
17_crews,logistic,0.5228872434754788
17_crews,logistic,0.6010414422179128
17_crews,logistic,0.3698610213316096
17_crews,logistic,0.49927996839761546
17_crews,logistic,0.5605212597859657
17_crews,logistic,0.35217625511743156
17_crews,logistic,0.5111019699254993
17_crews,logistic,0.5627271421389068
17_crews,logistic,0.5094914889032536
17_crews,logistic,0.6698391477803243
17_crews,logistic,0.39918839330604033
17_crews,logistic,0.42312736283324515
17_crews,logistic,0.4593455564043799
17_crews,logistic,0.4664061428767311
17_crews,logistic,0.45040792540792535
17_crews,logistic,0.5922854922854922
17_crews,logistic,0.5198317205670147
17_crews,logistic,0.678837012660542
17_crews,logistic,0.48710358269181797
17_crews,logistic,0.46601437777908367
17_crews,logistic,0.5090955613014436
17_crews,logistic,0.3633742074918545
17_crews,logistic,0.7661764705882353
17_crews,logistic,0.40705699529228945
17_crews,logistic,0.59058229352347
17_crews,logistic,0.4697101917690153
17_crews,logistic,0.5390289449112978
17_crews,logistic,0.4375448081330435
17_crews,logistic,0.4235597735597736
17_crews,logistic,0.27425303454715216
17_crews,logistic,0.6101370851370852
17_crews,logistic,0.5289299752535046
17_crews,logistic,0.6155525846702318
17_crews,logistic,0.5588127558715794
17_crews,logistic,0.6718678380443087
17_crews,logistic,0.5925727866904337
17_crews,logistic,0.6973559120617944
17_crews,logistic,0.6967654894125482
17_crews,logistic,0.6037178507766743
17_crews,logistic,0.4839611369023134
17_crews,logistic,0.5462953712953713
17_crews,logistic,0.4884581105169341
17_crews,logistic,0.6314659197012139
17_crews,logistic,0.4781268568033273
17_crews,logistic,0.4240276063805476
17_crews,logistic,0.6622553916671564
17_crews,logistic,0.5933132227249875
17_crews,logistic,0.7397476706300236
17_crews,logistic,0.48147408147408155
17_crews,logistic,0.5747899159663865
17_crews,logistic,0.5801712992889463
17_crews,logistic,0.5012636872930991
17_crews,logistic,0.4955821955821956
17_crews,logistic,0.5544489007724303
17_crews,logistic,0.4708123575770634
17_crews,logistic,0.4241822719763896
17_crews,logistic,0.5666886218356806
17_crews,logistic,0.4646813970343382
17_crews,logistic,0.5299115100585688
17_crews,logistic,0.459486102133161
17_crews,logistic,0.5740100585688821
17_crews,logistic,0.5185953752130222
17_crews,logistic,0.33967535732241616
17_crews,logistic,0.6454223064517182
17_crews,logistic,0.7037464985994397
17_crews,logistic,0.5760687025392908
17_crews,logistic,0.6675925381807735
17_crews,logistic,0.3688483085541909
17_crews,logistic,0.6301784816490699
17_crews,logistic,0.6340039045921398
17_crews,logistic,0.5241865977160094
17_crews,logistic,0.6514034984623219
17_crews,logistic,0.461490143843085
17_crews,logistic,0.6437579577285459
17_crews,logistic,0.38804234980705565
17_crews,logistic,0.534733893557423
17_crews,logistic,0.6433241595006303
17_crews,logistic,0.5740547034664683
17_crews,logistic,0.700434532787474
17_crews,logistic,0.45261013496307617
17_crews,logistic,0.7308257102374749
17_crews,logistic,0.5944069002892532
17_crews,logistic,0.5590811965811966
17_crews,logistic,0.4530130000718236
17_crews,logistic,0.5591800356506239
17_crews,logistic,0.42882819794584504
17_crews,logistic,0.803248875307699
17_crews,logistic,0.5229571082512259
17_crews,logistic,0.6478415375474198
17_crews,logistic,0.661184077360548
17_crews,logistic,0.4292895013483249
17_crews,logistic,0.49265415956592423
17_crews,logistic,0.6952338511162041
17_crews,logistic,0.27457264957264954
17_crews,logistic,0.5163023251258545
17_crews,logistic,0.5368006176829706
17_crews,logistic,0.30714285714285716
17_crews,logistic,0.481324068088774
17_crews,logistic,0.5812181282769519
17_crews,logistic,0.5967436974789915
17_crews,logistic,0.5296796340913988
17_crews,logistic,0.5792860734037204
17_crews,logistic,0.6028518866754161
17_crews,logistic,0.6323996265172737
17_crews,logistic,0.5622162151573916
17_crews,logistic,0.5765905662964487
17_crews,logistic,0.3891456582633053
17_crews,logistic,0.38692288104052813
17_crews,logistic,0.6117715617715618
17_crews,logistic,0.3759480715363069
17_crews,logistic,0.34155525846702317
17_crews,logistic,0.6018292165350989
17_crews,logistic,0.5233090438972791
17_crews,logistic,0.593065268065268
17_crews,logistic,0.47715389185977425
17_crews,logistic,0.42714213890684477
17_crews,logistic,0.3625727213962508
17_crews,logistic,0.632832526950174
17_crews,logistic,0.6282128002716237
17_crews,logistic,0.6082696715049656
17_crews,logistic,0.5241157535275182
17_crews,logistic,0.6063789152024446
17_crews,logistic,0.4605854929384341
17_crews,logistic,0.5488655135713958
17_crews,logistic,0.7233678086619263
17_crews,logistic,0.3824714501185089
17_crews,logistic,0.44379084967320265
17_crews,logistic,0.6158390628978864
17_crews,logistic,0.5028025895672955
17_crews,logistic,0.4305416805416805
17_crews,logistic,0.6023569567687216
17_crews,logistic,0.5580022918258214
17_crews,logistic,0.4937636709695533
17_crews,logistic,0.29456899309840484
17_crews,logistic,0.5251935972524207
17_crews,logistic,0.2948539672279168
17_crews,logistic,0.3704798469504351
17_crews,logistic,0.5482630114983057
17_crews,logistic,0.6010198135198135
17_crews,logistic,0.4530778045483928
17_crews,logistic,0.6393361540420364
17_crews,logistic,0.44549062049062055
17_crews,logistic,0.6201166480578246
17_crews,logistic,0.5843246622658388
17_crews,logistic,0.35991418712006945
17_crews,logistic,0.5324229691876751
17_crews,logistic,0.42391725921137685
17_crews,logistic,0.5975929299458711
17_crews,logistic,0.6550096961861668
17_crews,logistic,0.6372872225813403
17_crews,logistic,0.37599312452253625
17_crews,logistic,0.44232058790882317
17_crews,logistic,0.5551899081310846
17_crews,logistic,0.6901832527882948
17_crews,logistic,0.5459553518377048
17_crews,logistic,0.6264059469941823
17_crews,logistic,0.5250825971414207
17_crews,logistic,0.663995318407083
17_crews,logistic,0.5973803973803973
17_crews,logistic,0.6865513571395925
17_crews,logistic,0.6130492056962646
17_crews,logistic,0.45828583181524357
17_crews,logistic,0.48579186919523065
17_crews,logistic,0.4151673489908784
17_crews,logistic,0.5268144437262084
17_crews,logistic,0.5456618544853838
17_crews,logistic,0.5540116745999099
17_crews,logistic,0.46609991315873667
17_crews,logistic,0.750668449197861
17_crews,logistic,0.4923238526179703
17_crews,logistic,0.4920175412822471
17_crews,logistic,0.6586792292674645
17_crews,logistic,0.569657793187205
17_crews,logistic,0.49821110262286733
17_crews,logistic,0.5133369898075779
17_crews,logistic,0.4944274679568798
17_crews,logistic,0.3843837535014006
17_crews,logistic,0.5387380593262945
17_crews,logistic,0.6154602750190985
17_crews,logistic,0.40669395963513605
17_crews,logistic,0.650273256155609
17_crews,logistic,0.5933311786252963
17_crews,logistic,0.5637414056531703
17_crews,logistic,0.4879419600007836
17_crews,logistic,0.4136949651655534
17_crews,logistic,0.5345030786207258
17_crews,logistic,0.5587654992066757
17_crews,logistic,0.562920168067227
17_crews,logistic,0.23339062897886428
17_crews,logistic,0.35465661789191205
17_crews,logistic,0.5542582417582418
17_crews,logistic,0.6251957193133665
17_crews,logistic,0.5844807153630683
17_crews,logistic,0.6081976846682728
17_crews,logistic,0.40286837345660875
17_crews,logistic,0.5303442472560119
17_crews,logistic,0.5863211951447246
17_crews,logistic,0.6109371021135728
17_crews,logistic,0.5993472214060449
17_crews,logistic,0.5128845011197951
17_crews,logistic,0.48601659778130374
17_crews,logistic,0.5581465919701214
17_crews,logistic,0.4802772391007686
17_crews,logistic,0.5254004165768871
17_crews,logistic,0.5192805560452619
17_crews,logistic,0.4280303030303031
17_crews,logistic,0.6764211278917162
17_crews,logistic,0.5116633366633367
17_crews,logistic,0.44040205825920115
17_crews,logistic,0.6664852304558186
17_crews,logistic,0.5742318139376963
17_crews,logistic,0.5519257703081233
17_crews,logistic,0.45197433285668576
17_crews,logistic,0.41856550312432667
17_crews,logistic,0.3885195686666275
17_crews,logistic,0.3590647914177326
17_crews,logistic,0.49040464670716777
17_crews,logistic,0.46248473748473756
17_crews,logistic,0.6850340835634954
17_crews,logistic,0.43795787545787546
17_crews,logistic,0.42464741141211737
17_crews,logistic,0.656905186316951
17_crews,logistic,0.6362172141583906
17_crews,logistic,0.6021241830065359
17_crews,logistic,0.40278447043152926
17_crews,logistic,0.6247177658942364
17_crews,logistic,0.6037041389982566
17_crews,logistic,0.5750902692079163
17_crews,logistic,0.5055296011178364
17_crews,logistic,0.5031618708089297
17_crews,logistic,0.6440336624160152
17_crews,logistic,0.2433612139494492
17_crews,logistic,0.5810885193238134
17_crews,logistic,0.6914583782230842
17_crews,logistic,0.47937699555346613
17_crews,logistic,0.6279860662213603
17_crews,logistic,0.5669172330937037
17_crews,logistic,0.17691050779286074
17_crews,logistic,0.4142528223410576
17_crews,logistic,0.4342920151743681
17_crews,logistic,0.6741670094611271
17_crews,logistic,0.39892313568784155
17_crews,logistic,0.5558054690407631
17_crews,logistic,0.563345314815903
17_crews,logistic,0.4559703368526898
17_crews,logistic,0.6173117731941261
17_crews,logistic,0.4682497241320771
17_crews,logistic,0.6235150470444588
17_crews,logistic,0.3876802935626465
17_crews,logistic,0.5830855419090714
17_crews,logistic,0.47579430373548015
17_crews,logistic,0.33536414565826334
17_crews,logistic,0.6026662879604057
17_crews,logistic,0.6394442159148042
17_crews,logistic,0.46763122498416615
17_crews,logistic,0.5817226890756304
17_crews,logistic,0.306851971557854
17_crews,logistic,0.5981764967059084
17_crews,logistic,0.5347069597069597
17_crews,logistic,0.6082451861863627
17_crews,logistic,0.5475490196078432
17_crews,logistic,0.4050402212166918
17_crews,logistic,0.555693244663833
17_crews,logistic,0.6373180740827801
17_crews,logistic,0.6675711543358602
17_crews,logistic,0.5479334391099098
17_crews,logistic,0.6519127930892638
17_crews,logistic,0.48906273465096994
17_crews,logistic,0.49764761382408446
17_crews,logistic,0.33048340548340555
17_crews,logistic,0.6629084967320262
17_crews,logistic,0.5381438822615293
17_crews,logistic,0.6216910540439953
17_crews,logistic,0.5679810385692738
17_crews,logistic,0.6722708663885134
17_crews,logistic,0.4892903664962489
17_crews,logistic,0.5752184090419384
17_crews,logistic,0.26902533740769036
17_crews,logistic,0.6422801055153996
17_crews,logistic,0.4546433958198664
17_crews,logistic,0.47968942821884
17_crews,logistic,0.4277031791737674
17_crews,logistic,0.5913451744334096
17_crews,logistic,0.47216215157391633
17_crews,logistic,0.5764137822961352
17_crews,logistic,0.430682879212291
17_crews,logistic,0.6045002383237678
17_crews,logistic,0.4797237076648842
17_crews,logistic,0.4007120330649742
17_crews,logistic,0.5248359483653601
17_crews,logistic,0.46839353457000515
17_crews,logistic,0.5844476601829542
17_crews,logistic,0.4471108140225788
17_crews,logistic,0.4751692751692752
17_crews,logistic,0.44308159161100336
17_crews,logistic,0.6787007110536522
17_crews,logistic,0.5839022089022089
17_crews,logistic,0.6005918917683625
17_crews,logistic,0.7023427552839319
17_crews,logistic,0.511748790425261
17_crews,logistic,0.4839195118606883
17_crews,logistic,0.39105649252708075
17_crews,logistic,0.4585434173669468
17_crews,logistic,0.432116902705138
17_crews,logistic,0.5200280112044818
17_crews,logistic,0.45336134453781507
17_crews,logistic,0.5859513035983624
17_crews,logistic,0.4029311724689877
17_crews,logistic,0.4280773148420208
17_crews,logistic,0.36428147016382306
17_crews,logistic,0.4664433605610076
17_crews,logistic,0.46644703335879806
17_crews,logistic,0.48435845200551086
17_crews,logistic,0.45319011054305175
17_crews,logistic,0.5837122028298499
17_crews,logistic,0.5073312308606427
17_crews,logistic,0.4393616187733835
17_crews,logistic,0.49230810039633566
17_crews,logistic,0.8135345047109753
17_crews,logistic,0.5754740357681535
17_crews,logistic,0.6448412698412698
17_crews,logistic,0.4240635181811653
17_crews,logistic,0.4667838230863441
17_crews,logistic,0.6466943187531423
17_crews,logistic,0.6578708056649233
17_crews,logistic,0.45359689330277564
17_crews,logistic,0.4977106227106227
17_crews,logistic,0.45327842092547976
17_crews,logistic,0.44909445130033365
17_crews,logistic,0.40613895908013553
17_crews,logistic,0.439831083948731
17_crews,logistic,0.637761176731765
17_crews,logistic,0.3280192846369317
17_crews,logistic,0.33687423687423684
17_crews,logistic,0.5399949723479135
17_crews,logistic,0.5460053018876548
17_crews,logistic,0.569438731203437
17_crews,logistic,0.5582498383968972
17_crews,logistic,0.6427910324969148
17_crews,logistic,0.5808283220047925
17_crews,logistic,0.596545284780579
17_crews,logistic,0.46973337120395947
17_crews,logistic,0.5781972929031753
17_crews,logistic,0.45462184873949585
17_crews,logistic,0.47086475615887374
17_crews,logistic,0.5812899518781872
17_crews,logistic,0.2794661221131809
17_crews,logistic,0.32254461225049463
17_crews,logistic,0.4262626262626263
17_crews,logistic,0.6253151260504202
17_crews,logistic,0.5122846108140227
17_crews,logistic,0.4116530528295234
17_crews,logistic,0.1566149536737772
17_crews,logistic,0.6146954352836707
17_crews,logistic,0.5962286079933139
17_crews,logistic,0.5093604108309991
17_crews,logistic,0.6024895039600923
17_crews,logistic,0.4067821067821068
17_crews,logistic,0.6496689584924881
17_crews,logistic,0.536674599909894
17_crews,logistic,0.5444731738849387
17_crews,logistic,0.5729350714644832
17_crews,logistic,0.6126723766429649
17_crews,logistic,0.6175246322305147
17_crews,logistic,0.4231182216476334
17_crews,logistic,0.5124586198115609
17_crews,logistic,0.7364610063139476
17_crews,logistic,0.3249342161106867
17_crews,logistic,0.6220656794186207
17_crews,logistic,0.4180121349238996
17_crews,logistic,0.5502228163992869
17_crews,logistic,0.5016532487120723
17_crews,logistic,0.643044863633099
17_crews,logistic,0.6423966556319498
17_crews,logistic,0.5385957180074827
17_crews,logistic,0.530191050779286
17_crews,logistic,0.5989500695383049
17_crews,logistic,0.349735803412274
17_crews,logistic,0.6168186388774624
17_crews,logistic,0.390986790986791
17_crews,logistic,0.27522069433834134
17_crews,logistic,0.5270304858540154
17_crews,logistic,0.5640628978864273
17_crews,logistic,0.642577030812325
17_crews,logistic,0.43474466709760823
17_crews,logistic,0.45389822595704954
17_crews,logistic,0.47884590899296786
17_crews,logistic,0.5338457294339647
17_crews,logistic,0.570784444313856
17_crews,logistic,0.6933976154564389
17_crews,logistic,0.3388378778084661
17_crews,logistic,0.5078397093102975
17_crews,logistic,0.5739567621920564
17_crews,logistic,0.4956179441473559
17_crews,logistic,0.5305617585029349
17_crews,logistic,0.6515494309611958
17_crews,logistic,0.5553786083197847
17_crews,logistic,0.6101008468655527
17_crews,logistic,0.42363763687293104
17_crews,logistic,0.5665571356747827
17_crews,logistic,0.35947532859297565
17_crews,logistic,0.5587662337662338
17_crews,logistic,0.569754428577958
17_crews,logistic,0.3466211892682481
17_crews,logistic,0.4229394788218318
17_crews,logistic,0.5458786311727488
17_crews,logistic,0.48342458195399374
17_crews,logistic,0.5495969716557952
17_crews,logistic,0.40978482302011715
17_crews,logistic,0.6475873799403211
17_crews,logistic,0.6385472370766488
17_crews,logistic,0.5105381546558019
17_crews,logistic,0.5032616076733724
17_crews,logistic,0.7652607196724843
17_crews,logistic,0.516526284173343
17_crews,logistic,0.3954640947288007
17_crews,logistic,0.6615043453278747
17_crews,logistic,0.5032891128479364
17_crews,logistic,0.5071622821622821
17_crews,logistic,0.49494851553675084
17_crews,logistic,0.47507002801120446
17_crews,logistic,0.5756811815635345
17_crews,logistic,0.43009245656304484
17_crews,logistic,0.6649531840708311
17_crews,logistic,0.620433977786919
17_crews,logistic,0.5648834825305413
17_crews,logistic,0.5959563312504489
17_crews,logistic,0.41134249737190914
17_crews,logistic,0.5579192865957572
17_crews,logistic,0.48455319190613305
17_crews,logistic,0.5027533740769035
17_crews,logistic,0.5316698007874479
17_crews,logistic,0.4115181387240211
17_crews,logistic,0.5626056949586361
17_crews,logistic,0.548213224683813
17_crews,logistic,0.42075906120023765
17_crews,logistic,0.646882855706385
17_crews,logistic,0.5092730798613152
17_crews,logistic,0.39424072659366777
17_crews,logistic,0.5004712607653784
17_crews,logistic,0.6861032758091582
17_crews,logistic,0.4259040795805502
17_crews,logistic,0.5253025569202041
17_crews,logistic,0.6395772528125468
17_crews,logistic,0.5658421643715762
17_crews,logistic,0.4449829582182523
17_crews,logistic,0.5345399698340875
17_crews,logistic,0.6286899375134669
17_crews,logistic,0.5378260628260628
17_crews,logistic,0.6074678589384471
17_crews,logistic,0.5027923057334821
17_crews,logistic,0.5109477124183007
17_crews,logistic,0.5840994789524201
17_crews,logistic,0.5084583716936658
17_crews,logistic,0.6738795518207282
17_crews,logistic,0.40617944147355917
17_crews,logistic,0.5758403361344538
17_crews,logistic,0.6169808949220714
17_crews,logistic,0.6870639164756812
17_crews,logistic,0.5689560439560439
17_crews,logistic,0.44948335977747744
17_crews,logistic,0.4669136419136419
17_crews,logistic,0.6748051784816491
17_crews,logistic,0.5111272714213891
17_crews,logistic,0.610162386632975
17_crews,logistic,0.4256657558128147
17_crews,logistic,0.5868411000763941
17_crews,logistic,0.5705642396818867
17_crews,logistic,0.6346479500891266
17_crews,logistic,0.5673308717426364
17_crews,logistic,0.563993849287967
17_crews,logistic,0.6137396916808682
17_crews,logistic,0.6824743883567413
17_crews,logistic,0.4749285028696793
17_crews,logistic,0.6106569900687547
17_crews,logistic,0.6833503098208981
17_crews,logistic,0.5700504560798679
17_crews,logistic,0.4840308384426031
17_crews,logistic,0.6791962939021763
17_crews,logistic,0.4944256723668488
17_crews,logistic,0.4317099567099567
17_crews,logistic,0.5462617447911566
17_crews,logistic,0.47177601809954745
17_crews,logistic,0.5795302736479208
17_crews,logistic,0.5792591395532574
17_crews,logistic,0.6527475792181674
17_crews,logistic,0.7618610148021913
17_crews,logistic,0.4314704902940197
17_crews,logistic,0.499157705040058
17_crews,logistic,0.5325184619302266
17_crews,logistic,0.594831638949286
17_crews,logistic,0.5602686529157117
17_crews,logistic,0.601807995925643
17_crews,logistic,0.6647858677270442
17_crews,logistic,0.4626900876900877
17_crews,logistic,0.4823331896861309
17_crews,logistic,0.45739717798541335
17_crews,logistic,0.5847143869202692
17_crews,logistic,0.4798781284075402
17_crews,logistic,0.4669019705784412
17_crews,logistic,0.594821028644558
17_crews,logistic,0.5627090230031407
17_crews,logistic,0.6757523522229405
17_crews,logistic,0.513942593354358
17_crews,logistic,0.4793183940242764
17_crews,logistic,0.44882650029708854
17_crews,logistic,0.47435268979386624
17_crews,logistic,0.4608553211494387
17_crews,logistic,0.48835772071066197
17_crews,logistic,0.6020623167681992
17_crews,logistic,0.4411531279178338
17_crews,logistic,0.6705755029284441
17_crews,logistic,0.5762495674260382
17_crews,logistic,0.6862260288730877
17_crews,logistic,0.5014790764790764
17_crews,logistic,0.6473144502556267
17_crews,logistic,0.4608965381024205
17_crews,logistic,0.5754147812971343
17_crews,logistic,0.654188785071138
17_crews,logistic,0.4755135387488329
17_crews,logistic,0.5760541745835863
17_crews,logistic,0.5832399626517273
17_crews,logistic,0.6730694142458848
17_crews,logistic,0.4674691321750145
17_crews,logistic,0.5480927569162863
17_crews,logistic,0.24969017910194377
17_crews,logistic,0.5669213139801376
17_crews,logistic,0.5587837815778993
17_crews,logistic,0.49307604160545326
17_crews,logistic,0.557174198350669
17_crews,logistic,0.5101615704556881
17_crews,logistic,0.49899169457992987
17_crews,logistic,0.6384461943285471
17_crews,logistic,0.5217543077837195
17_crews,logistic,0.6198386580739521
17_crews,logistic,0.6063429217840983
17_crews,logistic,0.42712565212565207
17_crews,logistic,0.47276791835615367
17_crews,logistic,0.5031767252355488
17_crews,logistic,0.44616788440317856
17_crews,logistic,0.6268610474492827
17_crews,logistic,0.5406195112077465
17_crews,logistic,0.5287506611036022
17_crews,logistic,0.34970168720168726
17_crews,logistic,0.2539689885278121
17_crews,logistic,0.517368579133285
17_crews,logistic,0.5878924996572055
17_crews,logistic,0.528781512605042
17_crews,logistic,0.6364636180812652
17_crews,logistic,0.49558317499493976
17_crews,logistic,0.4489877769289534
17_crews,logistic,0.33755117431588016
17_crews,logistic,0.4336413586413586
17_crews,logistic,0.4611723244076185
17_crews,logistic,0.5625350140056022
17_crews,logistic,0.42603866721513783
17_crews,logistic,0.31201878187172305
17_crews,logistic,0.5877896613190731
17_crews,logistic,0.5893467643467644
17_crews,logistic,0.5263726469608823
17_crews,logistic,0.561401833460657
17_crews,logistic,0.3902032607914961
17_crews,logistic,0.5644546629840748
17_crews,logistic,0.4844887955182073
17_crews,logistic,0.664335990806579
17_crews,logistic,0.5067099567099567
17_crews,logistic,0.3806208497384968
17_crews,logistic,0.5692322383498855
17_crews,logistic,0.6076394194041252
17_crews,logistic,0.6357270180799592
17_crews,logistic,0.5039311179017062
17_crews,logistic,0.5370035193564605
17_crews,logistic,0.3484637911108499
17_crews,logistic,0.39834479246243953
17_crews,logistic,0.5319838658073951
17_crews,logistic,0.6023438163144046
17_crews,logistic,0.5478991596638656
17_crews,logistic,0.4258403361344538
17_crews,logistic,0.6752249384602327
17_crews,logistic,0.5493488537606186
17_crews,logistic,0.7218559218559218
17_crews,logistic,0.5902391725921138
17_crews,logistic,0.33961463373228074
17_crews,logistic,0.6695638511814982
17_crews,logistic,0.6483095336036512
17_crews,logistic,0.663723368135133
17_crews,logistic,0.3258376427494074
17_crews,logistic,0.27704011674599915
17_crews,logistic,0.49038804332921987
17_crews,logistic,0.6598081656905186
17_crews,logistic,0.651600033952975
17_crews,logistic,0.39354469060351416
17_crews,logistic,0.5462917801153094
17_crews,logistic,0.468854837972485
17_crews,logistic,0.4517622899975841
17_crews,logistic,0.5836726998491704
17_crews,logistic,0.5390300875594993
17_crews,logistic,0.2959447415329768
17_crews,logistic,0.5182170770406065
17_crews,logistic,0.5340802987861811
17_crews,logistic,0.6045230912877971
17_crews,logistic,0.601175621763857
17_crews,logistic,0.5654406051464875
17_crews,logistic,0.48857049812932163
17_crews,logistic,0.5259075891428833
17_crews,logistic,0.6491564807741278
17_crews,logistic,0.6237936083524319
17_crews,logistic,0.682720220955515
17_crews,logistic,0.7078054298642534
17_crews,logistic,0.5222467075408251
17_crews,logistic,0.41315612492083076
17_crews,logistic,0.45784019901666956
17_crews,logistic,0.5901160930572695
17_crews,logistic,0.6013765646118587
17_crews,logistic,0.44283097854526426
17_crews,logistic,0.49581382669617957
17_crews,logistic,0.6298157724628313
17_crews,logistic,0.24054295377824791
17_crews,logistic,0.5969270925153278
17_crews,logistic,0.4994347156111862
17_crews,logistic,0.619088999236058
17_crews,logistic,0.48186584657172893
17_crews,logistic,0.5305196437549379
17_crews,logistic,0.5920846310552194
17_crews,logistic,0.5357942710883888
17_crews,logistic,0.4664226296579238
17_crews,logistic,0.48046757164404225
17_crews,logistic,0.422875816993464
17_crews,logistic,0.5179835687188628
17_crews,logistic,0.40546398046398047
17_crews,logistic,0.6267345399698341
17_crews,logistic,0.5858664211605389
17_crews,logistic,0.45533273915626854
17_crews,logistic,0.5780371589195119
17_crews,logistic,0.6543489190548015
17_crews,logistic,0.44002100840336134
17_crews,logistic,0.5456688736100501
17_crews,logistic,0.587748036277448
17_crews,logistic,0.4741834962423197
17_crews,logistic,0.4413705575470282
17_crews,logistic,0.23854413560295917
17_crews,logistic,0.6173591114767586
17_crews,logistic,0.5460830019653549
17_crews,logistic,0.4147972125913303
17_crews,logistic,0.461933001638884
17_crews,logistic,0.48003842562666094
17_crews,logistic,0.2666882137470373
17_crews,logistic,0.4320028011204482
17_crews,logistic,0.5271477705301235
17_crews,logistic,0.38808626014508363
17_crews,logistic,0.5716327789857202
17_crews,logistic,0.6953799468505351
17_crews,logistic,0.6136681945505476
17_crews,logistic,0.39970552323493497
17_crews,logistic,0.5730679451267686
17_crews,logistic,0.5221118750530516
17_crews,logistic,0.5693445443445444
17_crews,logistic,0.4901552695670343
17_crews,logistic,0.4487861811391223
17_crews,logistic,0.5437904415845594
17_crews,logistic,0.6351501439736734
17_crews,logistic,0.5436254921549039
17_crews,logistic,0.7293144763732998
17_crews,logistic,0.6301502419149478
17_crews,logistic,0.5669080919080919
17_crews,logistic,0.4643973673385438
17_crews,logistic,0.618560606060606
17_crews,logistic,0.5695103915692151
17_crews,logistic,0.566965877259995
17_crews,logistic,0.5153960418666301
17_crews,logistic,0.4829131652661064
17_crews,logistic,0.5931839402427639
17_crews,logistic,0.5725166989872872
17_crews,logistic,0.6428298825357648
17_crews,logistic,0.4825667796256031
17_crews,logistic,0.4438949938949939
17_crews,logistic,0.4413526016467193
17_crews,logistic,0.5417690152984269
17_crews,logistic,0.5041762159409219
17_crews,logistic,0.5797974900916077
17_crews,logistic,0.5519795563913211
17_crews,logistic,0.5193600517129929
17_crews,logistic,0.7562750974515681
17_crews,logistic,0.4409665497900792
17_crews,logistic,0.6672851658145776
17_crews,logistic,0.37076061193708254
17_crews,logistic,0.38203463203463206
17_crews,logistic,0.5356365856365857
17_crews,logistic,0.6007618198794669
17_crews,logistic,0.5139323095205448
17_crews,logistic,0.6000297088532381
17_crews,logistic,0.4475387357740299
17_crews,logistic,0.6437954202660086
17_crews,logistic,0.5151257239492533
17_crews,logistic,0.4304990760873114
17_crews,logistic,0.5783200459671047
17_crews,logistic,0.5003968253968254
17_crews,logistic,0.4640707331883802
18_crews,logistic,0.6596509971509972
18_crews,logistic,0.5829314975148309
18_crews,logistic,0.4336038961038961
18_crews,logistic,0.583367095867096
18_crews,logistic,0.45837742504409174
18_crews,logistic,0.4382033090366424
18_crews,logistic,0.4774820858154192
18_crews,logistic,0.6007645903479237
18_crews,logistic,0.49114959114959117
18_crews,logistic,0.35254930254930256
18_crews,logistic,0.5811184186184186
18_crews,logistic,0.4768899310565977
18_crews,logistic,0.26614157447490777
18_crews,logistic,0.5821339154672489
18_crews,logistic,0.5341229757896424
18_crews,logistic,0.4457712041045375
18_crews,logistic,0.5390051306717972
18_crews,logistic,0.6268748997915664
18_crews,logistic,0.41321147987814655
18_crews,logistic,0.42339093886712936
18_crews,logistic,0.6003928170594838
18_crews,logistic,0.5368225909892577
18_crews,logistic,0.6737754529421197
18_crews,logistic,0.4524821628988296
18_crews,logistic,0.5874650812150812
18_crews,logistic,0.6058319766653101
18_crews,logistic,0.4086399711399711
18_crews,logistic,0.6408479637646303
18_crews,logistic,0.43404280904280906
18_crews,logistic,0.7466868008534675
18_crews,logistic,0.4623540040206707
18_crews,logistic,0.35344717011383675
18_crews,logistic,0.4395826395826396
18_crews,logistic,0.6384561426228093
18_crews,logistic,0.3981391293891294
18_crews,logistic,0.4482954545454546
18_crews,logistic,0.44502865961199295
18_crews,logistic,0.5762325637325637
18_crews,logistic,0.6315185586018921
18_crews,logistic,0.7313120521453854
18_crews,logistic,0.6042035125368459
18_crews,logistic,0.6267817059483725
18_crews,logistic,0.24691635524968858
18_crews,logistic,0.4051282051282052
18_crews,logistic,0.349013024013024
18_crews,logistic,0.6317141192141192
18_crews,logistic,0.6157644824311491
18_crews,logistic,0.49381613756613757
18_crews,logistic,0.42545571712238384
18_crews,logistic,0.7545271857771857
18_crews,logistic,0.447425645342312
18_crews,logistic,0.4087161295494629
18_crews,logistic,0.464678531345198
18_crews,logistic,0.4314183501683502
18_crews,logistic,0.42377946127946126
18_crews,logistic,0.6324374699374701
18_crews,logistic,0.5710277376944043
18_crews,logistic,0.404718121384788
18_crews,logistic,0.4405844155844156
18_crews,logistic,0.4809343434343435
18_crews,logistic,0.6038680455347121
18_crews,logistic,0.7393478435145102
18_crews,logistic,0.47413820747154084
18_crews,logistic,0.7785054451721118
18_crews,logistic,0.6363646384479719
18_crews,logistic,0.41273348565015233
18_crews,logistic,0.5145552749719415
18_crews,logistic,0.4023693127859795
18_crews,logistic,0.4990030802530803
18_crews,logistic,0.480263949013949
18_crews,logistic,0.5428835053835053
18_crews,logistic,0.5429908054908055
18_crews,logistic,0.5822400593233926
18_crews,logistic,0.47915533540533534
18_crews,logistic,0.5036024931858265
18_crews,logistic,0.3827861952861953
18_crews,logistic,0.538572230238897
18_crews,logistic,0.6013881180547848
18_crews,logistic,0.6043150522317188
18_crews,logistic,0.535027549610883
18_crews,logistic,0.6551166426166426
18_crews,logistic,0.4979464979464978
18_crews,logistic,0.4849306557639892
18_crews,logistic,0.4462722462722463
18_crews,logistic,0.6270979020979022
18_crews,logistic,0.30094997594997597
18_crews,logistic,0.5207752124418792
18_crews,logistic,0.4189113355780022
18_crews,logistic,0.43155864197530863
18_crews,logistic,0.4493326118326118
18_crews,logistic,0.3405669947336614
18_crews,logistic,0.4146635000801668
18_crews,logistic,0.5541255041255042
18_crews,logistic,0.7412889579556246
18_crews,logistic,0.42658853492186827
18_crews,logistic,0.49247927997928
18_crews,logistic,0.5401094276094276
18_crews,logistic,0.6103535353535352
18_crews,logistic,0.6284604284604285
18_crews,logistic,0.4600885225885226
18_crews,logistic,0.68584455667789
18_crews,logistic,0.47382154882154887
18_crews,logistic,0.5459315375982042
18_crews,logistic,0.5068211109877777
18_crews,logistic,0.5095518678852012
18_crews,logistic,0.40374671624671626
18_crews,logistic,0.39736683070016404
18_crews,logistic,0.5687409812409813
18_crews,logistic,0.711799543049543
18_crews,logistic,0.5283820346320346
18_crews,logistic,0.39024771524771523
18_crews,logistic,0.615933140933141
18_crews,logistic,0.5749593770427104
18_crews,logistic,0.6042375063208396
18_crews,logistic,0.46256613756613757
18_crews,logistic,0.5669843274009941
18_crews,logistic,0.4583171458171458
18_crews,logistic,0.4596815221815222
18_crews,logistic,0.6197150072150073
18_crews,logistic,0.5154980821647488
18_crews,logistic,0.6374962999963
18_crews,logistic,0.6221170804504139
18_crews,logistic,0.6264790764790766
18_crews,logistic,0.5743225909892575
18_crews,logistic,0.4047636005969339
18_crews,logistic,0.5359016754850088
18_crews,logistic,0.5385882635882635
18_crews,logistic,0.7112504008337343
18_crews,logistic,0.6912467933301266
18_crews,logistic,0.572577114243781
18_crews,logistic,0.5130631713965047
18_crews,logistic,0.5670428337095004
18_crews,logistic,0.5269941478274812
18_crews,logistic,0.6023709315375982
18_crews,logistic,0.4047839506172839
18_crews,logistic,0.461749592999593
18_crews,logistic,0.5101848768515436
18_crews,logistic,0.5156966490299824
18_crews,logistic,0.42650813692480355
18_crews,logistic,0.5573192239858906
18_crews,logistic,0.5422077922077921
18_crews,logistic,0.3727075393742061
18_crews,logistic,0.5814343835177168
18_crews,logistic,0.6649631232964566
18_crews,logistic,0.4590219965219965
18_crews,logistic,0.44116161616161614
18_crews,logistic,0.522145061728395
18_crews,logistic,0.7423881673881674
18_crews,logistic,0.44541592666592666
18_crews,logistic,0.5498316498316498
18_crews,logistic,0.6168871252204586
18_crews,logistic,0.5428105073938407
18_crews,logistic,0.6353869895536561
18_crews,logistic,0.3805354367854368
18_crews,logistic,0.6162077120410454
18_crews,logistic,0.5902006172839507
18_crews,logistic,0.5979377104377105
18_crews,logistic,0.5562591729258396
18_crews,logistic,0.5881164360331028
18_crews,logistic,0.6074582824582825
18_crews,logistic,0.501360059693393
18_crews,logistic,0.4264830077330078
18_crews,logistic,0.4882114798781466
18_crews,logistic,0.521178050344717
18_crews,logistic,0.44702781786115114
18_crews,logistic,0.5232330940664274
18_crews,logistic,0.45881032547699213
18_crews,logistic,0.5040774811608144
18_crews,logistic,0.5960727544060876
18_crews,logistic,0.3517857142857143
18_crews,logistic,0.4682639890973225
18_crews,logistic,0.6521394500561166
18_crews,logistic,0.6296364129697464
18_crews,logistic,0.5721965534465535
18_crews,logistic,0.6753723128723128
18_crews,logistic,0.5226320747154081
18_crews,logistic,0.49147426647426645
18_crews,logistic,0.5311077811077811
18_crews,logistic,0.5189293730960398
18_crews,logistic,0.4382315215648549
18_crews,logistic,0.6393500018500019
18_crews,logistic,0.5695446528779863
18_crews,logistic,0.775065675065675
18_crews,logistic,0.4266993037826371
18_crews,logistic,0.5564814814814815
18_crews,logistic,0.4099046015712682
18_crews,logistic,0.44870129870129866
18_crews,logistic,0.5435959102625769
18_crews,logistic,0.5982323232323233
18_crews,logistic,0.5021885521885522
18_crews,logistic,0.48119172494172496
18_crews,logistic,0.5096218596218597
18_crews,logistic,0.6327781786115119
18_crews,logistic,0.5043119688953023
18_crews,logistic,0.3062431395764729
18_crews,logistic,0.3701238576238576
18_crews,logistic,0.6540343915343915
18_crews,logistic,0.46854087270753947
18_crews,logistic,0.4765015848349182
18_crews,logistic,0.649344636844637
18_crews,logistic,0.4637345679012345
18_crews,logistic,0.5298400673400674
18_crews,logistic,0.38063973063973067
18_crews,logistic,0.4435758685758685
18_crews,logistic,0.367051467051467
18_crews,logistic,0.5043374835041501
18_crews,logistic,0.524824635241302
18_crews,logistic,0.5762284783118117
18_crews,logistic,0.5869598765432098
18_crews,logistic,0.46218233926567254
18_crews,logistic,0.6953904120570787
18_crews,logistic,0.5009556030389364
18_crews,logistic,0.5367919888753222
18_crews,logistic,0.5661485890652558
18_crews,logistic,0.5332471540804875
18_crews,logistic,0.5835117043450376
18_crews,logistic,0.547559924643258
18_crews,logistic,0.4674212361712362
18_crews,logistic,0.7175768675768677
18_crews,logistic,0.5765928515928517
18_crews,logistic,0.45470810054143396
18_crews,logistic,0.43409545701212365
18_crews,logistic,0.5586800545133879
18_crews,logistic,0.5586836003502671
18_crews,logistic,0.5441358024691358
18_crews,logistic,0.5201926931093598
18_crews,logistic,0.5646575646575647
18_crews,logistic,0.46194684944684944
18_crews,logistic,0.5757737632737632
18_crews,logistic,0.5026114317780984
18_crews,logistic,0.441285335035335
18_crews,logistic,0.6413419913419914
18_crews,logistic,0.5793475814309148
18_crews,logistic,0.5529495196161863
18_crews,logistic,0.4577989911323244
18_crews,logistic,0.6146011396011396
18_crews,logistic,0.40500440917107583
18_crews,logistic,0.6590682465682466
18_crews,logistic,0.45584114959114963
18_crews,logistic,0.5361245236245236
18_crews,logistic,0.527102527102527
18_crews,logistic,0.6144212819808058
18_crews,logistic,0.5234688151354817
18_crews,logistic,0.5493937389770722
18_crews,logistic,0.427579365079365
18_crews,logistic,0.5275430587930587
18_crews,logistic,0.6358585858585859
18_crews,logistic,0.5151234567901235
18_crews,logistic,0.5513157367324034
18_crews,logistic,0.5664652477152478
18_crews,logistic,0.5255101380101379
18_crews,logistic,0.6433341350008017
18_crews,logistic,0.6863719613719614
18_crews,logistic,0.6009249238415906
18_crews,logistic,0.44523208273208265
18_crews,logistic,0.5320396424563092
18_crews,logistic,0.6510020843354177
18_crews,logistic,0.5798109298109297
18_crews,logistic,0.4735327943661278
18_crews,logistic,0.5108796296296296
18_crews,logistic,0.6828002244668911
18_crews,logistic,0.4908569825236492
18_crews,logistic,0.4435505852172519
18_crews,logistic,0.47187920104586784
18_crews,logistic,0.554445091945092
18_crews,logistic,0.40399091649091645
18_crews,logistic,0.36584896584896587
18_crews,logistic,0.6157898428731762
18_crews,logistic,0.5302248677248678
18_crews,logistic,0.6068627360294028
18_crews,logistic,0.48762626262626263
18_crews,logistic,0.5166075436908771
18_crews,logistic,0.5889029180695847
18_crews,logistic,0.5690556357223024
18_crews,logistic,0.6093524531024531
18_crews,logistic,0.6880492963826297
18_crews,logistic,0.623673240339907
18_crews,logistic,0.63250962000962
18_crews,logistic,0.5142551892551892
18_crews,logistic,0.6295785233285234
18_crews,logistic,0.5191798941798942
18_crews,logistic,0.5416155603655604
18_crews,logistic,0.6264640452140452
18_crews,logistic,0.693407055907056
18_crews,logistic,0.46463587118349026
18_crews,logistic,0.4174967779134446
18_crews,logistic,0.4670294211960878
18_crews,logistic,0.5920334295334295
18_crews,logistic,0.5592051467051468
18_crews,logistic,0.34445045695045695
18_crews,logistic,0.5027356902356902
18_crews,logistic,0.5878848003848004
18_crews,logistic,0.28294853294853295
18_crews,logistic,0.4441618566618566
18_crews,logistic,0.585240299823633
18_crews,logistic,0.4802489177489178
18_crews,logistic,0.5788169392336058
18_crews,logistic,0.4560666185666186
18_crews,logistic,0.6598905723905724
18_crews,logistic,0.5604212145878812
18_crews,logistic,0.5035148493481827
18_crews,logistic,0.5245109828443161
18_crews,logistic,0.5700194096027429
18_crews,logistic,0.33019526769526775
18_crews,logistic,0.4428791116291116
18_crews,logistic,0.5409391534391534
18_crews,logistic,0.5672839506172839
18_crews,logistic,0.4620475203808538
18_crews,logistic,0.4560012518345851
18_crews,logistic,0.4279724904724904
18_crews,logistic,0.5674242424242424
18_crews,logistic,0.39749378707712046
18_crews,logistic,0.4024293607626941
18_crews,logistic,0.5533950617283953
18_crews,logistic,0.420959595959596
18_crews,logistic,0.5624298540965208
18_crews,logistic,0.5458987771487771
18_crews,logistic,0.44587542087542087
18_crews,logistic,0.5329890788224122
18_crews,logistic,0.43154761904761907
18_crews,logistic,0.37216009299342634
18_crews,logistic,0.4641364808031475
18_crews,logistic,0.4442477275810609
18_crews,logistic,0.46531585698252365
18_crews,logistic,0.6040525832192498
18_crews,logistic,0.4627287064787065
18_crews,logistic,0.5007575757575757
18_crews,logistic,0.2577601410934744
18_crews,logistic,0.44906806156806156
18_crews,logistic,0.42790881957548627
18_crews,logistic,0.6686858666025333
18_crews,logistic,0.4349922454089121
18_crews,logistic,0.6088268984102316
18_crews,logistic,0.5947427792665888
18_crews,logistic,0.4714921652421652
18_crews,logistic,0.37938912938912944
18_crews,logistic,0.7502035002035002
18_crews,logistic,0.39033605283605277
18_crews,logistic,0.6927429052429053
18_crews,logistic,0.5641143578643579
18_crews,logistic,0.5444825236491904
18_crews,logistic,0.5407587782587783
18_crews,logistic,0.6467614175947509
18_crews,logistic,0.6435993790160457
18_crews,logistic,0.45145903479236815
18_crews,logistic,0.5009399551066218
18_crews,logistic,0.48501036001036
18_crews,logistic,0.5667248646415313
18_crews,logistic,0.5068385318385319
18_crews,logistic,0.5291361416361416
18_crews,logistic,0.37847846597846596
18_crews,logistic,0.5938752605419272
18_crews,logistic,0.6121631454964789
18_crews,logistic,0.60917246333913
18_crews,logistic,0.355635722302389
18_crews,logistic,0.4181888327721661
18_crews,logistic,0.5217947947114614
18_crews,logistic,0.46829358912692254
18_crews,logistic,0.6887078199578199
18_crews,logistic,0.41806264722931386
18_crews,logistic,0.4972991514658181
18_crews,logistic,0.528015503015503
18_crews,logistic,0.510621091871092
18_crews,logistic,0.6481489960656627
18_crews,logistic,0.6185511248011248
18_crews,logistic,0.411445498945499
18_crews,logistic,0.6458490583490584
18_crews,logistic,0.4582651915985249
18_crews,logistic,0.612277845611179
18_crews,logistic,0.686776418026418
18_crews,logistic,0.5788399871733204
18_crews,logistic,0.5874394124394126
18_crews,logistic,0.6436373811373811
18_crews,logistic,0.6515422848756182
18_crews,logistic,0.5409151034151034
18_crews,logistic,0.6407467532467533
18_crews,logistic,0.6986895820229153
18_crews,logistic,0.6295454545454546
18_crews,logistic,0.5145092561759229
18_crews,logistic,0.43744989578322907
18_crews,logistic,0.6299486007819343
18_crews,logistic,0.5167117604617605
18_crews,logistic,0.6098905723905723
18_crews,logistic,0.5443061568061568
18_crews,logistic,0.5095764574931241
18_crews,logistic,0.5776404151404152
18_crews,logistic,0.49578322911656236
18_crews,logistic,0.49407482949149617
18_crews,logistic,0.43746392496392494
18_crews,logistic,0.4317500400833734
18_crews,logistic,0.5302970177970178
18_crews,logistic,0.5732979982979983
18_crews,logistic,0.6158008658008658
18_crews,logistic,0.5598304473304473
18_crews,logistic,0.5490600448933782
18_crews,logistic,0.685335497835498
18_crews,logistic,0.6743114909781576
18_crews,logistic,0.6151835818502485
18_crews,logistic,0.37288359788359793
18_crews,logistic,0.54293430335097
18_crews,logistic,0.6449161949161949
18_crews,logistic,0.3037257495590829
18_crews,logistic,0.5196007696007696
18_crews,logistic,0.5553122803122803
18_crews,logistic,0.43959936668270005
18_crews,logistic,0.3992282408949076
18_crews,logistic,0.5150462962962963
18_crews,logistic,0.5600840517507184
18_crews,logistic,0.677751723585057
18_crews,logistic,0.4486872695206029
18_crews,logistic,0.6070276174442841
18_crews,logistic,0.4999428811928812
18_crews,logistic,0.5127613127613128
18_crews,logistic,0.628591470258137
18_crews,logistic,0.43183421516754855
18_crews,logistic,0.44022166105499433
18_crews,logistic,0.6796997755331088
18_crews,logistic,0.48383730467063796
18_crews,logistic,0.4699013949013949
18_crews,logistic,0.5035902369235702
18_crews,logistic,0.5131901277734611
18_crews,logistic,0.46806264722931384
18_crews,logistic,0.5760233593566927
18_crews,logistic,0.7432878078711412
18_crews,logistic,0.5641534391534392
18_crews,logistic,0.492308000641334
18_crews,logistic,0.43787077120410456
18_crews,logistic,0.6967151675485009
18_crews,logistic,0.6534465534465534
18_crews,logistic,0.5773582898582899
18_crews,logistic,0.3495495245495246
18_crews,logistic,0.6553944512277846
18_crews,logistic,0.3069098339931673
18_crews,logistic,0.5320396424563092
18_crews,logistic,0.49126583293249954
18_crews,logistic,0.6474046015712682
18_crews,logistic,0.5242845117845119
18_crews,logistic,0.481499518999519
18_crews,logistic,0.4077058743725411
18_crews,logistic,0.47308031474698137
18_crews,logistic,0.5298413006746341
18_crews,logistic,0.6060255331088665
18_crews,logistic,0.39382716049382716
18_crews,logistic,0.42067562067562064
18_crews,logistic,0.6189413981080647
18_crews,logistic,0.32571548821548824
18_crews,logistic,0.4563811188811189
18_crews,logistic,0.36120931537598205
18_crews,logistic,0.5751823022656356
18_crews,logistic,0.6206010039343374
18_crews,logistic,0.4699775533108867
18_crews,logistic,0.5758698092031426
18_crews,logistic,0.3925424883758217
18_crews,logistic,0.2435713977380644
18_crews,logistic,0.37485939985939987
18_crews,logistic,0.5371082621082621
18_crews,logistic,0.47872374539041207
18_crews,logistic,0.5913600288600289
18_crews,logistic,0.5508116883116883
18_crews,logistic,0.6432243682243682
18_crews,logistic,0.3901624609957943
18_crews,logistic,0.4994934078267412
18_crews,logistic,0.5862379133212466
18_crews,logistic,0.4743415535082202
18_crews,logistic,0.5038139329805996
18_crews,logistic,0.6371993746993747
18_crews,logistic,0.4863916947250281
18_crews,logistic,0.5134048821548822
18_crews,logistic,0.48110670194003524
18_crews,logistic,0.5181480556480555
18_crews,logistic,0.6198780386280387
18_crews,logistic,0.6521189458689458
18_crews,logistic,0.45031465448132113
18_crews,logistic,0.6403009028009028
18_crews,logistic,0.6142653642653644
18_crews,logistic,0.5078093203093202
18_crews,logistic,0.5363115279781946
18_crews,logistic,0.5247460101626769
18_crews,logistic,0.38585172543505875
18_crews,logistic,0.5973204264870932
18_crews,logistic,0.3657407407407407
18_crews,logistic,0.4667768959435626
18_crews,logistic,0.7346109908609909
18_crews,logistic,0.45243776285442955
18_crews,logistic,0.6501683501683503
18_crews,logistic,0.4843023488856822
18_crews,logistic,0.41585544085544085
18_crews,logistic,0.3650395129561796
18_crews,logistic,0.4385983615150282
18_crews,logistic,0.39171993130326466
18_crews,logistic,0.6404903738237072
18_crews,logistic,0.5020014707514707
18_crews,logistic,0.4848612036112036
18_crews,logistic,0.5400209358542692
18_crews,logistic,0.6070674695674696
18_crews,logistic,0.6504950296616963
18_crews,logistic,0.4081506456506457
18_crews,logistic,0.6659591951258617
18_crews,logistic,0.5596520763187429
18_crews,logistic,0.6247645101811767
18_crews,logistic,0.6695626903960238
18_crews,logistic,0.6203944203944203
18_crews,logistic,0.5473561931895266
18_crews,logistic,0.5794004606504607
18_crews,logistic,0.4430261096927764
18_crews,logistic,0.4853324915824916
18_crews,logistic,0.6723654431987766
18_crews,logistic,0.6165995270161937
18_crews,logistic,0.5441071274404607
18_crews,logistic,0.543454230954231
18_crews,logistic,0.5192110358777025
18_crews,logistic,0.5034351451018118
18_crews,logistic,0.45028860028860035
18_crews,logistic,0.5342532467532467
18_crews,logistic,0.4309010434010434
18_crews,logistic,0.2865329115329115
18_crews,logistic,0.3978425124258458
18_crews,logistic,0.5279014195680862
18_crews,logistic,0.5373852998852999
18_crews,logistic,0.4946577342410677
18_crews,logistic,0.5057479557479557
18_crews,logistic,0.6477212602212602
18_crews,logistic,0.3587742504409171
18_crews,logistic,0.41650733525733524
18_crews,logistic,0.41982022607022607
18_crews,logistic,0.44003928170594836
18_crews,logistic,0.4800294612794613
18_crews,logistic,0.5911175244508579
18_crews,logistic,0.5671159858659859
18_crews,logistic,0.45605158730158735
18_crews,logistic,0.5388728555395222
18_crews,logistic,0.4840106652606652
18_crews,logistic,0.725453514739229
18_crews,logistic,0.4495791245791245
18_crews,logistic,0.6402938111271445
18_crews,logistic,0.46278459195125854
18_crews,logistic,0.35832631874298543
18_crews,logistic,0.5278074548907883
18_crews,logistic,0.633447570947571
18_crews,logistic,0.6469717011383678
18_crews,logistic,0.665322023655357
18_crews,logistic,0.5745661745661746
18_crews,logistic,0.41490099406766073
18_crews,logistic,0.606895342312009
18_crews,logistic,0.5456563498230165
18_crews,logistic,0.5337090378757046
18_crews,logistic,0.4885020843354177
18_crews,logistic,0.6610008818342152
18_crews,logistic,0.5728605499438832
18_crews,logistic,0.45200185616852284
18_crews,logistic,0.4175364758698092
18_crews,logistic,0.5118286034952702
18_crews,logistic,0.6621392496392497
18_crews,logistic,0.4095127865961199
18_crews,logistic,0.45905190488523817
18_crews,logistic,0.5284742263908931
18_crews,logistic,0.6917217042217043
18_crews,logistic,0.5667227833894501
18_crews,logistic,0.5353335707502374
18_crews,logistic,0.4880531505531505
18_crews,logistic,0.5101571268237934
18_crews,logistic,0.37658128908128913
18_crews,logistic,0.5150072150072149
18_crews,logistic,0.4751142376142376
18_crews,logistic,0.6169016169016169
18_crews,logistic,0.4841707675041008
18_crews,logistic,0.5400673400673401
18_crews,logistic,0.5331861040194374
18_crews,logistic,0.567027417027417
18_crews,logistic,0.6311389228055895
18_crews,logistic,0.5643989498156166
18_crews,logistic,0.37063592271925605
18_crews,logistic,0.6665544332211
18_crews,logistic,0.4726110309443643
18_crews,logistic,0.5673828486328486
18_crews,logistic,0.6530774780774781
18_crews,logistic,0.5643586351919686
18_crews,logistic,0.5234157046657048
18_crews,logistic,0.636770482603816
18_crews,logistic,0.6322556301722968
18_crews,logistic,0.6031415343915344
18_crews,logistic,0.5544548044548044
18_crews,logistic,0.4389650472983806
18_crews,logistic,0.4572029822029822
18_crews,logistic,0.6735220797720798
18_crews,logistic,0.5300211362711363
18_crews,logistic,0.5414051226551226
18_crews,logistic,0.5139269680936347
18_crews,logistic,0.607599499266166
18_crews,logistic,0.4568602693602693
18_crews,logistic,0.6078312890812891
18_crews,logistic,0.41780056363389695
18_crews,logistic,0.35253928170594834
18_crews,logistic,0.7564694564694565
18_crews,logistic,0.2472773368606702
18_crews,logistic,0.47734287317620644
18_crews,logistic,0.5644002602335936
18_crews,logistic,0.5778178611511945
18_crews,logistic,0.46280401697068363
18_crews,logistic,0.41602533269199937
18_crews,logistic,0.40853205436538764
18_crews,logistic,0.7307239057239058
18_crews,logistic,0.5959054834054833
18_crews,logistic,0.7157377344877345
18_crews,logistic,0.49371153537820206
18_crews,logistic,0.43263773263773264
18_crews,logistic,0.48012820512820514
18_crews,logistic,0.48803064219730885
18_crews,logistic,0.3469165864999198
18_crews,logistic,0.5425824175824175
18_crews,logistic,0.5068702902036235
18_crews,logistic,0.5209908918242251
18_crews,logistic,0.6511776032609365
18_crews,logistic,0.6617727951061284
18_crews,logistic,0.3490740740740741
18_crews,logistic,0.4122265080598414
18_crews,logistic,0.4649267399267399
18_crews,logistic,0.5957932499599167
18_crews,logistic,0.476505439005439
18_crews,logistic,0.4531465448132115
18_crews,logistic,0.4156064614397948
18_crews,logistic,0.46311728395061724
18_crews,logistic,0.7320121236787904
18_crews,logistic,0.6234589484589486
18_crews,logistic,0.4526828110161444
18_crews,logistic,0.4396123937790605
18_crews,logistic,0.45483205066538396
18_crews,logistic,0.6045053711720378
18_crews,logistic,0.6441211566211567
18_crews,logistic,0.433118887285554
18_crews,logistic,0.3890151515151515
18_crews,logistic,0.5315645773979107
18_crews,logistic,0.5738846801346802
18_crews,logistic,0.4862534070867404
18_crews,logistic,0.3901465047298381
18_crews,logistic,0.4190195606862273
18_crews,logistic,0.6114287718454385
18_crews,logistic,0.6097031826198492
18_crews,logistic,0.40373361206694536
18_crews,logistic,0.46112914862914867
18_crews,logistic,0.3821408529741863
18_crews,logistic,0.3821107904441238
18_crews,logistic,0.6231392064725398
18_crews,logistic,0.4177610969277636
18_crews,logistic,0.6422788631121965
18_crews,logistic,0.5291833166833166
18_crews,logistic,0.6080848164181497
18_crews,logistic,0.4892267454767455
18_crews,logistic,0.5779040404040404
18_crews,logistic,0.5094175885842552
18_crews,logistic,0.5327880452880452
18_crews,logistic,0.5317487296653964
18_crews,logistic,0.41453931870598537
18_crews,logistic,0.6841680695847362
18_crews,logistic,0.5762375741542408
18_crews,logistic,0.6611461840628509
18_crews,logistic,0.3762407345740679
18_crews,logistic,0.4121569788236455
18_crews,logistic,0.5220999679333013
18_crews,logistic,0.5948671698671698
18_crews,logistic,0.353371011704345
18_crews,logistic,0.42313065021398355
18_crews,logistic,0.40300725509058843
18_crews,logistic,0.759774330607664
18_crews,logistic,0.5942935151268484
18_crews,logistic,0.590590428090428
18_crews,logistic,0.6703457036790371
18_crews,logistic,0.5450036075036075
18_crews,logistic,0.31492303992303994
18_crews,logistic,0.4336310294643628
18_crews,logistic,0.5768077601410935
18_crews,logistic,0.5293771043771044
18_crews,logistic,0.5400013566680234
18_crews,logistic,0.32506613756613756
18_crews,logistic,0.5204341954341954
18_crews,logistic,0.549343557676891
18_crews,logistic,0.6102720581887249
18_crews,logistic,0.477028527028527
18_crews,logistic,0.5006473464806799
18_crews,logistic,0.54827240660574
18_crews,logistic,0.576828572661906
18_crews,logistic,0.4335450043783377
18_crews,logistic,0.5799647112147112
18_crews,logistic,0.4191197691197691
18_crews,logistic,0.40154220779220773
18_crews,logistic,0.5766965287798621
18_crews,logistic,0.37231040564373896
18_crews,logistic,0.3839335818502485
18_crews,logistic,0.392746913580247
18_crews,logistic,0.40485810485810486
18_crews,logistic,0.5131283068783069
18_crews,logistic,0.60625
18_crews,logistic,0.46977312810646144
18_crews,logistic,0.5770687645687647
18_crews,logistic,0.604162658329325
18_crews,logistic,0.49786155202821863
18_crews,logistic,0.641176570343237
18_crews,logistic,0.5138787138787139
18_crews,logistic,0.6162828683662016
18_crews,logistic,0.5432243682243683
18_crews,logistic,0.6416225749559081
18_crews,logistic,0.5891311620478288
18_crews,logistic,0.441571468654802
18_crews,logistic,0.3854014812348146
18_crews,logistic,0.46778761362094695
18_crews,logistic,0.7043310084976752
18_crews,logistic,0.4961249398749399
18_crews,logistic,0.38858024691358023
18_crews,logistic,0.6266313932980601
18_crews,logistic,0.5131318527151861
18_crews,logistic,0.5706350748017415
18_crews,logistic,0.5297248276414943
18_crews,logistic,0.5358861817195151
18_crews,logistic,0.6745123703457038
18_crews,logistic,0.5533616075282742
18_crews,logistic,0.48490675990675985
18_crews,logistic,0.5670414462081129
18_crews,logistic,0.6024771524771525
18_crews,logistic,0.3954443704443704
18_crews,logistic,0.5439834856501524
18_crews,logistic,0.539546256212923
18_crews,logistic,0.3349246432579766
18_crews,logistic,0.42030623697290365
18_crews,logistic,0.6306838223504889
18_crews,logistic,0.4202787952787953
18_crews,logistic,0.5679012345679012
18_crews,logistic,0.5465147506814173
18_crews,logistic,0.6049430507763841
18_crews,logistic,0.5919973544973545
18_crews,logistic,0.5901705547538881
18_crews,logistic,0.5566982400315735
18_crews,logistic,0.5682459515792849
18_crews,logistic,0.2590909090909091
18_crews,logistic,0.5327020202020202
18_crews,logistic,0.6302638719305386
18_crews,logistic,0.6184383517716852
18_crews,logistic,0.5922619047619048
18_crews,logistic,0.5498236331569665
18_crews,logistic,0.4335016835016835
18_crews,logistic,0.6673831569664903
18_crews,logistic,0.4612608070941404
18_crews,logistic,0.4703457807624474
18_crews,logistic,0.4286075036075036
18_crews,logistic,0.6441859066859066
18_crews,logistic,0.7045856920856921
18_crews,logistic,0.5132675966009299
18_crews,logistic,0.580289309455976
18_crews,logistic,0.39537252870586204
18_crews,logistic,0.5979989146655814
18_crews,logistic,0.5251643418310086
18_crews,logistic,0.5556257014590348
18_crews,logistic,0.5708752667086001
18_crews,logistic,0.4604216770883437
18_crews,logistic,0.5083472083472083
18_crews,logistic,0.6433892496392496
18_crews,logistic,0.44203142536475865
18_crews,logistic,0.6074309949309948
18_crews,logistic,0.6922512672512673
18_crews,logistic,0.49292975542975537
18_crews,logistic,0.5535333493666826
18_crews,logistic,0.40059354226020893
18_crews,logistic,0.49530423280423286
18_crews,logistic,0.563194367361034
18_crews,logistic,0.3400896171729505
18_crews,logistic,0.41530151946818616
18_crews,logistic,0.4983856421356422
18_crews,logistic,0.33852813852813857
18_crews,logistic,0.4162983621316954
18_crews,logistic,0.5132575757575757
18_crews,logistic,0.5188148271481605
18_crews,logistic,0.52003367003367
18_crews,logistic,0.6202881994548661
18_crews,logistic,0.6210987315153982
18_crews,logistic,0.3563873626373626
18_crews,logistic,0.45347122013788677
18_crews,logistic,0.41253175836509176
18_crews,logistic,0.4867223825557158
18_crews,logistic,0.47689293730960397
18_crews,logistic,0.5788319704986372
18_crews,logistic,0.4914542247875581
18_crews,logistic,0.5354215229215229
18_crews,logistic,0.615434102934103
18_crews,logistic,0.6545243336910004
18_crews,logistic,0.5161265432098765
18_crews,logistic,0.5637640137640137
18_crews,logistic,0.7196899551066217
18_crews,logistic,0.5382403090736424
18_crews,logistic,0.42511624178290847
18_crews,logistic,0.5053027219693886
18_crews,logistic,0.46455527497194166
18_crews,logistic,0.6579960163293497
18_crews,logistic,0.46473865640532314
18_crews,logistic,0.43912214328881
18_crews,logistic,0.47024410774410774
18_crews,logistic,0.6589285714285714
18_crews,logistic,0.5043109668109668
18_crews,logistic,0.5147082084582084
18_crews,logistic,0.5939170397503731
18_crews,logistic,0.2234126984126984
18_crews,logistic,0.5569564694564695
18_crews,logistic,0.6252194564694565
18_crews,logistic,0.4826479076479077
18_crews,logistic,0.42467532467532465
18_crews,logistic,0.6196633613300281
18_crews,logistic,0.3626595626595626
18_crews,logistic,0.521572948656282
18_crews,logistic,0.6165578248911582
18_crews,logistic,0.42021204104537435
18_crews,logistic,0.6968795093795094
18_crews,logistic,0.5904484404484404
18_crews,logistic,0.6342568696735363
18_crews,logistic,0.5530659155659156
18_crews,logistic,0.6506874298540966
18_crews,logistic,0.5404180695847363
18_crews,logistic,0.6821208112874779
18_crews,logistic,0.576869812286479
18_crews,logistic,0.6121822621822622
18_crews,logistic,0.4726770914270914
18_crews,logistic,0.5864191364191365
18_crews,logistic,0.5397368064034731
18_crews,logistic,0.5921640088306754
18_crews,logistic,0.44333213083213086
18_crews,logistic,0.28587762546095885
18_crews,logistic,0.4834239834239834
18_crews,logistic,0.4811198832032166
18_crews,logistic,0.5235129068462402
18_crews,logistic,0.4604978354978355
18_crews,logistic,0.5727428435761769
18_crews,logistic,0.556898502731836
18_crews,logistic,0.513985088985089
18_crews,logistic,0.5895622895622895
18_crews,logistic,0.6099717412217411
18_crews,logistic,0.4843223905723906
18_crews,logistic,0.3977242664742665
18_crews,logistic,0.46524370691037364
18_crews,logistic,0.5437663416830083
18_crews,logistic,0.6209996793330127
18_crews,logistic,0.4442700817700818
18_crews,logistic,0.4808136308136308
18_crews,logistic,0.5506032547699214
18_crews,logistic,0.3314403960237293
18_crews,logistic,0.717826463659797
18_crews,logistic,0.5581797831797832
18_crews,logistic,0.6238790530457198
18_crews,logistic,0.5718033509700177
18_crews,logistic,0.3718514510181177
18_crews,logistic,0.5510902677569345
18_crews,logistic,0.5147176126342793
18_crews,logistic,0.7722468889135556
18_crews,logistic,0.5045838420838421
18_crews,logistic,0.42597903639570306
18_crews,logistic,0.4383487654320988
18_crews,logistic,0.7214640297973632
18_crews,logistic,0.6145536562203229
18_crews,logistic,0.49199673783007114
18_crews,logistic,0.47494573327906664
18_crews,logistic,0.5077931327931328
18_crews,logistic,0.5748336540003207
18_crews,logistic,0.3742384159050826
18_crews,logistic,0.5460898669232002
18_crews,logistic,0.4896863938530605
18_crews,logistic,0.49587542087542097
18_crews,logistic,0.46483439400106064
18_crews,logistic,0.6401094276094277
18_crews,logistic,0.4217697426030759
18_crews,logistic,0.6983686067019401
18_crews,logistic,0.39274552607885943
18_crews,logistic,0.6765061327561328
18_crews,logistic,0.42981200897867566
18_crews,logistic,0.40313999272332607
18_crews,logistic,0.5792087542087542
18_crews,logistic,0.6927208593875261
18_crews,logistic,0.5112794612794613
18_crews,logistic,0.5283249158249158
18_crews,logistic,0.5784591951258617
18_crews,logistic,0.4219262990096324
18_crews,logistic,0.5282968574635242
18_crews,logistic,0.574659291325958
18_crews,logistic,0.4303391053391054
18_crews,logistic,0.5601319976319976
18_crews,logistic,0.4821608946608947
18_crews,logistic,0.4436948853615521
18_crews,logistic,0.537049062049062
18_crews,logistic,0.4568726797893464
18_crews,logistic,0.6070145903479237
18_crews,logistic,0.5680962555962555
18_crews,logistic,0.46661455828122494
18_crews,logistic,0.5201739618406285
18_crews,logistic,0.5688811188811188
18_crews,logistic,0.68982868982869
18_crews,logistic,0.543634760301427
18_crews,logistic,0.3629489337822671
18_crews,logistic,0.615538473871807
18_crews,logistic,0.4520812520812521
18_crews,logistic,0.5981641814975149
18_crews,logistic,0.47381353214686556
18_crews,logistic,0.4422849527016193
18_crews,logistic,0.6684143017476352
18_crews,logistic,0.6135048593381928
18_crews,logistic,0.6771484688151355
18_crews,logistic,0.5171907567740901
18_crews,logistic,0.38756012506012505
18_crews,logistic,0.5779489029489029
18_crews,logistic,0.5759588405421738
18_crews,logistic,0.4144330206830207
18_crews,logistic,0.6772418939085605
18_crews,logistic,0.5348087098087099
18_crews,logistic,0.4209394001060668
18_crews,logistic,0.7401525172358505
18_crews,logistic,0.4860008818342151
18_crews,logistic,0.6681216931216931
18_crews,logistic,0.5407858345358345
18_crews,logistic,0.6991124616124617
18_crews,logistic,0.5968829010495678
18_crews,logistic,0.4242845117845118
18_crews,logistic,0.4352009102009102
18_crews,logistic,0.5023439523439523
18_crews,logistic,0.5796627754961088
18_crews,logistic,0.6610810485810487
18_crews,logistic,0.4939714606381273
18_crews,logistic,0.5250320666987334
18_crews,logistic,0.3624188311688312
18_crews,logistic,0.6310084976751644
18_crews,logistic,0.7097619972619973
18_crews,logistic,0.49536135161135164
18_crews,logistic,0.5337942921276254
18_crews,logistic,0.6351851851851852
18_crews,logistic,0.4491742825076158
18_crews,logistic,0.6665704665704665
18_crews,logistic,0.5302789802789802
18_crews,logistic,0.3824715408048741
18_crews,logistic,0.40368165784832455
18_crews,logistic,0.7157908449575117
18_crews,logistic,0.5041806958473625
18_crews,logistic,0.40205527497194166
18_crews,logistic,0.5376984126984126
18_crews,logistic,0.4617724867724868
18_crews,logistic,0.11202300785634119
18_crews,logistic,0.4716189674523008
18_crews,logistic,0.5139689014689015
18_crews,logistic,0.4543700897867564
18_crews,logistic,0.444927294927295
18_crews,logistic,0.42619679703013036
18_crews,logistic,0.5777370777370777
18_crews,logistic,0.5252244668911336
18_crews,logistic,0.6255371172037839
18_crews,logistic,0.39971139971139974
18_crews,logistic,0.5393147747314414
18_crews,logistic,0.5128437149270483
18_crews,logistic,0.381828202661536
18_crews,logistic,0.5302469135802469
18_crews,logistic,0.5405913530913531
18_crews,logistic,0.595587283087283
18_crews,logistic,0.4628999858166525
18_crews,logistic,0.475079164662498
18_crews,logistic,0.6268678852012185
18_crews,logistic,0.6474889308222641
18_crews,logistic,0.5580764914098248
18_crews,logistic,0.5472797264463931
18_crews,logistic,0.4785883869217203
18_crews,logistic,0.6948773448773449
18_crews,logistic,0.29210958794292136
18_crews,logistic,0.5390245556912223
18_crews,logistic,0.5023759419592753
18_crews,logistic,0.4671129025295692
18_crews,logistic,0.5374542124542124
18_crews,logistic,0.5268418310084976
18_crews,logistic,0.5043360189193522
18_crews,logistic,0.5743646785313453
18_crews,logistic,0.5079144620811287
18_crews,logistic,0.511271444604778
18_crews,logistic,0.3488205467372134
18_crews,logistic,0.5425377862877864
18_crews,logistic,0.5632595799262465
18_crews,logistic,0.5395612874779542
18_crews,logistic,0.6070707070707071
18_crews,logistic,0.44818607318607323
18_crews,logistic,0.5389230368397036
18_crews,logistic,0.49691758858425533
18_crews,logistic,0.5174176132509465
18_crews,logistic,0.3645420937087604
18_crews,logistic,0.4830246913580247
18_crews,logistic,0.483812329645663
18_crews,logistic,0.4101310726310726
18_crews,logistic,0.4933497829331162
18_crews,logistic,0.36363035113035114
18_crews,logistic,0.5655987530987532
18_crews,logistic,0.6623567019400354
18_crews,logistic,0.5774911816578483
18_crews,logistic,0.5390439807106474
18_crews,logistic,0.538984163984164
18_crews,logistic,0.5142382309048976
18_crews,logistic,0.6937658020991354
18_crews,logistic,0.44168717085383746
18_crews,logistic,0.6382669799336466
18_crews,logistic,0.5347482764149432
18_crews,logistic,0.44663900913900917
18_crews,logistic,0.4505391213724547
18_crews,logistic,0.45132413882413885
18_crews,logistic,0.518944404361071
