event_id,crew,is_illicit,held_out_fold,observed_hops,path_elapsed_time,dwell_mean_h,dwell_max_h,coverage,attribution_ambiguous,node_context_out_degree,node_context_in_degree,wallet_age_min_h,node_context_resid_Rrange_max,node_context_resid_nin_mean,node_context_resid_nout_mean,boundary_type,censoring_reason,observation_confidence,observed_observed_hops,observed_path_elapsed_time,observed_dwell_mean_h,observed_dwell_max_h,observed_coverage,observed_attribution_ambiguous,observed_node_context_out_degree,observed_node_context_in_degree,observed_wallet_age_min_h,observed_node_context_resid_Rrange_max,observed_node_context_resid_nin_mean,observed_node_context_resid_nout_mean,observed_boundary_type,observed_censoring_reason,observed_observation_confidence
OLD-000,background,0,7,1,0.06305555555555556,,,1.0,False,,,,,,,asset-conversion,cross-asset,1.0,1,1,0,0,1,1,0,0,0,0,0,0,1,1,1
OLD-001,background,0,1,1,0.017222222222222222,,,0.8312155057348387,True,,,,,,,asset-conversion,cross-asset,0.8312155057348387,1,1,0,0,1,1,0,0,0,0,0,0,1,1,1
OLD-002,Harmony,1,15,2,0.057777777777777775,0.015277777777777777,0.015277777777777777,1.0,False,1.0,1.0,0.057777777777777775,6012.0,1.0,1.0,depth-limit,depth-limit,1.0,1,1,1,1,1,1,1,1,1,1,1,1,1,1,1
OLD-003,background,0,2,1,0.04555555555555556,,,1.0,False,,,,,,,asset-conversion,cross-asset,1.0,1,1,0,0,1,1,0,0,0,0,0,0,1,1,1
OLD-004,background,0,12,1,73.47583333333333,,,1.0,False,,,,,,,asset-conversion,cross-asset,1.0,1,1,0,0,1,1,0,0,0,0,0,0,1,1,1
OLD-005,background,0,16,2,24.245,5.1497222222222225,5.1497222222222225,1.0,False,3.0,6.0,25.096666666666668,3069.565575,7.0,3.0,contract,contract-opacity,1.0,1,1,1,1,1,1,1,1,1,1,1,1,1,1,1
OLD-006,background,0,6,0,,,,1.0,False,,,,,,,eoa-source,origin-reached,1.0,1,0,0,0,1,1,0,0,0,0,0,0,1,1,1
OLD-007,Harmony,1,15,2,6.908333333333333,4.124722222222222,4.124722222222222,1.0,False,2.0,1.0,6.908333333333333,12024.0,1.0,2.0,depth-limit,depth-limit,1.0,1,1,1,1,1,1,1,1,1,1,1,1,1,1,1
OLD-008,background,0,14,2,130.8411111111111,123.0025,123.0025,0.5525471759,True,23.0,20.0,167.86333333333334,752.0834832016009,23.0,37.0,depth-limit,depth-limit,0.5525471759,1,1,1,1,1,1,1,1,1,1,1,1,1,1,1
OLD-009,background,0,15,1,2.7275,,,0.5,True,,,,,,,asset-conversion,cross-asset,0.5,1,1,0,0,1,1,0,0,0,0,0,0,1,1,1
OLD-010,background,0,13,2,23.299166666666668,23.23472222222222,23.23472222222222,1.0,False,2.0,1.0,71.9775,236.41472404801624,1.0,2.0,depth-limit,depth-limit,1.0,1,1,1,1,1,1,1,1,1,1,1,1,1,1,1
OLD-011,background,0,16,2,148.21416666666667,148.17416666666668,148.17416666666668,0.12377821964132867,True,2.0,1.0,162.36166666666668,126.1547399639599,2.0,4.0,coverage-stop,coverage-stop,0.12377821964132867,1,1,1,1,1,1,1,1,1,1,1,1,1,1,1
OLD-012,background,0,16,1,5.94,,,1.0,False,,,,,,,asset-conversion,cross-asset,1.0,1,1,0,0,1,1,0,0,0,0,0,0,1,1,1
OLD-013,Harmony,1,15,2,14.345555555555556,8.644722222222223,8.644722222222223,1.0,False,3.0,1.0,14.345555555555556,18033.0,1.0,3.0,depth-limit,depth-limit,1.0,1,1,1,1,1,1,1,1,1,1,1,1,1,1,1
OLD-014,background,0,7,1,0.2758333333333333,,,1.0,False,,,,,,,asset-conversion,cross-asset,1.0,1,1,0,0,1,1,0,0,0,0,0,0,1,1,1
OLD-015,background,0,14,1,89.69305555555556,,,1.0,False,,,,,,,asset-conversion,cross-asset,1.0,1,1,0,0,1,1,0,0,0,0,0,0,1,1,1
OLD-016,background,0,5,1,12.80638888888889,,,0.2664700759,True,,,,600.0,20.0,30.0,coverage-stop,coverage-stop,0.2664700759,1,1,0,0,1,1,0,0,0,1,1,1,1,1,1
OLD-017,Harmony,1,15,2,3.035,0.13805555555555554,0.13805555555555554,1.0,False,1.0,1.0,3.035,6012.0,1.0,1.0,depth-limit,depth-limit,1.0,1,1,1,1,1,1,1,1,1,1,1,1,1,1,1
OLD-018,background,0,5,2,107.52,107.33638888888889,107.33638888888889,1.0,False,2.0,1.0,107.52,100.065,2.0,2.0,contract,contract-opacity,1.0,1,1,1,1,1,1,1,1,1,1,1,1,1,1,1
OLD-019,Harmony,1,15,2,10.581388888888888,9.103055555555555,9.103055555555555,1.0,False,3.0,1.0,10.581388888888888,18033.0,1.0,3.0,depth-limit,depth-limit,1.0,1,1,1,1,1,1,1,1,1,1,1,1,1,1,1
OLD-020,background,0,14,1,0.036944444444444446,,,0.9965742287706293,True,,,,,,,contract,contract-opacity,0.9965742287706293,1,1,0,0,1,1,0,0,0,0,0,0,1,1,1
OLD-021,Harmony,1,15,2,23.59722222222222,9.18138888888889,9.18138888888889,1.0,False,3.0,1.0,23.59722222222222,18033.0,1.0,3.0,depth-limit,depth-limit,1.0,1,1,1,1,1,1,1,1,1,1,1,1,1,1,1
OLD-022,background,0,15,2,166.44583333333333,155.10722222222222,155.10722222222222,1.0,False,25.0,20.0,167.26222222222222,600.0,25.0,43.0,depth-limit,depth-limit,1.0,1,1,1,1,1,1,1,1,1,1,1,1,1,1,1
OLD-023,background,0,12,1,0.04611111111111111,,,1.0,False,,,,,,,asset-conversion,cross-asset,1.0,1,1,0,0,1,1,0,0,0,0,0,0,1,1,1
OLD-024,background,0,0,1,0.03888888888888889,,,0.89,True,,,,,,,asset-conversion,cross-asset,0.89,1,1,0,0,1,1,0,0,0,0,0,0,1,1,1
OLD-025,Harmony,1,15,2,9.421111111111111,0.03027777777777778,0.03027777777777778,1.0,False,3.0,1.0,9.421111111111111,18033.0,1.0,3.0,depth-limit,depth-limit,1.0,1,1,1,1,1,1,1,1,1,1,1,1,1,1,1
OLD-026,background,0,0,1,0.0375,,,1.0,False,,,,,,,contract,contract-opacity,1.0,1,1,0,0,1,1,0,0,0,0,0,0,1,1,1
OLD-027,Harmony,1,15,2,22.252777777777776,0.10972222222222222,0.10972222222222222,1.0,False,3.0,1.0,22.252777777777776,18033.0,1.0,3.0,depth-limit,depth-limit,1.0,1,1,1,1,1,1,1,1,1,1,1,1,1,1,1
OLD-028,background,0,5,1,0.017222222222222222,,,1.0,False,,,,,,,asset-conversion,cross-asset,1.0,1,1,0,0,1,1,0,0,0,0,0,0,1,1,1
OLD-029,background,0,2,1,0.09166666666666666,,,1.0,False,,,,,,,asset-conversion,cross-asset,1.0,1,1,0,0,1,1,0,0,0,0,0,0,1,1,1
OLD-030,background,0,0,2,0.4463888888888889,0.23166666666666666,0.23166666666666666,1.0,False,1.0,1.0,0.4463888888888889,210.0,1.0,1.0,asset-conversion,cross-asset,1.0,1,1,1,1,1,1,1,1,1,1,1,1,1,1,1
OLD-031,background,0,6,1,0.05472222222222222,,,1.0,False,,,,,,,asset-conversion,cross-asset,1.0,1,1,0,0,1,1,0,0,0,0,0,0,1,1,1
OLD-032,background,0,6,1,137.30805555555557,,,0.9990000000000001,True,,,,,,,contract,contract-opacity,0.9990000000000001,1,1,0,0,1,1,0,0,0,0,0,0,1,1,1
OLD-033,Harmony,1,15,2,29.73361111111111,0.17277777777777778,0.17277777777777778,1.0,False,3.0,1.0,29.73361111111111,18033.0,1.0,3.0,depth-limit,depth-limit,1.0,1,1,1,1,1,1,1,1,1,1,1,1,1,1,1
OLD-034,background,0,3,1,0.03305555555555555,,,1.0,False,,,,,,,contract,contract-opacity,1.0,1,1,0,0,1,1,0,0,0,0,0,0,1,1,1
OLD-035,background,0,1,2,67.79083333333334,31.86861111111111,31.86861111111111,1.0,False,1.0,1.0,67.79083333333334,200.42845848169543,1.0,1.0,depth-limit,depth-limit,1.0,1,1,1,1,1,1,1,1,1,1,1,1,1,1,1
OLD-036,background,0,6,1,0.020277777777777777,,,1.0,False,,,,,,,asset-conversion,cross-asset,1.0,1,1,0,0,1,1,0,0,0,0,0,0,1,1,1
OLD-037,background,0,11,2,0.04027777777777778,0.016944444444444446,0.016944444444444446,0.39,True,1.0,2.0,6.303888888888889,58.0,2.0,2.0,asset-conversion,cross-asset,0.39,1,1,1,1,1,1,1,1,1,1,1,1,1,1,1
OLD-038,Harmony,1,15,2,9.04861111111111,0.010833333333333334,0.010833333333333334,1.0,False,3.0,1.0,9.04861111111111,18033.0,1.0,3.0,depth-limit,depth-limit,1.0,1,1,1,1,1,1,1,1,1,1,1,1,1,1,1
OLD-039,background,0,7,2,15.928888888888888,15.900833333333333,15.900833333333333,1.0,False,1.0,1.0,16.077222222222222,726.3902824455824,3.0,1.0,depth-limit,depth-limit,1.0,1,1,1,1,1,1,1,1,1,1,1,1,1,1,1
OLD-040,background,0,9,1,12.509444444444444,,,0.9964749999999999,True,,,,,,,contract,contract-opacity,0.9964749999999999,1,1,0,0,1,1,0,0,0,0,0,0,1,1,1
OLD-041,background,0,1,2,12.556944444444444,0.4538888888888889,0.4538888888888889,0.9964749999999999,True,1.0,1.0,16.796388888888888,400.0,5.0,1.0,contract,contract-opacity,0.9964749999999999,1,1,1,1,1,1,1,1,1,1,1,1,1,1,1
OLD-042,background,0,5,1,0.020277777777777777,,,1.0,False,,,,,,,contract,contract-opacity,1.0,1,1,0,0,1,1,0,0,0,0,0,0,1,1,1
OLD-043,background,0,12,1,0.065,,,1.0,False,,,,,,,asset-conversion,cross-asset,1.0,1,1,0,0,1,1,0,0,0,0,0,0,1,1,1
OLD-044,Harmony,1,15,2,16.031388888888888,0.08055555555555556,0.08055555555555556,1.0,False,3.0,1.0,16.031388888888888,18033.0,1.0,3.0,depth-limit,depth-limit,1.0,1,1,1,1,1,1,1,1,1,1,1,1,1,1,1
OLD-045,background,0,2,1,0.027777777777777776,,,1.0,False,,,,,,,asset-conversion,cross-asset,1.0,1,1,0,0,1,1,0,0,0,0,0,0,1,1,1
OLD-046,Harmony,1,15,2,23.815555555555555,0.135,0.135,1.0,False,3.0,1.0,23.815555555555555,18033.0,1.0,3.0,depth-limit,depth-limit,1.0,1,1,1,1,1,1,1,1,1,1,1,1,1,1,1
OLD-047,background,0,1,1,0.058055555555555555,,,1.0,False,,,,,,,contract,contract-opacity,1.0,1,1,0,0,1,1,0,0,0,0,0,0,1,1,1
OLD-048,background,0,3,1,0.22583333333333333,,,1.0,False,,,,350.8974138919639,0.0,2.0,eoa-source,origin-reached,1.0,1,1,0,0,1,1,0,0,0,1,1,1,1,1,1
OLD-049,background,0,9,1,0.2513888888888889,,,1.0,False,,,,350.8974138919639,0.0,2.0,eoa-source,origin-reached,1.0,1,1,0,0,1,1,0,0,0,1,1,1,1,1,1
OLD-050,background,0,4,2,0.39111111111111113,0.3688888888888889,0.3688888888888889,0.9994943272869995,True,1.0,1.0,0.39111111111111113,99.94943272869995,1.0,1.0,depth-limit,depth-limit,0.9994943272869995,1,1,1,1,1,1,1,1,1,1,1,1,1,1,1
OLD-051,background,0,12,2,0.14944444444444444,0.10305555555555555,0.10305555555555555,0.3190731715034977,True,1.0,1.0,0.14944444444444444,107.91699331639376,1.0,1.0,depth-limit,depth-limit,0.3190731715034977,1,1,1,1,1,1,1,1,1,1,1,1,1,1,1
OLD-052,background,0,2,1,0.09722222222222222,,,1.0,False,,,,,,,contract,contract-opacity,1.0,1,1,0,0,1,1,0,0,0,0,0,0,1,1,1
OLD-053,background,0,1,1,12.340555555555556,,,0.30596388189735985,True,,,,,,,asset-conversion,cross-asset,0.30596388189735985,1,1,0,0,1,1,0,0,0,0,0,0,1,1,1
OLD-054,Harmony,1,15,2,13.556666666666667,0.015277777777777777,0.015277777777777777,1.0,False,2.0,1.0,13.556666666666667,13718.7,1.0,2.0,depth-limit,depth-limit,1.0,1,1,1,1,1,1,1,1,1,1,1,1,1,1,1
OLD-055,background,0,6,1,1.1294444444444445,,,1.0,False,,,,,,,contract,contract-opacity,1.0,1,1,0,0,1,1,0,0,0,0,0,0,1,1,1
OLD-056,Harmony,1,15,2,19.964444444444446,0.0636111111111111,0.0636111111111111,1.0,False,2.0,1.0,19.964444444444446,13718.7,1.0,2.0,depth-limit,depth-limit,1.0,1,1,1,1,1,1,1,1,1,1,1,1,1,1,1
OLD-057,background,0,14,0,,,,1.0,False,,,,,,,eoa-source,origin-reached,1.0,1,0,0,0,1,1,0,0,0,0,0,0,1,1,1
OLD-058,background,0,8,0,,,,1.0,False,,,,,,,eoa-source,origin-reached,1.0,1,0,0,0,1,1,0,0,0,0,0,0,1,1,1
OLD-059,background,0,5,2,0.43166666666666664,0.39111111111111113,0.39111111111111113,0.6849358926672453,True,1.0,2.0,0.43166666666666664,100.0,2.0,1.0,contract,contract-opacity,0.6849358926672453,1,1,1,1,1,1,1,1,1,1,1,1,1,1,1
OLD-060,background,0,9,1,0.04472222222222222,,,0.41592935142034837,True,,,,,,,asset-conversion,cross-asset,0.41592935142034837,1,1,0,0,1,1,0,0,0,0,0,0,1,1,1
OLD-061,background,0,5,1,0.014166666666666666,,,1.0,False,,,,,,,asset-conversion,cross-asset,1.0,1,1,0,0,1,1,0,0,0,0,0,0,1,1,1
OLD-062,background,0,7,1,0.13944444444444445,,,1.0,False,,,,0.0,0.0,1.0,eoa-source,origin-reached,1.0,1,1,0,0,1,1,0,0,0,1,1,1,1,1,1
OLD-063,background,0,16,2,165.3425,138.7747222222222,138.7747222222222,1.0,False,11.0,50.0,167.90194444444444,16836.39471809,57.0,11.0,unresolved,unresolved,1.0,1,1,1,1,1,1,1,1,1,1,1,1,1,1,1
OLD-064,background,0,3,1,0.02638888888888889,,,0.20968312761732943,True,,,,20.968312761732943,1.0,1.0,coverage-stop,coverage-stop,0.20968312761732943,1,1,0,0,1,1,0,0,0,1,1,1,1,1,1
OLD-065,Beanstalk,1,1,1,0.1425,,,1.0,False,,,,,,,contract,contract-opacity,1.0,1,1,0,0,1,1,0,0,0,0,0,0,1,1,1
OLD-066,background,0,1,0,,,,1.0,False,,,,,,,eoa-source,origin-reached,1.0,1,0,0,0,1,1,0,0,0,0,0,0,1,1,1
OLD-067,background,0,2,1,0.01361111111111111,,,1.0,False,,,,,,,asset-conversion,cross-asset,1.0,1,1,0,0,1,1,0,0,0,0,0,0,1,1,1
OLD-068,background,0,13,1,81.92138888888888,,,1.0,False,,,,0.0,0.0,1.0,eoa-source,origin-reached,1.0,1,1,0,0,1,1,0,0,0,1,1,1,1,1,1
OLD-069,background,0,15,2,13.13111111111111,13.100833333333334,13.100833333333334,0.66,True,1.0,6.0,13.140277777777778,200.0,7.0,1.0,depth-limit,depth-limit,0.66,1,1,1,1,1,1,1,1,1,1,1,1,1,1,1
OLD-070,background,0,4,1,2.8819444444444446,,,0.36425179121396034,True,,,,,,,asset-conversion,cross-asset,0.36425179121396034,1,1,0,0,1,1,0,0,0,0,0,0,1,1,1
OLD-071,background,0,0,2,120.20138888888889,120.15333333333334,120.15333333333334,0.8891100000000001,True,2.0,1.0,120.64222222222222,110.0,4.0,2.0,contract,contract-opacity,0.8891100000000001,1,1,1,1,1,1,1,1,1,1,1,1,1,1,1
OLD-072,background,0,10,1,0.5536111111111112,,,1.0,False,,,,,,,contract,contract-opacity,1.0,1,1,0,0,1,1,0,0,0,0,0,0,1,1,1
OLD-073,background,0,1,1,0.4925,,,0.95,True,,,,,,,contract,contract-opacity,0.95,1,1,0,0,1,1,0,0,0,0,0,0,1,1,1
OLD-074,background,0,7,1,12.3775,,,0.5561815869567563,True,,,,,,,asset-conversion,cross-asset,0.5561815869567563,1,1,0,0,1,1,0,0,0,0,0,0,1,1,1
OLD-075,background,0,0,1,0.0175,,,1.0,False,,,,0.0,0.0,1.0,eoa-source,origin-reached,1.0,1,1,0,0,1,1,0,0,0,1,1,1,1,1,1
OLD-076,background,0,9,0,,,,1.0,False,,,,,,,eoa-source,origin-reached,1.0,1,0,0,0,1,1,0,0,0,0,0,0,1,1,1
OLD-077,background,0,16,1,20.814722222222223,,,0.50266328,True,,,,,,,contract,contract-opacity,0.50266328,1,1,0,0,1,1,0,0,0,0,0,0,1,1,1
OLD-078,background,0,11,1,1.1955555555555555,,,0.18305749999999998,True,,,,,,,contract,contract-opacity,0.18305749999999998,1,1,0,0,1,1,0,0,0,0,0,0,1,1,1
OLD-079,background,0,4,2,34.30305555555555,34.28916666666667,34.28916666666667,0.66,True,2.0,8.0,34.312222222222225,248.84,9.0,2.0,depth-limit,depth-limit,0.66,1,1,1,1,1,1,1,1,1,1,1,1,1,1,1
OLD-080,background,0,13,2,0.47888888888888886,0.41305555555555556,0.41305555555555556,1.0,False,1.0,1.0,0.47888888888888886,100.2,1.0,1.0,depth-limit,depth-limit,1.0,1,1,1,1,1,1,1,1,1,1,1,1,1,1,1
OLD-081,background,0,0,1,0.059444444444444446,,,1.0,False,,,,,,,asset-conversion,cross-asset,1.0,1,1,0,0,1,1,0,0,0,0,0,0,1,1,1
OLD-082,background,0,9,2,60.14944444444444,0.11611111111111111,0.11611111111111111,0.37,True,3.0,3.0,63.76861111111111,156.32,3.0,7.0,asset-conversion,cross-asset,0.37,1,1,1,1,1,1,1,1,1,1,1,1,1,1,1
OLD-083,background,0,15,1,4.568611111111111,,,1.0,False,,,,,,,asset-conversion,cross-asset,1.0,1,1,0,0,1,1,0,0,0,0,0,0,1,1,1
OLD-084,background,0,5,0,,,,1.0,False,,,,,,,eoa-source,origin-reached,1.0,1,0,0,0,1,1,0,0,0,0,0,0,1,1,1
OLD-085,background,0,6,1,0.049444444444444444,,,1.0,False,,,,100.0,0.0,2.0,eoa-source,origin-reached,1.0,1,1,0,0,1,1,0,0,0,1,1,1,1,1,1
OLD-086,background,0,3,0,,,,1.0,False,,,,,,,eoa-source,origin-reached,1.0,1,0,0,0,1,1,0,0,0,0,0,0,1,1,1
OLD-087,background,0,2,1,0.17694444444444443,,,0.8271757821023347,True,,,,,,,contract,contract-opacity,0.8271757821023347,1,1,0,0,1,1,0,0,0,0,0,0,1,1,1
OLD-088,background,0,14,2,0.5686111111111111,0.5316666666666666,0.5316666666666666,0.8271757821023347,True,1.0,3.0,0.5686111111111111,91.14394985889464,3.0,1.0,contract,contract-opacity,0.8271757821023347,1,1,1,1,1,1,1,1,1,1,1,1,1,1,1
OLD-089,background,0,15,1,0.24027777777777778,,,1.0,False,,,,,,,contract,contract-opacity,1.0,1,1,0,0,1,1,0,0,0,0,0,0,1,1,1
OLD-090,background,0,7,0,,,,1.0,False,,,,,,,eoa-source,origin-reached,1.0,1,0,0,0,1,1,0,0,0,0,0,0,1,1,1
OLD-091,background,0,6,1,0.15138888888888888,,,1.0,False,,,,,,,asset-conversion,cross-asset,1.0,1,1,0,0,1,1,0,0,0,0,0,0,1,1,1
OLD-092,background,0,15,2,16.0525,12.950555555555555,12.950555555555555,0.17288250000000002,True,1.0,1.0,16.0525,142.0,5.0,1.0,contract,contract-opacity,0.17288250000000002,1,1,1,1,1,1,1,1,1,1,1,1,1,1,1
OLD-093,background,0,3,0,,,,1.0,False,,,,,,,eoa-source,origin-reached,1.0,1,0,0,0,1,1,0,0,0,0,0,0,1,1,1
OLD-094,background,0,3,1,0.4027777777777778,,,0.9589470949638449,True,,,,,,,contract,contract-opacity,0.9589470949638449,1,1,0,0,1,1,0,0,0,0,0,0,1,1,1
OLD-095,background,0,12,1,0.24666666666666667,,,1.0,False,,,,,,,asset-conversion,cross-asset,1.0,1,1,0,0,1,1,0,0,0,0,0,0,1,1,1
OLD-096,background,0,9,2,0.5075,0.4722222222222222,0.4722222222222222,1.0,False,1.0,1.0,0.5075,101.0,1.0,1.0,asset-conversion,cross-asset,1.0,1,1,1,1,1,1,1,1,1,1,1,1,1,1,1
OLD-097,background,0,10,1,0.11972222222222222,,,1.0,False,,,,,,,contract,contract-opacity,1.0,1,1,0,0,1,1,0,0,0,0,0,0,1,1,1
OLD-098,background,0,5,2,135.57083333333333,17.031944444444445,17.031944444444445,1.0,False,128.0,1.0,167.90472222222223,16835.12436377,1.0,161.0,depth-limit,depth-limit,1.0,1,1,1,1,1,1,1,1,1,1,1,1,1,1,1
OLD-099,background,0,8,1,0.19444444444444445,,,0.20881992813591566,True,,,,,,,asset-conversion,cross-asset,0.20881992813591566,1,1,0,0,1,1,0,0,0,0,0,0,1,1,1
OLD-100,background,0,8,0,,,,1.0,False,,,,,,,eoa-source,origin-reached,1.0,1,0,0,0,1,1,0,0,0,0,0,0,1,1,1
OLD-101,background,0,16,2,0.9602777777777778,0.2075,0.2075,0.8009999999999999,True,1.0,3.0,1.2394444444444443,159.195,3.0,1.0,depth-limit,depth-limit,0.8009999999999999,1,1,1,1,1,1,1,1,1,1,1,1,1,1,1
OLD-102,background,0,10,1,1.2772222222222223,,,1.0,False,,,,0.0,0.0,1.0,eoa-source,origin-reached,1.0,1,1,0,0,1,1,0,0,0,1,1,1,1,1,1
OLD-103,background,0,5,0,,,,1.0,False,,,,,,,eoa-source,origin-reached,1.0,1,0,0,0,1,1,0,0,0,0,0,0,1,1,1
OLD-104,background,0,13,1,0.0811111111111111,,,1.0,False,,,,,,,contract,contract-opacity,1.0,1,1,0,0,1,1,0,0,0,0,0,0,1,1,1
OLD-105,background,0,8,1,0.5027777777777778,,,0.27531689750195587,True,,,,,,,asset-conversion,cross-asset,0.27531689750195587,1,1,0,0,1,1,0,0,0,0,0,0,1,1,1
OLD-106,background,0,12,1,0.04777777777777778,,,1.0,False,,,,,,,asset-conversion,cross-asset,1.0,1,1,0,0,1,1,0,0,0,0,0,0,1,1,1
OLD-107,background,0,3,1,0.3819444444444444,,,0.9733079410870519,True,,,,,,,contract,contract-opacity,0.9733079410870519,1,1,0,0,1,1,0,0,0,0,0,0,1,1,1
OLD-108,background,0,3,1,0.041666666666666664,,,1.0,False,,,,,,,contract,contract-opacity,1.0,1,1,0,0,1,1,0,0,0,0,0,0,1,1,1
OLD-109,background,0,2,1,0.03666666666666667,,,0.65,True,,,,,,,asset-conversion,cross-asset,0.65,1,1,0,0,1,1,0,0,0,0,0,0,1,1,1
OLD-110,background,0,8,1,0.024444444444444446,,,1.0,False,,,,,,,contract,contract-opacity,1.0,1,1,0,0,1,1,0,0,0,0,0,0,1,1,1
OLD-111,background,0,2,1,0.06583333333333333,,,1.0,False,,,,,,,asset-conversion,cross-asset,1.0,1,1,0,0,1,1,0,0,0,0,0,0,1,1,1
OLD-112,background,0,15,1,0.06222222222222222,,,0.7925300668999999,True,,,,,,,asset-conversion,cross-asset,0.7925300668999999,1,1,0,0,1,1,0,0,0,0,0,0,1,1,1
OLD-113,background,0,5,2,149.85166666666666,149.76444444444445,149.76444444444445,1.0,False,75.0,40.0,167.99583333333334,2850.1591544059174,44.0,96.0,depth-limit,depth-limit,1.0,1,1,1,1,1,1,1,1,1,1,1,1,1,1,1
OLD-114,background,0,5,1,0.02861111111111111,,,0.8862674400641553,True,,,,,,,asset-conversion,cross-asset,0.8862674400641553,1,1,0,0,1,1,0,0,0,0,0,0,1,1,1
OLD-115,background,0,1,1,11.449166666666667,,,1.0,False,,,,,,,asset-conversion,cross-asset,1.0,1,1,0,0,1,1,0,0,0,0,0,0,1,1,1
OLD-116,background,0,7,2,1.8186111111111112,1.7952777777777778,1.7952777777777778,1.0,False,1.0,1.0,1.8186111111111112,100.15,1.0,1.0,depth-limit,depth-limit,1.0,1,1,1,1,1,1,1,1,1,1,1,1,1,1,1
OLD-117,background,0,5,1,2.105277777777778,,,0.68,True,,,,,,,asset-conversion,cross-asset,0.68,1,1,0,0,1,1,0,0,0,0,0,0,1,1,1
OLD-118,background,0,5,2,94.05277777777778,93.64694444444444,93.64694444444444,1.0,False,1.0,1.0,94.05277777777778,1528.2189999999991,1.0,1.0,depth-limit,depth-limit,1.0,1,1,1,1,1,1,1,1,1,1,1,1,1,1,1
OLD-119,background,0,3,1,1.2783333333333333,,,0.8805442657179694,True,,,,,,,asset-conversion,cross-asset,0.8805442657179694,1,1,0,0,1,1,0,0,0,0,0,0,1,1,1
OLD-120,background,0,1,2,108.91694444444444,0.1575,0.1575,0.9784999999999999,True,1.0,2.0,119.58666666666667,205.311,5.0,1.0,contract,contract-opacity,0.9784999999999999,1,1,1,1,1,1,1,1,1,1,1,1,1,1,1
OLD-121,background,0,4,1,0.025,,,1.0,False,,,,,,,asset-conversion,cross-asset,1.0,1,1,0,0,1,1,0,0,0,0,0,0,1,1,1
OLD-122,background,0,6,1,10.609722222222222,,,1.0,False,,,,,,,asset-conversion,cross-asset,1.0,1,1,0,0,1,1,0,0,0,0,0,0,1,1,1
OLD-123,background,0,16,2,141.2325,0.17888888888888888,0.17888888888888888,1.0,False,62.0,1.0,167.79722222222222,16679.3306348,1.0,82.0,depth-limit,depth-limit,1.0,1,1,1,1,1,1,1,1,1,1,1,1,1,1,1
OLD-124,background,0,7,2,118.33555555555556,118.1875,118.1875,1.0,False,2.0,1.0,118.33555555555556,4670.698999999999,1.0,2.0,depth-limit,depth-limit,1.0,1,1,1,1,1,1,1,1,1,1,1,1,1,1,1
OLD-125,background,0,2,0,,,,1.0,False,,,,,,,eoa-source,origin-reached,1.0,1,0,0,0,1,1,0,0,0,0,0,0,1,1,1
OLD-126,background,0,7,1,0.49527777777777776,,,0.7977668302793305,True,,,,,,,asset-conversion,cross-asset,0.7977668302793305,1,1,0,0,1,1,0,0,0,0,0,0,1,1,1
OLD-127,background,0,14,1,1.2780555555555555,,,1.0,False,,,,,,,asset-conversion,cross-asset,1.0,1,1,0,0,1,1,0,0,0,0,0,0,1,1,1
OLD-128,background,0,0,2,11.925277777777778,-9.556111111111111,-9.556111111111111,0.3,True,1.0,1.0,11.925277777777778,30.0,1.0,2.0,contract,contract-opacity,0.3,1,1,1,1,1,1,1,1,1,1,1,1,1,1,1
OLD-129,background,0,15,2,144.17777777777778,144.12527777777777,144.12527777777777,0.64935,True,2.0,1.0,144.6786111111111,100.899,4.0,2.0,contract,contract-opacity,0.64935,1,1,1,1,1,1,1,1,1,1,1,1,1,1,1
OLD-130,background,0,1,1,0.37277777777777776,,,1.0,False,,,,200.1,0.0,3.0,eoa-source,origin-reached,1.0,1,1,0,0,1,1,0,0,0,1,1,1,1,1,1
OLD-131,background,0,1,1,12.793888888888889,,,0.1851183157208986,True,,,,18.51183157208986,1.0,1.0,coverage-stop,coverage-stop,0.1851183157208986,1,1,0,0,1,1,0,0,0,1,1,1,1,1,1
OLD-132,background,0,1,1,0.1463888888888889,,,1.0,False,,,,,,,asset-conversion,cross-asset,1.0,1,1,0,0,1,1,0,0,0,0,0,0,1,1,1
OLD-133,background,0,15,1,0.3908333333333333,,,1.0,False,,,,,,,asset-conversion,cross-asset,1.0,1,1,0,0,1,1,0,0,0,0,0,0,1,1,1
OLD-134,background,0,6,2,0.1325,0.08166666666666667,0.08166666666666667,0.7192168381990435,True,4.0,1.0,0.1325,429.9388616918669,6.0,4.0,depth-limit,depth-limit,0.7192168381990435,1,1,1,1,1,1,1,1,1,1,1,1,1,1,1
OLD-135,background,0,4,2,0.2738888888888889,0.09,0.09,0.7192168381990435,True,4.0,1.0,0.2738888888888889,429.9388616918669,6.0,4.0,depth-limit,depth-limit,0.7192168381990435,1,1,1,1,1,1,1,1,1,1,1,1,1,1,1
OLD-136,background,0,3,2,0.29388888888888887,0.10666666666666667,0.10666666666666667,0.7192168381990435,True,4.0,1.0,0.29388888888888887,429.9388616918669,6.0,4.0,depth-limit,depth-limit,0.7192168381990435,1,1,1,1,1,1,1,1,1,1,1,1,1,1,1
OLD-137,background,0,6,2,0.5663888888888889,0.09666666666666666,0.09666666666666666,0.7192168381990435,True,4.0,1.0,0.5663888888888889,429.9388616918669,6.0,4.0,depth-limit,depth-limit,0.7192168381990435,1,1,1,1,1,1,1,1,1,1,1,1,1,1,1
OLD-138,background,0,7,0,,,,1.0,False,,,,,,,eoa-source,origin-reached,1.0,1,0,0,0,1,1,0,0,0,0,0,0,1,1,1
OLD-139,Audius,1,0,1,10.285555555555556,,,1.0,False,,,,,,,asset-conversion,cross-asset,1.0,1,1,0,0,1,1,0,0,0,0,0,0,1,1,1
OLD-140,background,0,11,0,,,,1.0,False,,,,,,,eoa-source,origin-reached,1.0,1,0,0,0,1,1,0,0,0,0,0,0,1,1,1
OLD-141,background,0,9,0,,,,1.0,False,,,,,,,eoa-source,origin-reached,1.0,1,0,0,0,1,1,0,0,0,0,0,0,1,1,1
OLD-142,background,0,7,0,,,,1.0,False,,,,,,,eoa-source,origin-reached,1.0,1,0,0,0,1,1,0,0,0,0,0,0,1,1,1
OLD-143,background,0,1,1,0.04388888888888889,,,1.0,False,,,,,,,asset-conversion,cross-asset,1.0,1,1,0,0,1,1,0,0,0,0,0,0,1,1,1
OLD-144,background,0,15,1,0.028333333333333332,,,1.0,False,,,,,,,asset-conversion,cross-asset,1.0,1,1,0,0,1,1,0,0,0,0,0,0,1,1,1
OLD-145,background,0,11,1,0.059722222222222225,,,0.8479180311539568,True,,,,,,,asset-conversion,cross-asset,0.8479180311539568,1,1,0,0,1,1,0,0,0,0,0,0,1,1,1
OLD-146,background,0,15,2,42.47527777777778,42.415277777777774,42.415277777777774,1.0,False,22.0,1.0,164.91416666666666,4351.750631852918,33.0,23.0,depth-limit,depth-limit,1.0,1,1,1,1,1,1,1,1,1,1,1,1,1,1,1
OLD-147,background,0,2,0,,,,1.0,False,,,,,,,eoa-source,origin-reached,1.0,1,0,0,0,1,1,0,0,0,0,0,0,1,1,1
OLD-148,background,0,8,1,0.12527777777777777,,,1.0,False,,,,,,,asset-conversion,cross-asset,1.0,1,1,0,0,1,1,0,0,0,0,0,0,1,1,1
OLD-149,background,0,11,1,0.11694444444444445,,,1.0,False,,,,,,,asset-conversion,cross-asset,1.0,1,1,0,0,1,1,0,0,0,0,0,0,1,1,1
OLD-150,background,0,1,1,0.4436111111111111,,,1.0,False,,,,,,,asset-conversion,cross-asset,1.0,1,1,0,0,1,1,0,0,0,0,0,0,1,1,1
OLD-151,background,0,7,1,0.16333333333333333,,,1.0,False,,,,,,,asset-conversion,cross-asset,1.0,1,1,0,0,1,1,0,0,0,0,0,0,1,1,1
OLD-152,Monkey,1,16,1,0.8966666666666666,,,0.7357824624990751,True,,,,,,,asset-conversion,cross-asset,0.7357824624990751,1,1,0,0,1,1,0,0,0,0,0,0,1,1,1
OLD-153,background,0,7,0,,,,1.0,False,,,,,,,eoa-source,origin-reached,1.0,1,0,0,0,1,1,0,0,0,0,0,0,1,1,1
OLD-154,background,0,16,1,5.543333333333333,,,1.0,False,,,,0.0,0.0,1.0,eoa-source,origin-reached,1.0,1,1,0,0,1,1,0,0,0,1,1,1,1,1,1
OLD-155,background,0,12,1,68.52,,,0.11934673116222246,True,,,,11.934673116222246,1.0,1.0,coverage-stop,coverage-stop,0.11934673116222246,1,1,0,0,1,1,0,0,0,1,1,1,1,1,1
CONV-0x03560a,Convergence,1,2,1.0,0.03,,,1.0,False,,,,,,,asset-conversion,cross-asset,1.0,1,1,0,0,1,1,0,0,0,0,0,0,1,1,1
NEW-001,N01,1,3,1,0.38,,,1.0,False,,,,,,,asset-conversion,cross-asset,1.0,1,1,0,0,1,1,0,0,0,0,0,0,1,1,1
NEW-002,N02,1,4,1,2.4466666666666668,,,1.0,False,,,,,,,asset-conversion,cross-asset,1.0,1,1,0,0,1,1,0,0,0,0,0,0,1,1,1
NEW-003,N03,1,5,0,,,,1.0,False,,,,,,,eoa-source,origin-reached,1.0,1,0,0,0,1,1,0,0,0,0,0,0,1,1,1
NEW-004,N04,1,6,1,0.08305555555555555,,,0.903817,True,,,,,,,asset-conversion,cross-asset,0.903817,1,1,0,0,1,1,0,0,0,0,0,0,1,1,1
NEW-005,N05,1,7,2,53.56,0.0,0.0,1.0,False,,1.0,53.583333333333336,,3.0,,asset-conversion,cross-asset,1.0,1,1,1,1,1,1,0,1,1,0,1,0,1,1,1
NEW-006,N06,1,8,0,,,,1.0,False,,,,,,,eoa-source,origin-reached,1.0,1,0,0,0,1,1,0,0,0,0,0,0,1,1,1
NEW-007,N07,1,9,2,116.19,116.14666666666666,116.14666666666666,1.0,False,,1.0,116.19,,1.0,,depth-limit,depth-limit,1.0,1,1,1,1,1,1,0,1,1,0,1,0,1,1,1
NEW-008,N08,1,10,2,62.35333333333333,0.0,0.0,1.0,False,,1.0,62.35333333333333,,1.0,,asset-conversion,cross-asset,1.0,1,1,1,1,1,1,0,1,1,0,1,0,1,1,1
NEW-009,N09,1,11,0,,,,1.0,False,,,,,,,eoa-source,origin-reached,1.0,1,0,0,0,1,1,0,0,0,0,0,0,1,1,1
NEW-010,N10,1,12,2,64.05,0.0,0.0,1.0,False,,1.0,64.05,,1.0,,asset-conversion,cross-asset,1.0,1,1,1,1,1,1,0,1,1,0,1,0,1,1,1
NEW-011,N11,1,13,2,160.8852777777778,160.75333333333333,160.75333333333333,1.0,False,,24.0,164.1161111111111,,148.0,,asset-conversion,cross-asset,1.0,1,1,1,1,1,1,0,1,1,0,1,0,1,1,1
NEW-012,N12,1,14,0,,,,1.0,False,,,,,,,eoa-source,origin-reached,1.0,1,0,0,0,1,1,0,0,0,0,0,0,1,1,1
