event_id,crew,crew_type,is_illicit,deposit_address,deposit_time_utc,deposit_tx,held_out_fold
BGX-001,background,background,0,0x2ab49fb3314d122f0dc35a161ee5c509af167e81,2022-01-02T19:23:41Z,,13
BGX-002,background,background,0,0x3974ac47fbd1e82cf23446b038fdb58e968f8a9e,2022-01-02T01:01:51Z,,12
OLD-002,Harmony,known,1,0x432a9cb4353bed67ec5351734d4a44c0826847ae,2022-06-27T07:13:39Z,0x22734d506f77cc001547125ce73c79192afb6016ad9bfbcaf93085d1225ca59c,15
BGX-003,background,background,0,0xddeaf07bc433a55db8dd960a12cb06106ed94db1,2022-01-01T01:19:23Z,,9
BGX-004,background,background,0,0x5165c63cec90584aa3d2bc224d168cb9f21e50e7,2022-02-01T14:37:10Z,,13
BGX-005,background,background,0,0x594c6ed60fa2471de8757b34b116d68b68824017,2022-02-01T01:12:49Z,,16
BGX-006,background,background,0,0x5dd596c901987a2b28c38a9c1dfbf86fffc15d77,2022-02-01T12:21:43Z,,5
OLD-007,Harmony,known,1,0x4507ac1bdf4ae5e61ffcec3a9aeda312e2505970,2022-06-27T14:04:41Z,0x85b629e00ec6a6935fcb8b900af66d955f23329ec4835e98a7692276a8ea38a0,15
BGX-007,background,background,0,0x0e616785638663c88a493a82972e2f9cadaab4bc,2022-03-04T10:38:01Z,,12
BGX-008,background,background,0,0x22e832a7cc7c2270b66925386bc18b96ecced2cf,2022-03-01T01:58:06Z,,0
BGX-009,background,background,0,0x45bd3ea191433797b49b96a1b135232f237b0688,2022-03-02T16:47:00Z,,0
BGX-010,background,background,0,0x75a4f68283aa00eb8fb71babdb4021da52c13ca1,2022-04-02T14:16:03Z,,2
BGX-011,background,background,0,0x8b4c1083cd6aef062298e1fa900df9832c8351b3,2022-04-02T11:40:47Z,,8
OLD-013,Harmony,known,1,0x8a0858888beeb5d1435ecd3657831699f169c3f4,2022-06-27T21:30:55Z,0x1572c67ca55c36157f81d9e259b05439dc7721eeec8123a8f5673d6a46bd2a8f,15
BGX-012,background,background,0,0xeb6955cf773de10da86ff7d78af91c163818b8d2,2022-04-01T00:44:14Z,,13
BGX-013,background,background,0,0x002c93452d54b6d64bfa9879fcab14a74f1bdd44,2022-05-03T14:55:36Z,,1
BGX-014,background,background,0,0x622163f3f21752d359216343df88e9108495ca14,2022-05-02T08:43:46Z,,4
OLD-017,Harmony,known,1,0x89f89d61644c6e606efb25a01210159f102fbd8b,2022-06-28T07:00:56Z,0xd7fe48bac1152deb5a6c617f575509a9889f7432d77851c3916a96ea292da92f,15
BGX-015,background,background,0,0xcc820bb1c656703e5468a190ca9e74b0fa041e19,2022-05-01T00:18:12Z,,8
OLD-019,Harmony,known,1,0x40efc580e5cb5701797a762990d9e690108dadfd,2022-06-28T14:33:43Z,0x952506a578217b7824554533c52ccee22530d33e6f42c85bf091fb60fc69f132,15
BGX-016,background,background,0,0x04f4606a04c75a390ca17d7de5194486c856c04a,2022-06-01T05:49:29Z,,0
OLD-021,Harmony,known,1,0x20dbccd46eef96a1b78383cf0d26bb575ec00201,2022-06-29T03:34:40Z,0xa37d48a0b66ce5d7c131df7787516d2944a9c8d7f18813fea5fdc4bec39dfefb,15
BGX-017,background,background,0,0x99ee113f2a8a55fff2254568b9e2d41f18e95b2c,2022-06-04T12:06:02Z,,16
BGX-018,background,background,0,0xb53ed7bdb5c1de142bd2093a6148b2fa433dae19,2022-06-02T09:17:37Z,,15
BGX-019,background,background,0,0x2843efdda652b88da760ea4aaff5f68a35d45d96,2022-07-04T06:02:47Z,,0
OLD-025,Harmony,known,1,0xec3e23e7a7782b1b2d77901c478823c701d912ea,2022-06-29T17:43:25Z,0xce857337b495f17a5d220839905c990c9b9ec2ab6871ffaea48d54fa9120b7a8,15
BGX-020,background,background,0,0x7131be4f1e5d65b52b77375fe06f3f4a248bbe76,2022-07-07T07:25:39Z,,14
OLD-027,Harmony,known,1,0x482f32c3e1a851a1dc08931e3087ac5a209f3342,2022-06-30T06:33:19Z,0x400edfb353efe85c2a76e606ec1c923d036271d7447b817718377f55cf70106f,15
BGX-021,background,background,0,0x2e8d6ee65e7b47f75d6629c5fda3d0478c0c71b7,2022-08-01T22:30:14Z,,9
BGX-022,background,background,0,0x455b8910c54c5976b84975ad6f54bd361c087c93,2022-08-01T09:20:00Z,,6
BGX-023,background,background,0,0x3018c81dcb9caa2554d226d5a1a929dd319f085d,2022-09-01T19:27:01Z,,9
BGX-024,background,background,0,0x91449d8d694e6051a3d7cd4e6ede37c33f3ee9d5,2022-09-01T13:49:49Z,,0
BGX-025,background,background,0,0x0596b747faa9b27b514333d4308a538d9275e851,2022-10-01T01:25:47Z,,8
OLD-033,Harmony,known,1,0xe71d5fa89d1086d5c3b0ab03eeee2483d2d5ca97,2022-06-30T14:02:10Z,0xdfcfb4c4c5d8d54911d2758ec6fb662cf3567712ed6ee502d27f5bd9eb8b654e,15
BGX-026,background,background,0,0xdb01ef9fe791e455d68687268955551e08bb172a,2022-10-01T20:46:11Z,,12
BGX-027,background,background,0,0xaaaaa977a43669bfaed7972d4ed6c047d000f53f,2022-11-05T14:57:35Z,,6
BGX-028,background,background,0,0xb0606f433496bf66338b8ad6b6d51fc4d84a44cd,2022-11-05T08:16:59Z,,0
BGX-029,background,background,0,0x23f1ae587748450119621bc39f6531ebd8d59df6,2022-12-02T16:57:35Z,,12
OLD-038,Harmony,known,1,0x569c6530a8fdbcf8a9967795bed367f785e32d07,2022-07-01T01:15:17Z,0xcddfeebb39c9a4e7463fd5dea1f809a25ca96018c16d7dc05961d08a9282c36b,15
BGX-030,background,background,0,0xf3a465c9fa6663ff50794c698f600faa4b05c777,2022-12-02T10:08:35Z,,4
BGX-031,background,background,0,0x000008c04ded555401c0f7ebd626b597bd398e4c,2023-01-02T17:25:47Z,,14
BGX-032,background,background,0,0x0bdf82b0f1014b3e6420718d39132e93e0a83dce,2023-01-06T05:13:11Z,,10
BGX-033,background,background,0,0x5f2fdbc32771cf320d1be9ecf09ab4d422024c8b,2023-01-04T05:34:35Z,,8
BGX-034,background,background,0,0x3dabf5e36df28f6064a7c5638d0c4e01539e35f1,2023-02-02T16:39:59Z,,4
OLD-044,Harmony,known,1,0x4fd7d95f721dac5b01daf306fa686b1f8c4dd66a,2022-07-01T08:14:15Z,0xa73189e59ae60783bfc036ec26c5df03b7e19446fde4f2258b34c95972bd57cb,15
BGX-035,background,background,0,0x6c26a07ccff2783577ee911d4c6907cf59775554,2023-02-01T03:48:23Z,,2
OLD-046,Harmony,known,1,0x8bab0b7962fb7537e7766175f211d8e4f7afa834,2022-07-01T16:01:18Z,0xd4b7124a8923e8d8e351e4ae40ac8bf623c4a3716c4b0918d2f512e26b77a357,15
BGX-036,background,background,0,0xaf8f284e93c5bf5795cca636d8aee62a2616e21d,2023-02-02T14:06:35Z,,12
BGX-037,background,background,0,0x0d195363672247fa0f2184f84617fd2108bb2bbb,2023-03-05T08:35:23Z,,0
BGX-038,background,background,0,0xdca5c16a2ed5ba1632d092323a2302ac13d6d933,2023-03-04T19:11:35Z,,1
BGX-039,background,background,0,0xdcc354af1b6c8d00b5e53b81c1de8e93dfadf305,2023-03-01T05:20:23Z,,10
BGX-040,background,background,0,0x6aa7ba04dd9f3a09a02941901af10d12c8d1c245,2023-04-01T00:15:59Z,,2
BGX-041,background,background,0,0xb6f05df75b86f661898d8bb392cc252e1819c1ed,2023-04-02T09:06:23Z,,7
BGX-042,background,background,0,0xf3110bd916d1190eab39a152cbe7409dd6c13bf4,2023-04-04T06:58:59Z,,4
OLD-054,Harmony,known,1,0xb231759890157ca3bd7d664b9795796660374752,2022-07-02T05:18:39Z,0x044738f3bb374753685ce11b6e75113eb14106c1a8174cc0e4597ab3509a003c,15
BGX-043,background,background,0,0x10a570375e3e340d8737c4fbf1f03eddf280bd5d,2023-05-01T19:23:47Z,,12
OLD-056,Harmony,known,1,0x868a66bb9f016ab88f4a86d2eb9da299c82d3bff,2022-07-02T11:43:07Z,0x0386cec0568508cfd39ab327fe93a36bc23d7aa1e5f8671e43127e60c8ccfb64,15
BGX-044,background,background,0,0x426ec6cbf34a614fbecff757cab617b92bb146c5,2023-05-04T06:22:59Z,,6
BGX-045,background,background,0,0xa570d6196cce873a5557b279aaeb46115edae527,2023-05-05T20:48:35Z,,3
BGX-046,background,background,0,0x1f598068ac3645c72be2ea4c06bf62f5ab04ceef,2023-06-01T08:13:23Z,,8
BGX-047,background,background,0,0x7c090d86db2c12058180bc606fe82c5456622e6b,2023-06-01T14:53:59Z,,14
BGX-048,background,background,0,0xbbf6257f10141817328f3d0de12ac3b67e843a1d,2023-06-01T05:35:59Z,,9
BGX-049,background,background,0,0xa30190b96faee0080144aa0b7645081fcbf49e6f,2023-07-02T14:42:47Z,,4
BGX-050,background,background,0,0xa592cade22abb49842b6c490598b57b271c278b8,2023-07-01T18:52:23Z,,5
BGX-051,background,background,0,0xda26d091750530fcd8ca58f308052392940d61f1,2023-08-03T06:47:47Z,,3
OLD-065,Beanstalk,known,1,0x1c5dcdd006ea78a7e4783f9e6021c32935a10fb4,2022-04-17T12:32:49Z,0xd19aa91b3928de0025049b3859709ca5a6fb3955ef58734cf6527c61b8a4253b,1
BGX-052,background,background,0,0xf8957610257d5eee55531c249db305d0e8d8b96e,2023-08-01T05:09:47Z,,2
BGX-053,background,background,0,0x46b559d89697171179639d578e48636986dad0db,2023-09-04T23:14:47Z,,7
BGX-054,background,background,0,0xf8090f3be925537d2b37c756d53405c4813e4acd,2023-09-07T06:57:23Z,,14
BGX-055,background,background,0,0x08f5abed84693cbfa269d33164a1c900ac3f23e0,2023-10-03T06:45:47Z,,9
BGX-056,background,background,0,0xfcb48332d0cfebba869032c4a3e33ca3e6545b45,2023-10-01T05:09:23Z,,2
BGX-057,background,background,0,0x09dd5c49ea8f388b0dcdc981576dd558ae9169c8,2023-11-01T05:27:35Z,,1
BGX-058,background,background,0,0x4c9c8661243e9e9a15a35b8873317eb881330c98,2023-11-01T11:18:47Z,,15
BGX-059,background,background,0,0x01125c0b6ff3d7da2d8cc4f0eae23ab475280765,2023-12-01T01:23:23Z,,8
BGX-060,background,background,0,0x1d43f19852ffa9ca5f2343e89f408bcbfa698a7e,2023-12-01T16:01:47Z,,6
BGX-061,background,background,0,0x52827c3a94ba892d00f4bcada14c3106a11e66f1,2024-01-02T16:25:47Z,,14
BGX-062,background,background,0,0x9d82167cd28d2d1443de92f0bc45e33a41dadc69,2024-01-01T16:12:47Z,,11
BGX-063,background,background,0,0xccd6aefe321e937e3db98fa5dba530886668f6b6,2024-01-01T12:49:35Z,,7
BGX-064,background,background,0,0x26446c1658b036a6fa3efb805f8fc538451d3fc2,2024-02-06T06:56:23Z,,4
BGX-065,background,background,0,0xafa65182150086556268892509864c3e9223ff0f,2024-02-01T09:00:35Z,,11
BGX-066,background,background,0,0xe82fe91dfa9d07f44276c9dbd9a3ed34a2f34778,2024-02-03T19:28:11Z,,8
BGX-067,background,background,0,0x0e58a566c08bbd316d18dc51c477e510e446ee5d,2024-03-05T14:59:59Z,,10
BGX-068,background,background,0,0x6296a22278d69ee51752970d2c3e2825303fe54d,2024-03-01T15:23:11Z,,4
BGX-069,background,background,0,0xcd12d4413a4d0f430580cf24915cdaeb7aff7b2d,2024-03-12T19:52:35Z,,11
BGX-070,background,background,0,0x4cae27327c4778dc7db40df3b672ae78c2cb45c9,2024-04-01T08:11:35Z,,2
BGX-071,background,background,0,0x596797f519d8f94ba4dde838bc606e1ab4a02843,2024-04-05T06:02:47Z,,8
BGX-072,background,background,0,0xac70cdfdf443ef14add5093c92ed2e524d8de6f4,2024-04-05T09:12:59Z,,1
BGX-073,background,background,0,0x00ca4ef0d5d1c9ab39e8603a242fef655826e64f,2024-05-05T11:32:59Z,,6
BGX-074,background,background,0,0x164a24bf02c8573942b8f066e7e25341b02fd5c4,2024-05-07T06:06:35Z,,11
BGX-075,background,background,0,0xf04dca8fbadc9339c882bc33a57a7c08ae4f496b,2024-05-03T07:04:35Z,,8
BGX-076,background,background,0,0xa6760e0f46fd80c6a8fad806178cb2723866599d,2024-06-02T08:37:35Z,,4
BGX-077,background,background,0,0xc610e428aa9ff43914fd6b211e0bb1dbc9fbd6bf,2024-06-01T14:48:23Z,,4
BGX-078,background,background,0,0xe4062fcade7ac0ed47ad794028967a2314ee02b3,2024-06-02T05:53:11Z,,8
BGX-079,background,background,0,0x454249291af33ad5681ed07dfd5165c1cb1aa625,2024-07-01T20:09:59Z,,1
BGX-080,background,background,0,0x5508461565e40966eaa8e8abe4740f20498192af,2024-07-01T06:28:35Z,,12
BGX-081,background,background,0,0x4e744d9369a481480bd2072dabee053439e6926a,2024-08-01T13:32:23Z,,8
BGX-082,background,background,0,0x81c92fa38c9e6fba05be6a66d592bad4bd92ffd7,2024-08-03T17:49:59Z,,1
BGX-083,background,background,0,0x668399a6604c41d46c81430e4dff71443d44efe6,2024-09-02T16:03:23Z,,2
BGX-084,background,background,0,0xd440d2c13e9c0b86f54da4f515f68c56f0c36cc3,2024-09-03T23:05:11Z,,14
BGX-085,background,background,0,0x52941ea9c6e846a5fe1cb78866b21816d2f39815,2024-10-02T18:22:59Z,,14
BGX-086,background,background,0,0xf49d75e9970990417855a9cf0e5d07baecc33a17,2024-10-01T02:02:59Z,,10
BGX-087,background,background,0,0x64e6e0d5e7ad915e82038cfae9f26f1bc585ddb5,2024-11-01T04:24:11Z,,11
BGX-088,background,background,0,0xecf72ed82c2b72421621ec01a34ad165e3298efb,2024-11-01T07:10:59Z,,10
BGX-089,background,background,0,0x65d677b3395d3c5b5cab72390842fb6eb41acfd1,2024-12-02T14:27:47Z,,11
BGX-090,background,background,0,0xc57261db874a1a700b848d5c4b8784fd304f67d9,2024-12-06T07:17:23Z,,13
BGX-091,background,background,0,0x39a08a1dc43a9dfbe604141652e1523996a7399f,2025-01-03T22:46:47Z,,15
BGX-092,background,background,0,0xb7a9dabb1829159edd71401d273494ac4c41336a,2025-01-01T12:32:47Z,,6
BGX-093,background,background,0,0x41d03507b50394d68fdd6825f831c931fd70c97d,2025-02-01T12:55:11Z,,7
BGX-094,background,background,0,0xca3784ae8f91fb3fa7457d17207254c0c26a4edc,2025-02-02T16:51:59Z,,1
BGX-095,background,background,0,0x806d9d1f1b80107a294393c76258b69b441565f0,2025-03-01T17:51:59Z,,3
BGX-096,background,background,0,0xebc612ef074225bdc20705d45775a0698250fee6,2025-03-01T00:04:23Z,,5
BGX-097,background,background,0,0x5817995ca6cd5e514e0475ac3b0d0d8c8c439885,2025-04-03T08:22:59Z,,4
BGX-098,background,background,0,0x88b0129e22729a70f7110f52e460348761f9566b,2025-04-01T06:54:23Z,,7
BGX-099,background,background,0,0x6074f9e518f495194a8454e9f66b78c67bc61b41,2025-05-03T17:19:47Z,,14
BGX-100,background,background,0,0xf8bd16842ee35346beeea9541e80347521901f6e,2025-05-01T07:56:23Z,,10
BGX-101,background,background,0,0xacef39dc1a297a2e020f5d621d384a0d9a0a3a11,2025-06-01T21:56:23Z,,10
BGX-102,background,background,0,0xcd943ce278b562b63c3e17b9b5d61740f60cfb12,2025-06-01T01:09:59Z,,10
BGX-103,background,background,0,0x85b10a666083d538936a696ee685783dd2dec01f,2025-07-01T16:57:35Z,,9
BGX-104,background,background,0,0xeb8b0a5d25b76024acb6e6bb3631797624a842c6,2025-07-02T19:27:23Z,,1
BGX-105,background,background,0,0x66fc42ebef8fb3d8f9b387ef95495ca41fe78721,2025-08-05T04:26:23Z,,16
BGX-106,background,background,0,0x932ae3fe328e092dbb7911e910cde4bf50e22144,2025-08-01T09:27:35Z,,15
BGX-107,background,background,0,0x0b2409bc3a5e60a4577b4a4867fe16354ac4cedd,2025-09-02T00:53:47Z,,12
BGX-108,background,background,0,0xd67bad337027931fd964c0c8407e5beada431768,2025-10-01T15:46:59Z,,6
BGX-109,background,background,0,0x832ba873e27dbeb1c40b5374fa19c457b5f30388,2025-11-01T09:48:35Z,,0
BGX-110,background,background,0,0x2ff66b0263805e93b9812cd2519385b12dcad01b,2025-12-01T00:42:11Z,,8
BGX-111,background,background,0,0x0385e38457fea1b25e8175837fbe67400e0fe9fd,2026-01-03T12:22:11Z,,2
BGX-112,background,background,0,0x7720c2f59391fe6339310913ad13a8119393a59d,2026-01-10T18:28:23Z,,7
BGX-113,background,background,0,0x93a0649e62c7e3ae8f7eec14f6674aa6b554f904,2026-01-06T12:06:23Z,,14
BGX-114,background,background,0,0xb8b45dd6a8a430b03e7cee0d783aa541f7353714,2026-01-05T07:15:35Z,,2
BGX-115,background,background,0,0xbd0f80a33a07c34bd35c8b1a5e920459ae8ad2d2,2026-01-01T08:44:47Z,,11
BGX-116,background,background,0,0x008fb70eb7bfe9c1861539294ae657aea6627f7a,2026-02-01T13:15:11Z,,11
BGX-117,background,background,0,0x6039177b760c163f921090d05688b5465f404964,2026-02-03T18:35:23Z,,9
BGX-118,background,background,0,0xab6ab5fef629d40b258e6bb6efdb1af78fc4bc9b,2026-02-03T12:23:47Z,,1
BGX-119,background,background,0,0xaefdeb8cf986f248765ca1c1a10a17e31f943696,2026-02-05T04:04:23Z,,6
BGX-120,background,background,0,0xce1f9ca9aafeb89fb1789fc487e10f30bb888888,2026-02-04T16:40:35Z,,0
BGX-121,background,background,0,0x18b44c68ea2cd6b1e59731af8e49e62e90e92e66,2026-03-03T17:29:23Z,,5
BGX-122,background,background,0,0x1fcf1f5c801febc1009fcc8ed9c8349c367d23ac,2026-03-05T13:17:59Z,,12
BGX-123,background,background,0,0x5f1a42363a708511f7c34f5970252527f91a2640,2026-03-05T22:01:35Z,,3
BGX-124,background,background,0,0xca4a8aceb83294d71c42cbe579f11f9d30236c32,2026-03-05T23:10:35Z,,7
OLD-139,Audius,known,1,0xa0c7bd318d69424603cbf91e9969870f21b8ab4c,2022-07-24T09:29:11Z,0x06c6543ef2f547420af0dc8be0750917cf5f49303af934ddd0f88cb54eed6c56,0
BGX-125,background,background,0,0xfc51b5cd07e73020be902a5b00902f329b083eab,2026-03-04T15:07:47Z,,11
BGX-126,background,background,0,0x127b16a0ed49ee84ecd1d31edc01b3ddf63d0562,2026-04-02T07:26:23Z,,4
BGX-127,background,background,0,0x1c134855fbcdc4de70662ea61717c6f384ffa59e,2026-04-06T10:45:35Z,,11
BGX-128,background,background,0,0x45e4b5805590d112dceafbbc32b236671b5d1872,2026-04-03T08:25:59Z,,16
BGX-129,background,background,0,0x6d94d91530a8f15862495606c117eb74604c2767,2026-04-01T14:57:47Z,,4
BGX-130,background,background,0,0xf715ebb67b7dfedf27121414e7ea1d0a1784721d,2026-04-04T20:35:47Z,,4
BGX-131,background,background,0,0x1661a0fc23f15e153486cd689a4fab076d0e82a5,2026-05-04T15:27:59Z,,4
BGX-132,background,background,0,0x597a1c8f981aba3eb48b11736da1a61bcbcfcca1,2026-05-02T13:33:35Z,,9
BGX-133,background,background,0,0x6d844fd5001a7a5fec3bce289c53b14b603bffaf,2026-05-01T16:11:11Z,,15
BGX-134,background,background,0,0x8fc9de7af8d4f5f92b6b1e9e6330349f506f264b,2026-05-04T17:03:47Z,,15
BGX-135,background,background,0,0xa6646937fc06dfcf05cde71d06d7e3db1736ab44,2026-05-01T04:12:23Z,,3
BGX-136,background,background,0,0x23dcefb63a271e10f25b8843f4da9333bd37239d,2026-06-02T12:04:35Z,,6
OLD-152,Monkey,known,1,0xc2c05f11f6e4dfba016982811ab12c361e63f466,2022-11-04T03:56:35Z,0xae0eb280c02fbd2cc0f97666bfee230be10505c9c53352ec1aee049265177d12,16
BGX-137,background,background,0,0x4001dc850226cdf767d1e062f5f90c26469dbea8,2026-06-01T13:07:23Z,,0
BGX-138,background,background,0,0x7277c705b5b1963b602cb4e3ab8e188d925bed00,2026-06-02T06:40:35Z,,5
BGX-139,background,background,0,0x9e6fe7fa07a0681db0077deb1f9843c0c7c8a9fc,2026-06-01T20:55:35Z,,11
CONV-0x03560a,Convergence,known,1,0x03560a9d7a2c391fb1a087c33650037ae30de3aa,2024-08-01T15:08:47Z,0x3e0aab42c3576790e3b08d24f9400295232cb5bc15c723e4619dcfd771335703,2
NEW-001,N01,newly_gated,1,0xdf31f4c8dc9548eb4c416af26dc396a25fde4d5f,2022-10-14T12:55:35Z,0x30609a85a638b3b3dd0684795bd0c877295c37193f24a4925b0b0cdc6b0cf3e2,3
NEW-002,N02,newly_gated,1,0xb687550842a24d7fbc6aad238fd7e0687ed59d55,2022-10-11T14:23:35Z,0x7a6ebd01dc2abafb3601cc3fa817ce06392f0e4a8ab02405a6fbcf9159354cf1,4
NEW-003,N03,newly_gated,1,0xb19b7f59c08ea447f82b587c058ecbf5fde9c299,2022-03-18T05:38:55Z,0x2cd4aaed2cc77fe9fde9dd5a173bb3c6f047fd45b55b1a2dcf560271a3912e6e,5
NEW-004,N04,newly_gated,1,0x1751e3e1aaf1a3e7b973c889b7531f43fc59f7d0,2022-03-20T07:57:39Z,0x32f95f5940bed074b294a53615884e08000c6c6ee82fe9e3236dca6d31b725d5,6
NEW-005,N05,newly_gated,1,0x5384b34c74024d6563b323351a4bbfa18432161b,2026-04-30T06:03:59Z,0x6e5029113c4225c76d572048b89468221ae7594627ac4e5e44bc43fad67762c1,7
NEW-006,N06,newly_gated,1,0x1fd0a6a5e232eeba8020a40535ad07013ec4ef12,2024-02-13T08:13:35Z,0xefcd8b8fe25e0cfc1dd751fc7292f39240a9eaa257d36ba36406cceeaaf03f6e,8
NEW-007,N07,newly_gated,1,0xe66b37de57b65691b9f4ac48de2c2b7be53c5c6f,2026-04-05T20:09:59Z,0xd38d059e5cf266c21e17565d554e97af19c3b910ec402ae93a25482cf06a47cf,9
NEW-008,N08,newly_gated,1,0x63136677355840f26c0695dd6de5c9e4f514f8e8,2024-01-20T11:52:23Z,0x1fb689f8481a842d9342cbb78d3395988015bd6b6ff5445c97a74ecf78033057,10
NEW-009,N09,newly_gated,1,0x792ec27874e1f614e757a1ae49d00ef5b2c73959,2023-11-01T15:56:59Z,0xd56a51957e4dbf959eaf16d19d859328c4ae90d3424a01edb45e08ab2b7ae2ed,11
NEW-010,N10,newly_gated,1,0x0cfc28d16d07219249c6d6d6ae24e7132ee4caa7,2024-04-27T00:19:47Z,0x6c3d225dd31b4ff16f66afe878e10c000a57577deb64b2cc863a3503c9241a45,12
NEW-011,N11,newly_gated,1,0x22c9736d4fc73a8fa0eb436d2ce919f5849d6fd2,2022-09-09T10:08:18Z,0x5380b19b7c11f386cd9b0f7f98396dd253c9a5183f557f707c34013d15278bd3,13
NEW-012,N12,newly_gated,1,0x81f48a87ec44208c691f870b9d400d9c13111e2e,2024-10-01T13:15:47Z,0x977587cf8437fe9c8fb10c27a1fb77eb0117246ea66ed8a3872f172dbe07bc02,14
BGX-140,background,background,0,0xef7db0f40cfb2f8cb96532e185c9d3276d3c301d,2026-06-01T00:50:23Z,,3
