crew,crew_type,n_events,n_background_in_cohort,auroc_logistic
Audius,known,1,10,0.6
Beanstalk,known,1,9,0.2222222222222222
Convergence,known,1,9,1.0
N01,newly_gated,1,6,1.0
N02,newly_gated,1,14,0.8571428571428572
N03,newly_gated,1,5,0.8
N04,newly_gated,1,9,1.0
N05,newly_gated,1,7,1.0
N06,newly_gated,1,12,0.8333333333333334
N07,newly_gated,1,8,1.0
N08,newly_gated,1,8,1.0
N09,newly_gated,1,11,0.7727272727272727
N10,newly_gated,1,9,1.0
N11,newly_gated,1,4,1.0
N12,newly_gated,1,9,0.6111111111111112
Harmony,known,14,6,0.19047619047619044
Monkey,known,1,4,0.75
