event_id,crew,is_illicit,held_out_fold,model,score,rank_percentile
BGX-008,background,0,0,logistic,0.07229714613280597,0.1
BGX-009,background,0,0,logistic,0.590691337056044,0.8
BGX-016,background,0,0,logistic,0.700868563201305,0.9
BGX-019,background,0,0,logistic,0.004542169343479182,0.0
BGX-024,background,0,0,logistic,0.320899686903606,0.3
BGX-028,background,0,0,logistic,0.8657140623111594,1.0
BGX-037,background,0,0,logistic,0.5901737981118917,0.7
BGX-109,background,0,0,logistic,0.320899686903606,0.4
BGX-120,background,0,0,logistic,0.32089968690360593,0.2
OLD-139,Audius,1,0,logistic,0.5503234624473654,0.6
BGX-137,background,0,0,logistic,0.320899686903606,0.5
BGX-013,background,0,1,logistic,0.09872752009789698,0.3333
BGX-038,background,0,1,logistic,0.3073563664106123,0.8889
OLD-065,Beanstalk,1,1,logistic,0.023591405649160204,0.2222
BGX-057,background,0,1,logistic,0.2165253553341653,0.6667
BGX-072,background,0,1,logistic,0.0031430293408799387,0.0
BGX-079,background,0,1,logistic,0.5892258539422998,1.0
BGX-082,background,0,1,logistic,0.0072992584809633675,0.1111
BGX-094,background,0,1,logistic,0.30575311020280393,0.7778
BGX-104,background,0,1,logistic,0.1449907368426322,0.4444
BGX-118,background,0,1,logistic,0.14534304837813686,0.5556
BGX-010,background,0,2,logistic,0.00428398509599599,0.0
BGX-035,background,0,2,logistic,0.31120797579451537,0.7778
BGX-040,background,0,2,logistic,0.005266412411494322,0.1111
BGX-052,background,0,2,logistic,0.030105716023250864,0.3333
BGX-056,background,0,2,logistic,0.011907378971389335,0.2222
BGX-070,background,0,2,logistic,0.17429309849225555,0.6667
BGX-083,background,0,2,logistic,0.31120797579451537,0.8889
BGX-111,background,0,2,logistic,0.17404195029502748,0.5556
BGX-114,background,0,2,logistic,0.14295303246648552,0.4444
CONV-0x03560a,Convergence,1,2,logistic,0.5589009457435722,1.0
BGX-045,background,0,3,logistic,0.44276821397653915,0.8333
BGX-051,background,0,3,logistic,0.004392256580181151,0.1667
BGX-095,background,0,3,logistic,0.16337375745672233,0.5
BGX-123,background,0,3,logistic,0.31050954693475014,0.6667
BGX-135,background,0,3,logistic,0.0029418401892000894,0.0
NEW-001,N01,1,3,logistic,0.5649568379909532,1.0
BGX-140,background,0,3,logistic,0.12563766207643431,0.3333
BGX-014,background,0,4,logistic,0.00404670386918368,0.0
BGX-030,background,0,4,logistic,0.5617211923079108,0.7857
BGX-034,background,0,4,logistic,0.6000994200859899,1.0
BGX-042,background,0,4,logistic,0.015331005376154595,0.0714
BGX-049,background,0,4,logistic,0.1249707855309122,0.2857
BGX-064,background,0,4,logistic,0.31984832802156066,0.4286
BGX-068,background,0,4,logistic,0.02482439109181356,0.1429
BGX-076,background,0,4,logistic,0.5979914525198026,0.9286
BGX-077,background,0,4,logistic,0.31984832802156066,0.5
BGX-097,background,0,4,logistic,0.31984832802156066,0.5714
BGX-126,background,0,4,logistic,0.31984832802156066,0.6429
BGX-129,background,0,4,logistic,0.15432800990107806,0.3571
BGX-130,background,0,4,logistic,0.11083803622986887,0.2143
BGX-131,background,0,4,logistic,0.3198483280215607,0.7143
NEW-002,N02,1,4,logistic,0.5905117796563756,0.8571
BGX-006,background,0,5,logistic,0.6167843645131011,1.0
BGX-050,background,0,5,logistic,0.259094180261658,0.4
BGX-096,background,0,5,logistic,0.17582339435138478,0.0
BGX-121,background,0,5,logistic,0.259094180261658,0.6
BGX-138,background,0,5,logistic,0.17810305529086803,0.2
NEW-003,N03,1,5,logistic,0.25909418026165804,0.8
BGX-022,background,0,6,logistic,0.010962466247408239,0.1111
BGX-027,background,0,6,logistic,0.32854279375455864,0.4444
BGX-044,background,0,6,logistic,0.32854279375455864,0.5556
BGX-060,background,0,6,logistic,0.32854279375455864,0.6667
BGX-073,background,0,6,logistic,0.0009304728825985071,0.0
BGX-092,background,0,6,logistic,0.32854279375455864,0.7778
BGX-108,background,0,6,logistic,0.16961037450869765,0.3333
BGX-119,background,0,6,logistic,0.32854279375455864,0.8889
BGX-136,background,0,6,logistic,0.04333785261693894,0.2222
NEW-004,N04,1,6,logistic,0.43451810004987274,1.0
BGX-041,background,0,7,logistic,0.3261294962032445,0.1429
BGX-053,background,0,7,logistic,0.3261294962032445,0.2857
BGX-063,background,0,7,logistic,0.6105826933863613,0.7143
BGX-093,background,0,7,logistic,0.3261294962032445,0.4286
BGX-098,background,0,7,logistic,0.004588605476424596,0.0
BGX-112,background,0,7,logistic,0.3261294962032445,0.5714
BGX-124,background,0,7,logistic,0.6327895130663188,0.8571
NEW-005,N05,1,7,logistic,0.9497569716728714,1.0
BGX-011,background,0,8,logistic,0.16629397223763187,0.6667
BGX-015,background,0,8,logistic,0.4952556403626733,1.0
BGX-025,background,0,8,logistic,0.004492919868181731,0.25
BGX-033,background,0,8,logistic,0.0021335683853357505,0.0
BGX-046,background,0,8,logistic,0.0031809536449639852,0.0833
BGX-059,background,0,8,logistic,0.24893848516856465,0.75
BGX-066,background,0,8,logistic,0.00467130570407533,0.3333
BGX-071,background,0,8,logistic,0.0740375745216384,0.5833
BGX-075,background,0,8,logistic,0.004489463240438363,0.1667
BGX-078,background,0,8,logistic,0.03837445396934257,0.4167
BGX-081,background,0,8,logistic,0.04934756220985456,0.5
BGX-110,background,0,8,logistic,0.24893848516856465,0.8333
NEW-006,N06,1,8,logistic,0.24893848516856465,0.9167
BGX-003,background,0,9,logistic,0.6244921677316767,0.75
BGX-021,background,0,9,logistic,0.17609906363718983,0.125
BGX-023,background,0,9,logistic,0.3187741354668297,0.375
BGX-048,background,0,9,logistic,0.6487542278132433,0.875
BGX-055,background,0,9,logistic,0.3187741354668297,0.5
BGX-103,background,0,9,logistic,0.07476709381303401,0.0
BGX-117,background,0,9,logistic,0.17632221480215407,0.25
BGX-132,background,0,9,logistic,0.3187741354668297,0.625
NEW-007,N07,1,9,logistic,0.9724720557801202,1.0
BGX-032,background,0,10,logistic,0.006031481779394866,0.125
BGX-039,background,0,10,logistic,0.02957507490943985,0.25
BGX-067,background,0,10,logistic,0.4880538250031134,0.875
BGX-086,background,0,10,logistic,0.3775856703935936,0.75
BGX-088,background,0,10,logistic,0.05033490285712786,0.375
BGX-100,background,0,10,logistic,0.0028723108231778344,0.0
BGX-101,background,0,10,logistic,0.1844538496378044,0.5
BGX-102,background,0,10,logistic,0.3080559972446229,0.625
NEW-008,N08,1,10,logistic,0.9308577203055619,1.0
BGX-062,background,0,11,logistic,0.14924001018575564,0.2727
BGX-065,background,0,11,logistic,0.0027025760975313037,0.0909
BGX-069,background,0,11,logistic,0.2652802091243186,0.5455
BGX-074,background,0,11,logistic,0.16985428160894359,0.3636
BGX-087,background,0,11,logistic,0.2652802091243186,0.6364
BGX-089,background,0,11,logistic,0.002675801204237987,0.0
BGX-115,background,0,11,logistic,0.00450026734520343,0.1818
BGX-116,background,0,11,logistic,0.2652802091243186,0.7273
BGX-125,background,0,11,logistic,0.2652802091243186,0.8182
BGX-127,background,0,11,logistic,0.16990181081014957,0.4545
BGX-139,background,0,11,logistic,0.2652802091243186,0.9091
NEW-009,N09,1,11,logistic,0.2652802091243186,1.0
BGX-002,background,0,12,logistic,0.0026853580344707003,0.1111
BGX-007,background,0,12,logistic,0.6843645818529527,0.8889
BGX-026,background,0,12,logistic,0.004656419002653607,0.2222
BGX-029,background,0,12,logistic,0.007823703884146297,0.3333
BGX-036,background,0,12,logistic,0.31153801401014747,0.5556
BGX-043,background,0,12,logistic,0.021484825792931015,0.4444
BGX-080,background,0,12,logistic,0.31153801401014747,0.6667
BGX-107,background,0,12,logistic,8.059448426632678e-05,0.0
BGX-122,background,0,12,logistic,0.6342318667053719,0.7778
NEW-010,N10,1,12,logistic,0.9290656567458028,1.0
BGX-001,background,0,13,logistic,0.6570126889288477,0.75
BGX-004,background,0,13,logistic,0.1675167116217005,0.0
BGX-012,background,0,13,logistic,0.6568372779850316,0.5
BGX-090,background,0,13,logistic,0.3142150626703402,0.25
NEW-011,N11,1,13,logistic,0.67435006416332,1.0
BGX-020,background,0,14,logistic,0.5358029988513153,0.8889
BGX-031,background,0,14,logistic,0.01400009211273591,0.1111
BGX-047,background,0,14,logistic,0.16934862552681926,0.2222
BGX-054,background,0,14,logistic,0.6418624199056427,1.0
BGX-061,background,0,14,logistic,0.17299999187098686,0.3333
BGX-084,background,0,14,logistic,0.2589802835864295,0.4444
BGX-085,background,0,14,logistic,0.006789102603492757,0.0
BGX-099,background,0,14,logistic,0.2589802835864295,0.5556
BGX-113,background,0,14,logistic,0.2589802835864295,0.6667
NEW-012,N12,1,14,logistic,0.2589802835864295,0.7778
OLD-002,Harmony,1,15,logistic,0.011290723278606241,0.7368
OLD-007,Harmony,1,15,logistic,0.005583570221681879,0.6316
OLD-013,Harmony,1,15,logistic,0.002765958927883746,0.4211
OLD-017,Harmony,1,15,logistic,0.011348266877803142,0.7895
OLD-019,Harmony,1,15,logistic,0.0027622912611670178,0.3684
OLD-021,Harmony,1,15,logistic,0.002814049355349263,0.4737
BGX-018,background,0,15,logistic,0.6384163590728487,1.0
OLD-025,Harmony,1,15,logistic,0.0025554123876026192,0.1053
OLD-027,Harmony,1,15,logistic,0.002602668936900155,0.2105
OLD-033,Harmony,1,15,logistic,0.002630990690550877,0.3158
OLD-038,Harmony,1,15,logistic,0.002553685516573657,0.0526
OLD-044,Harmony,1,15,logistic,0.0025798516636752265,0.1579
OLD-046,Harmony,1,15,logistic,0.0026088256461165283,0.2632
OLD-054,Harmony,1,15,logistic,0.004423258167238838,0.5263
OLD-056,Harmony,1,15,logistic,0.0044641665066526386,0.5789
BGX-058,background,0,15,logistic,0.02042603610798324,0.8421
BGX-091,background,0,15,logistic,0.0006202137242698389,0.0
BGX-106,background,0,15,logistic,0.0065699497686822084,0.6842
BGX-133,background,0,15,logistic,0.2604656276717451,0.9474
BGX-134,background,0,15,logistic,0.25826363157088333,0.8947
BGX-005,background,0,16,logistic,0.45958714784245325,1.0
BGX-017,background,0,16,logistic,0.187926210813854,0.25
BGX-105,background,0,16,logistic,0.18905550588377107,0.5
BGX-128,background,0,16,logistic,0.1580769599593263,0.0
OLD-152,Monkey,1,16,logistic,0.39923881924212073,0.75
