crew_set,model,shuffled_auroc
17_crews,logistic,0.5688608776844071
17_crews,logistic,0.5243288982259572
17_crews,logistic,0.5512923351158646
17_crews,logistic,0.40373307248307244
17_crews,logistic,0.6467538996950761
17_crews,logistic,0.42314515549809667
17_crews,logistic,0.4911125639066816
17_crews,logistic,0.4971662324603501
17_crews,logistic,0.4645286086462558
17_crews,logistic,0.5017874282580166
17_crews,logistic,0.48562622018504376
17_crews,logistic,0.4894873100755454
17_crews,logistic,0.38923331570390396
17_crews,logistic,0.5200831847890671
17_crews,logistic,0.5543587947999713
17_crews,logistic,0.4888459171547407
17_crews,logistic,0.3376835582717936
17_crews,logistic,0.44320728291316525
17_crews,logistic,0.3761671335200747
17_crews,logistic,0.682909982174688
17_crews,logistic,0.5887891520244461
17_crews,logistic,0.6665478312537136
17_crews,logistic,0.5504880740174858
17_crews,logistic,0.7353249691484987
17_crews,logistic,0.5579205108616874
17_crews,logistic,0.5196078431372549
17_crews,logistic,0.5486323317205669
17_crews,logistic,0.5841036414565827
17_crews,logistic,0.5152034240269534
17_crews,logistic,0.48683293830352653
17_crews,logistic,0.5709999151175621
17_crews,logistic,0.6965818495230259
17_crews,logistic,0.5939011968423733
17_crews,logistic,0.5595380926263279
17_crews,logistic,0.5230179950768186
17_crews,logistic,0.5470174433409728
17_crews,logistic,0.561228354978355
17_crews,logistic,0.6386399548164254
17_crews,logistic,0.5681050975168622
17_crews,logistic,0.6064415160003396
17_crews,logistic,0.5206773618538324
17_crews,logistic,0.6915914151208269
17_crews,logistic,0.3754874210756564
17_crews,logistic,0.335226701403172
17_crews,logistic,0.6552666287960406
17_crews,logistic,0.7160714285714286
17_crews,logistic,0.6162146676852559
17_crews,logistic,0.5454436902966314
17_crews,logistic,0.5945466298407475
17_crews,logistic,0.4995493069022481
17_crews,logistic,0.5444805194805196
17_crews,logistic,0.5047968371497784
17_crews,logistic,0.49176640353110934
17_crews,logistic,0.6382894882894883
17_crews,logistic,0.5293481028775145
17_crews,logistic,0.5849662592309651
17_crews,logistic,0.6477431881843646
17_crews,logistic,0.4264958897311839
17_crews,logistic,0.5806043629573041
17_crews,logistic,0.6682880028468263
17_crews,logistic,0.6590021906198378
17_crews,logistic,0.656776107879049
17_crews,logistic,0.5294409430438843
17_crews,logistic,0.6032490385431563
17_crews,logistic,0.5129927262280204
17_crews,logistic,0.5438159879336348
17_crews,logistic,0.6224523842170901
17_crews,logistic,0.3585061180649416
17_crews,logistic,0.4440709617180206
17_crews,logistic,0.5147992530345471
17_crews,logistic,0.5817566420507597
17_crews,logistic,0.692332993803582
17_crews,logistic,0.589980770863124
17_crews,logistic,0.3751647045764694
17_crews,logistic,0.7060085339497104
17_crews,logistic,0.486091196385314
17_crews,logistic,0.39874145462380756
17_crews,logistic,0.44526527394174453
17_crews,logistic,0.42993909685086157
17_crews,logistic,0.5425954764190059
17_crews,logistic,0.4625206492853552
17_crews,logistic,0.7027733704204293
17_crews,logistic,0.4215930311518547
17_crews,logistic,0.5907308377896614
17_crews,logistic,0.43934203051850107
17_crews,logistic,0.6417078020019197
17_crews,logistic,0.5193780076133018
17_crews,logistic,0.4173692320751144
17_crews,logistic,0.640524997877939
17_crews,logistic,0.6062568966980733
17_crews,logistic,0.7590643833290892
17_crews,logistic,0.4424253034547152
17_crews,logistic,0.45686347965759727
17_crews,logistic,0.4671483745013157
17_crews,logistic,0.517054432495609
17_crews,logistic,0.5143815334991806
17_crews,logistic,0.505061115355233
17_crews,logistic,0.7506185807656397
17_crews,logistic,0.39047986327398093
17_crews,logistic,0.49255368814192346
17_crews,logistic,0.3044584500466853
17_crews,logistic,0.5134763928881575
17_crews,logistic,0.6991563991563993
17_crews,logistic,0.6051056786350903
17_crews,logistic,0.5427544677544678
17_crews,logistic,0.5635878827055297
17_crews,logistic,0.7281649722826193
17_crews,logistic,0.4707071523247994
17_crews,logistic,0.6269859225741579
17_crews,logistic,0.6248281130634072
17_crews,logistic,0.4646331609566904
17_crews,logistic,0.31210945916828275
17_crews,logistic,0.5276706137000255
17_crews,logistic,0.34286457007045246
17_crews,logistic,0.4809099397334691
17_crews,logistic,0.4600267379679145
17_crews,logistic,0.4789332399626517
17_crews,logistic,0.37372847740494797
17_crews,logistic,0.5638867668279434
17_crews,logistic,0.46334442868056314
17_crews,logistic,0.5976922587216704
17_crews,logistic,0.5190210932857993
17_crews,logistic,0.4963139801375095
17_crews,logistic,0.38954746234158
17_crews,logistic,0.5151027077497666
17_crews,logistic,0.656340718105424
17_crews,logistic,0.7146125116713352
17_crews,logistic,0.5125604787369493
17_crews,logistic,0.6147992530345471
17_crews,logistic,0.704575163398693
17_crews,logistic,0.4484737484737485
17_crews,logistic,0.5299030218147865
17_crews,logistic,0.5534430438842203
17_crews,logistic,0.5643196672608438
17_crews,logistic,0.5076054664289958
17_crews,logistic,0.6553741193447076
17_crews,logistic,0.4737071751777635
17_crews,logistic,0.4389101094983448
17_crews,logistic,0.5936919289860466
17_crews,logistic,0.6150086841263311
17_crews,logistic,0.5465713208360268
17_crews,logistic,0.3876517273576097
17_crews,logistic,0.5469887955182073
17_crews,logistic,0.6212980646804177
17_crews,logistic,0.5988057693940046
17_crews,logistic,0.5945677688324746
17_crews,logistic,0.44614682702917996
17_crews,logistic,0.5463559316500493
17_crews,logistic,0.5697011322011322
17_crews,logistic,0.5868920295390884
17_crews,logistic,0.44015837104072403
17_crews,logistic,0.6203091026620439
17_crews,logistic,0.6009920634920636
17_crews,logistic,0.469820049231814
17_crews,logistic,0.6663770053475936
17_crews,logistic,0.39725095166271635
17_crews,logistic,0.5939022578728461
17_crews,logistic,0.5538210155857214
17_crews,logistic,0.6284907902554961
17_crews,logistic,0.34374734742381796
17_crews,logistic,0.671171802054155
17_crews,logistic,0.5468173166702579
17_crews,logistic,0.4053518377047789
17_crews,logistic,0.49032695245930535
17_crews,logistic,0.4473856209150327
17_crews,logistic,0.6022148603030956
17_crews,logistic,0.7253660555131143
17_crews,logistic,0.5570834394363805
17_crews,logistic,0.7035523300229183
17_crews,logistic,0.635339741957389
17_crews,logistic,0.4978627989657402
17_crews,logistic,0.6381302521008403
17_crews,logistic,0.4534571637512814
17_crews,logistic,0.5998968351909529
17_crews,logistic,0.7009485612426789
17_crews,logistic,0.474248790425261
17_crews,logistic,0.5139780154486037
17_crews,logistic,0.6216195569136745
17_crews,logistic,0.47962772521596053
17_crews,logistic,0.4710384386854975
17_crews,logistic,0.4971252603605545
17_crews,logistic,0.7459617180205415
17_crews,logistic,0.5184101845866552
17_crews,logistic,0.6333469634940223
17_crews,logistic,0.44164618061676886
17_crews,logistic,0.36930014430014435
17_crews,logistic,0.4956138632609221
17_crews,logistic,0.6632883456412868
17_crews,logistic,0.7100678733031675
17_crews,logistic,0.5631977499624559
17_crews,logistic,0.4907093723270194
17_crews,logistic,0.6190094219505984
17_crews,logistic,0.7488181752887636
17_crews,logistic,0.5637757667169432
17_crews,logistic,0.651194801930096
17_crews,logistic,0.6006890168654874
17_crews,logistic,0.5676416720534367
17_crews,logistic,0.6991384432560903
17_crews,logistic,0.6237967914438504
17_crews,logistic,0.6475984799514212
17_crews,logistic,0.47552741376270785
17_crews,logistic,0.4498663101604277
17_crews,logistic,0.7221456647927237
17_crews,logistic,0.7036306830424477
17_crews,logistic,0.4126993104934282
17_crews,logistic,0.5732620320855615
17_crews,logistic,0.5025066436831143
17_crews,logistic,0.5641999748617397
17_crews,logistic,0.45227803242509124
17_crews,logistic,0.670296451914099
17_crews,logistic,0.6401102165808049
17_crews,logistic,0.5140756302521008
17_crews,logistic,0.38016183163241984
17_crews,logistic,0.5197807911043205
17_crews,logistic,0.575256606138959
17_crews,logistic,0.5347942906766436
17_crews,logistic,0.4219856124267889
17_crews,logistic,0.6499120160884866
17_crews,logistic,0.5590824208471267
17_crews,logistic,0.4408615893910011
17_crews,logistic,0.42144024276377223
17_crews,logistic,0.37084614731673554
17_crews,logistic,0.5156141244376539
17_crews,logistic,0.5098537900008488
17_crews,logistic,0.5528186274509804
17_crews,logistic,0.5343628593628594
17_crews,logistic,0.6624618029029794
17_crews,logistic,0.6634776987718165
17_crews,logistic,0.3937402466814232
17_crews,logistic,0.6387731957584899
17_crews,logistic,0.6322786690433749
17_crews,logistic,0.5522843986079281
17_crews,logistic,0.6186132494956025
17_crews,logistic,0.6458927510398099
17_crews,logistic,0.6151758372346607
17_crews,logistic,0.479428251487075
17_crews,logistic,0.5346447669977082
17_crews,logistic,0.6612161531279179
17_crews,logistic,0.4592352092352093
17_crews,logistic,0.6373035461270756
17_crews,logistic,0.6310521178168237
17_crews,logistic,0.6230619054148465
17_crews,logistic,0.5052982964747671
17_crews,logistic,0.5779761904761904
17_crews,logistic,0.469358256122962
17_crews,logistic,0.6010101010101011
17_crews,logistic,0.4438589596677832
17_crews,logistic,0.4037374390315567
17_crews,logistic,0.4834001782531194
17_crews,logistic,0.6066293183940243
17_crews,logistic,0.5039981260569496
17_crews,logistic,0.5783469798175681
17_crews,logistic,0.6568330362448009
17_crews,logistic,0.5266350479585773
17_crews,logistic,0.5292537527831646
17_crews,logistic,0.6604263383675149
17_crews,logistic,0.4667595068330362
17_crews,logistic,0.5033422459893049
17_crews,logistic,0.6111642442524795
17_crews,logistic,0.5903389094565565
17_crews,logistic,0.653242509124862
17_crews,logistic,0.5622364563541034
17_crews,logistic,0.6352915874974698
17_crews,logistic,0.6545170515758751
17_crews,logistic,0.45429954032895214
17_crews,logistic,0.5645452586629057
17_crews,logistic,0.5374416433239964
17_crews,logistic,0.6278446226975638
17_crews,logistic,0.2973230201171378
17_crews,logistic,0.4991129785247433
17_crews,logistic,0.6784780578898225
17_crews,logistic,0.5932981234451823
17_crews,logistic,0.7379870129870131
17_crews,logistic,0.6726381461675579
17_crews,logistic,0.7227240896358544
17_crews,logistic,0.4139727102962397
17_crews,logistic,0.7017888973771326
17_crews,logistic,0.6107227739580681
17_crews,logistic,0.4970185043714455
17_crews,logistic,0.5032679738562091
17_crews,logistic,0.37828772534654886
17_crews,logistic,0.6385992275698157
17_crews,logistic,0.5913886766827944
17_crews,logistic,0.6722594399064987
17_crews,logistic,0.5847803223853644
17_crews,logistic,0.2963352007469654
17_crews,logistic,0.47775178253119427
17_crews,logistic,0.5241341991341991
17_crews,logistic,0.6437767298061416
17_crews,logistic,0.46322415329768274
17_crews,logistic,0.6400305576776164
17_crews,logistic,0.3109970095264213
17_crews,logistic,0.3358872336813513
17_crews,logistic,0.7396987816105464
17_crews,logistic,0.3428625296272355
17_crews,logistic,0.6507798573975044
17_crews,logistic,0.5442884729649436
17_crews,logistic,0.5687121701827584
17_crews,logistic,0.5000994920112567
17_crews,logistic,0.3874851455733808
17_crews,logistic,0.5514854426619132
17_crews,logistic,0.6056669637551991
17_crews,logistic,0.5817783523665876
17_crews,logistic,0.5858055343349461
17_crews,logistic,0.527603605544782
17_crews,logistic,0.5237391693274047
17_crews,logistic,0.23823317205670147
17_crews,logistic,0.7018727187844835
17_crews,logistic,0.517173023055376
17_crews,logistic,0.37253204312027843
17_crews,logistic,0.5231904125286478
17_crews,logistic,0.5343325791855204
17_crews,logistic,0.48887631975867274
17_crews,logistic,0.5577688651218063
17_crews,logistic,0.30790418731595204
17_crews,logistic,0.46695069636246106
17_crews,logistic,0.44136908842791195
17_crews,logistic,0.4365734755440638
17_crews,logistic,0.6793528367057778
17_crews,logistic,0.4907754010695187
17_crews,logistic,0.5519268313385961
17_crews,logistic,0.6845968981998395
17_crews,logistic,0.5847508700449877
17_crews,logistic,0.4820409982174688
17_crews,logistic,0.37853282338576455
17_crews,logistic,0.5928624480095068
17_crews,logistic,0.5949614927556104
17_crews,logistic,0.5402427637721755
17_crews,logistic,0.6305699202758026
17_crews,logistic,0.4161234190645956
17_crews,logistic,0.5239241151005856
17_crews,logistic,0.5690898154133448
17_crews,logistic,0.5661064425770308
17_crews,logistic,0.42884517443340975
17_crews,logistic,0.6350179232532174
17_crews,logistic,0.527926322043969
17_crews,logistic,0.6638549359137594
17_crews,logistic,0.6539915966386554
17_crews,logistic,0.5373440285204991
17_crews,logistic,0.6198924441571501
17_crews,logistic,0.6833956076603135
17_crews,logistic,0.5926024955436721
17_crews,logistic,0.7827473180414357
17_crews,logistic,0.472721396250808
17_crews,logistic,0.5730697815256638
17_crews,logistic,0.6067863509039979
17_crews,logistic,0.5714928045810398
17_crews,logistic,0.5144183430948136
17_crews,logistic,0.5334552702199761
17_crews,logistic,0.5315179918121095
17_crews,logistic,0.6604691876750701
17_crews,logistic,0.333957464104523
17_crews,logistic,0.6348543613249497
17_crews,logistic,0.5357248960190137
17_crews,logistic,0.4674981064686947
17_crews,logistic,0.5421271538918598
17_crews,logistic,0.4006997087879441
17_crews,logistic,0.5956879721585604
17_crews,logistic,0.6754031915796622
17_crews,logistic,0.2993086162203809
17_crews,logistic,0.430093925682161
17_crews,logistic,0.5085667600373481
17_crews,logistic,0.6184805390687743
17_crews,logistic,0.2847943722943723
17_crews,logistic,0.43970947353300294
17_crews,logistic,0.49356876783347375
17_crews,logistic,0.582433579492403
17_crews,logistic,0.7017138090667503
17_crews,logistic,0.4090123928359222
17_crews,logistic,0.5803497156438333
17_crews,logistic,0.4449578199578199
17_crews,logistic,0.5683893720658426
17_crews,logistic,0.5947232506056035
17_crews,logistic,0.48176937441643325
17_crews,logistic,0.34477124183006536
17_crews,logistic,0.6502414252414253
17_crews,logistic,0.49257499036910807
17_crews,logistic,0.636858076563959
17_crews,logistic,0.6087761911291323
17_crews,logistic,0.5115291571173924
17_crews,logistic,0.7474170437405732
17_crews,logistic,0.5567150170091346
17_crews,logistic,0.548414820473644
17_crews,logistic,0.3926237161531279
17_crews,logistic,0.5189246211305034
17_crews,logistic,0.5387032085561497
17_crews,logistic,0.35925108388343685
17_crews,logistic,0.38059505853623504
17_crews,logistic,0.4314425770308124
17_crews,logistic,0.652160747748983
17_crews,logistic,0.39788601920954864
17_crews,logistic,0.5679777738601268
17_crews,logistic,0.481791900909548
17_crews,logistic,0.5473974554856909
17_crews,logistic,0.5869414432439642
17_crews,logistic,0.595078940667176
17_crews,logistic,0.6817672523554875
17_crews,logistic,0.622673976350447
17_crews,logistic,0.678429250488074
17_crews,logistic,0.5430025856496445
17_crews,logistic,0.532298583769172
17_crews,logistic,0.3271744595274007
17_crews,logistic,0.5558195072900955
17_crews,logistic,0.3912123823888529
17_crews,logistic,0.5472630718954249
17_crews,logistic,0.45387080240021416
17_crews,logistic,0.5590070060658295
17_crews,logistic,0.5677589975384093
17_crews,logistic,0.6222462178344531
17_crews,logistic,0.21227465345112403
17_crews,logistic,0.5715814414343827
17_crews,logistic,0.47987861811391225
17_crews,logistic,0.6000144463379757
17_crews,logistic,0.6339555868967635
17_crews,logistic,0.34991479109126167
17_crews,logistic,0.5379617114911233
17_crews,logistic,0.44743230625583563
17_crews,logistic,0.5534659784659786
17_crews,logistic,0.6846638655462186
17_crews,logistic,0.5381198866492984
17_crews,logistic,0.6065081160669397
17_crews,logistic,0.5557932263814617
17_crews,logistic,0.6628179010531952
17_crews,logistic,0.7053327391562685
17_crews,logistic,0.5649976657329598
17_crews,logistic,0.31455415499533146
17_crews,logistic,0.36079067990832697
17_crews,logistic,0.5686921738392327
17_crews,logistic,0.7497411085646379
17_crews,logistic,0.6492105933282405
17_crews,logistic,0.5987023597317714
17_crews,logistic,0.6268440709617179
17_crews,logistic,0.5729861641626348
17_crews,logistic,0.7197224344283168
17_crews,logistic,0.5266537384184444
17_crews,logistic,0.5812920739391327
17_crews,logistic,0.6968067879832587
17_crews,logistic,0.4005188439011969
17_crews,logistic,0.5908910533910534
17_crews,logistic,0.6588522588522588
17_crews,logistic,0.5799590931943873
17_crews,logistic,0.579755538579068
17_crews,logistic,0.5744110464698701
17_crews,logistic,0.5200459671047907
17_crews,logistic,0.4811032105149753
17_crews,logistic,0.7046101774042951
17_crews,logistic,0.5491830065359478
17_crews,logistic,0.4971521942110178
17_crews,logistic,0.5034141103994044
17_crews,logistic,0.4868648100265748
17_crews,logistic,0.5281099619334912
17_crews,logistic,0.48398692810457516
17_crews,logistic,0.6784525931584755
17_crews,logistic,0.3771785404138346
17_crews,logistic,0.5339041677276972
17_crews,logistic,0.5542950513538749
17_crews,logistic,0.7223972922502335
17_crews,logistic,0.5884071810542398
17_crews,logistic,0.6031151854681267
17_crews,logistic,0.5314708167649345
17_crews,logistic,0.4359979889391654
17_crews,logistic,0.6348856209150328
17_crews,logistic,0.28027544351073763
17_crews,logistic,0.4414647444059209
17_crews,logistic,0.6606209150326797
17_crews,logistic,0.64298128342246
17_crews,logistic,0.3276377217553688
17_crews,logistic,0.3707449413331766
17_crews,logistic,0.6536750830868479
17_crews,logistic,0.5220826967150496
17_crews,logistic,0.5341193120604886
17_crews,logistic,0.6276674306086071
17_crews,logistic,0.44540786011374245
17_crews,logistic,0.4744631185807657
17_crews,logistic,0.6512010864952041
17_crews,logistic,0.7741353417824006
17_crews,logistic,0.3849668305550658
17_crews,logistic,0.48307933896169203
17_crews,logistic,0.6367652363975893
17_crews,logistic,0.6144533571004159
17_crews,logistic,0.47826030178971357
17_crews,logistic,0.5990896358543418
17_crews,logistic,0.3207049486461251
17_crews,logistic,0.47157850319615024
17_crews,logistic,0.45344222770693365
17_crews,logistic,0.5561858076563959
17_crews,logistic,0.5089741957389017
17_crews,logistic,0.4599420187655482
17_crews,logistic,0.5112313340254517
17_crews,logistic,0.3334567801479566
17_crews,logistic,0.5029178338001868
17_crews,logistic,0.5860554070112894
17_crews,logistic,0.5575935502406091
17_crews,logistic,0.5638018843901197
17_crews,logistic,0.6642347848230201
17_crews,logistic,0.37712418300653594
17_crews,logistic,0.6234678719972838
17_crews,logistic,0.6695330812977872
17_crews,logistic,0.6706126389949919
17_crews,logistic,0.5884516627163686
17_crews,logistic,0.5837333418215771
17_crews,logistic,0.6485760971055089
17_crews,logistic,0.3009825142178083
17_crews,logistic,0.6434318132847545
17_crews,logistic,0.43086096909626326
17_crews,logistic,0.49354485383897156
17_crews,logistic,0.5170783464901112
17_crews,logistic,0.5392767363355597
17_crews,logistic,0.512720531102884
17_crews,logistic,0.4705217984629749
17_crews,logistic,0.6025676937441644
17_crews,logistic,0.5816961633138105
17_crews,logistic,0.5091800356506239
17_crews,logistic,0.4807507851625498
17_crews,logistic,0.5780112044817928
17_crews,logistic,0.5961314828961888
17_crews,logistic,0.4887281019633961
17_crews,logistic,0.5970862470862471
17_crews,logistic,0.487885317297082
17_crews,logistic,0.4620193531958238
17_crews,logistic,0.6648692810457516
17_crews,logistic,0.7227478403948994
17_crews,logistic,0.545360276977924
17_crews,logistic,0.5214795008912656
17_crews,logistic,0.576307352777941
17_crews,logistic,0.6401617989853284
17_crews,logistic,0.757992742551566
17_crews,logistic,0.4748949579831933
17_crews,logistic,0.6429328841093547
17_crews,logistic,0.6543183940242764
17_crews,logistic,0.5576277480689246
17_crews,logistic,0.4757512911924677
17_crews,logistic,0.3759697818521348
17_crews,logistic,0.48412123007711244
17_crews,logistic,0.5593498005262711
17_crews,logistic,0.6641247233158998
17_crews,logistic,0.4882212558683148
17_crews,logistic,0.5126732744379803
17_crews,logistic,0.6338277735336559
17_crews,logistic,0.5012987012987014
17_crews,logistic,0.5443171207877091
17_crews,logistic,0.46066335625159155
17_crews,logistic,0.4834394363806129
17_crews,logistic,0.5918767507002801
17_crews,logistic,0.6317502758679229
17_crews,logistic,0.3661409260673967
17_crews,logistic,0.40263021292433054
17_crews,logistic,0.5112012987012988
17_crews,logistic,0.6423236893825128
17_crews,logistic,0.4767309487897724
17_crews,logistic,0.5818394024276378
17_crews,logistic,0.63734243697479
17_crews,logistic,0.5210879806468042
17_crews,logistic,0.45412496000731295
17_crews,logistic,0.6361341273105979
17_crews,logistic,0.6162804515745692
17_crews,logistic,0.5610019065901418
17_crews,logistic,0.47985764235764233
17_crews,logistic,0.3508244206773619
17_crews,logistic,0.4417388167388167
17_crews,logistic,0.4867121440650853
17_crews,logistic,0.4372782446311858
17_crews,logistic,0.4787594758182993
17_crews,logistic,0.5991087344028521
17_crews,logistic,0.6730608443843739
17_crews,logistic,0.6674324858148387
17_crews,logistic,0.4560860707919532
17_crews,logistic,0.4996136216724453
17_crews,logistic,0.5212604389074977
17_crews,logistic,0.434857789269554
17_crews,logistic,0.6195990284225579
17_crews,logistic,0.5584415584415585
17_crews,logistic,0.599036584330702
17_crews,logistic,0.6680035650623887
17_crews,logistic,0.5418544690603514
17_crews,logistic,0.4233568718862837
17_crews,logistic,0.5184364654952889
17_crews,logistic,0.5568421774304126
17_crews,logistic,0.6833333333333333
17_crews,logistic,0.4810669722434428
17_crews,logistic,0.4416984975808505
17_crews,logistic,0.49674541145129386
17_crews,logistic,0.46941155249978783
17_crews,logistic,0.6252872944049414
17_crews,logistic,0.5487214582802818
17_crews,logistic,0.6404355448473096
17_crews,logistic,0.4984881131939956
17_crews,logistic,0.5542483660130719
17_crews,logistic,0.5664374840845429
17_crews,logistic,0.4176874595992243
17_crews,logistic,0.3720372764490411
17_crews,logistic,0.42750668449197865
17_crews,logistic,0.5781536274183333
17_crews,logistic,0.4129676287764523
17_crews,logistic,0.5904178338001868
17_crews,logistic,0.5499240138946021
17_crews,logistic,0.6304430863254394
17_crews,logistic,0.42685623200329076
17_crews,logistic,0.6758424581953995
17_crews,logistic,0.5757810816634346
17_crews,logistic,0.4279708853238265
17_crews,logistic,0.49366874955110257
17_crews,logistic,0.522302778920426
17_crews,logistic,0.6481020613373554
17_crews,logistic,0.4951945929887107
17_crews,logistic,0.5626499317675788
17_crews,logistic,0.34607859460800633
17_crews,logistic,0.4369336545807134
17_crews,logistic,0.46491596638655464
17_crews,logistic,0.7840425913955327
17_crews,logistic,0.6206480610892376
17_crews,logistic,0.6445252459958342
17_crews,logistic,0.5895891690009337
17_crews,logistic,0.5267215219421102
17_crews,logistic,0.3901871004812181
17_crews,logistic,0.6006875477463712
17_crews,logistic,0.46478390890155596
17_crews,logistic,0.6734374285844875
17_crews,logistic,0.62465834818776
17_crews,logistic,0.5661065241947595
17_crews,logistic,0.4854753906224495
17_crews,logistic,0.5068609495080083
17_crews,logistic,0.6603282338576457
17_crews,logistic,0.41232811306340716
17_crews,logistic,0.6784313725490198
17_crews,logistic,0.5530419743655037
17_crews,logistic,0.4590802987861811
17_crews,logistic,0.5376061030472794
17_crews,logistic,0.6440250925545042
17_crews,logistic,0.565777359895007
17_crews,logistic,0.6473039215686275
17_crews,logistic,0.712883032000679
17_crews,logistic,0.4278011204481793
17_crews,logistic,0.42175561366737835
17_crews,logistic,0.46897595868184105
17_crews,logistic,0.6915659503894799
17_crews,logistic,0.6000969618616677
17_crews,logistic,0.5871471665589313
17_crews,logistic,0.6191949390478803
17_crews,logistic,0.6783497140114787
17_crews,logistic,0.5642793481028776
17_crews,logistic,0.6472911892029539
17_crews,logistic,0.47940898970310736
17_crews,logistic,0.6700118508942039
17_crews,logistic,0.5757954463836817
17_crews,logistic,0.5635408708938121
17_crews,logistic,0.4227911794088265
17_crews,logistic,0.5899966047024872
17_crews,logistic,0.5298906159200277
17_crews,logistic,0.5384135472370766
17_crews,logistic,0.43943213649096
17_crews,logistic,0.7135890253537313
17_crews,logistic,0.46854575163398693
17_crews,logistic,0.49081359816653936
17_crews,logistic,0.4782439782439782
17_crews,logistic,0.6053889737713268
17_crews,logistic,0.6510101010101009
17_crews,logistic,0.5822022748493337
17_crews,logistic,0.6278881249469485
17_crews,logistic,0.42794117647058827
17_crews,logistic,0.45911743485272893
17_crews,logistic,0.6781532193296899
17_crews,logistic,0.5122421695951108
17_crews,logistic,0.6196895424836601
17_crews,logistic,0.6412385000620295
17_crews,logistic,0.5402385196502844
17_crews,logistic,0.5064113990584579
17_crews,logistic,0.36224216959511074
17_crews,logistic,0.5391223155929038
17_crews,logistic,0.3909181096681097
17_crews,logistic,0.652960927960928
17_crews,logistic,0.4966926047808401
17_crews,logistic,0.5712650911180323
17_crews,logistic,0.5464858670741023
17_crews,logistic,0.6475002122060945
17_crews,logistic,0.44702625805566987
17_crews,logistic,0.4213054918937271
17_crews,logistic,0.5493246132952015
17_crews,logistic,0.3902553329023917
17_crews,logistic,0.5222458913635384
17_crews,logistic,0.5092893217893218
17_crews,logistic,0.40297831253713606
17_crews,logistic,0.4722010016127663
17_crews,logistic,0.5592228033404504
17_crews,logistic,0.38858453637865403
17_crews,logistic,0.4371381886087769
17_crews,logistic,0.528449410067057
17_crews,logistic,0.5243761140819965
17_crews,logistic,0.41030848236730594
17_crews,logistic,0.4460550887021476
17_crews,logistic,0.4529807610689963
17_crews,logistic,0.5432432763315116
17_crews,logistic,0.7887605042016806
17_crews,logistic,0.5351191292367763
17_crews,logistic,0.5178741193447076
17_crews,logistic,0.3569663179957297
17_crews,logistic,0.44049749270337507
17_crews,logistic,0.4481658047834518
17_crews,logistic,0.5552769126298538
17_crews,logistic,0.47471352177234527
17_crews,logistic,0.5691445809092868
17_crews,logistic,0.5318705803999921
17_crews,logistic,0.4746334547805136
17_crews,logistic,0.30101271277741865
17_crews,logistic,0.6232068585009761
17_crews,logistic,0.6380772005772006
17_crews,logistic,0.47705415499533144
17_crews,logistic,0.5871947730141007
17_crews,logistic,0.5199929971988795
17_crews,logistic,0.6488869790340379
17_crews,logistic,0.6747597174067762
17_crews,logistic,0.6497257644316466
17_crews,logistic,0.6255368814192344
17_crews,logistic,0.710254696284108
17_crews,logistic,0.6432926958662253
17_crews,logistic,0.35224318165494634
17_crews,logistic,0.4061714429361488
17_crews,logistic,0.6099524658348187
17_crews,logistic,0.5355699855699856
17_crews,logistic,0.35108045549222017
17_crews,logistic,0.6343434343434343
17_crews,logistic,0.5192719045660222
17_crews,logistic,0.5266700619641796
17_crews,logistic,0.5139589169000933
17_crews,logistic,0.4703503196150255
17_crews,logistic,0.6247662468250703
17_crews,logistic,0.6470265029088558
17_crews,logistic,0.5060690943043884
17_crews,logistic,0.4176704014939309
17_crews,logistic,0.5064912211971035
17_crews,logistic,0.3884803921568627
17_crews,logistic,0.5965070876835582
17_crews,logistic,0.5323331896861309
17_crews,logistic,0.5311041083099907
17_crews,logistic,0.5413201177907061
17_crews,logistic,0.595404677022324
17_crews,logistic,0.5596765162941634
17_crews,logistic,0.5483044733044734
17_crews,logistic,0.44963206727912614
17_crews,logistic,0.6184407096171801
17_crews,logistic,0.5747793056616587
17_crews,logistic,0.5347074960520339
17_crews,logistic,0.7208252531781943
17_crews,logistic,0.46563746710805537
17_crews,logistic,0.4944290186937246
17_crews,logistic,0.5077731092436975
17_crews,logistic,0.5389830757477817
17_crews,logistic,0.6773669141316201
17_crews,logistic,0.5946195144724556
17_crews,logistic,0.45306001188354134
17_crews,logistic,0.7295985060690944
17_crews,logistic,0.5596987979340922
17_crews,logistic,0.4555704099821747
17_crews,logistic,0.5634681903064257
17_crews,logistic,0.4311476105593752
17_crews,logistic,0.5179333738157269
17_crews,logistic,0.5473962312197606
17_crews,logistic,0.5078573387396917
17_crews,logistic,0.4817608861726508
17_crews,logistic,0.5031661149308208
17_crews,logistic,0.6365635997988939
17_crews,logistic,0.6181680247856718
17_crews,logistic,0.5046218487394958
17_crews,logistic,0.5929142752672165
17_crews,logistic,0.5299136321195145
17_crews,logistic,0.6116542770954535
17_crews,logistic,0.6431152589240825
17_crews,logistic,0.49307440925087986
17_crews,logistic,0.35870681605975724
17_crews,logistic,0.4184649500825972
17_crews,logistic,0.5420374560080443
17_crews,logistic,0.7367777647189412
17_crews,logistic,0.4246323937500408
17_crews,logistic,0.6037645361174774
17_crews,logistic,0.545711314828962
17_crews,logistic,0.4199516170104406
17_crews,logistic,0.44414098972922506
17_crews,logistic,0.6158263305322129
17_crews,logistic,0.5693458502282032
17_crews,logistic,0.5795423530717647
17_crews,logistic,0.6799212225682814
17_crews,logistic,0.503546494355318
17_crews,logistic,0.4350790316126451
17_crews,logistic,0.5972943722943723
17_crews,logistic,0.5707138449785509
17_crews,logistic,0.5550112469230115
17_crews,logistic,0.44075524149053563
17_crews,logistic,0.5104665759077524
17_crews,logistic,0.34733501792325316
17_crews,logistic,0.5520765998707176
17_crews,logistic,0.3935128596893303
17_crews,logistic,0.5697457770987183
17_crews,logistic,0.42826266870384516
17_crews,logistic,0.543207364530894
17_crews,logistic,0.6157868275515335
17_crews,logistic,0.5765237213766625
17_crews,logistic,0.5395934131228248
17_crews,logistic,0.5030174890469009
17_crews,logistic,0.257257448433919
17_crews,logistic,0.6521313653666595
17_crews,logistic,0.5405186316951023
17_crews,logistic,0.5076394194041253
17_crews,logistic,0.6676876228346816
17_crews,logistic,0.3432144652732888
17_crews,logistic,0.5483851116204058
17_crews,logistic,0.5916051268992446
17_crews,logistic,0.5165858651152769
17_crews,logistic,0.5713362617774382
17_crews,logistic,0.41359710550887024
17_crews,logistic,0.4783549783549783
17_crews,logistic,0.5058772926419985
17_crews,logistic,0.5201043237807944
17_crews,logistic,0.4690758587817412
17_crews,logistic,0.5223612172141585
17_crews,logistic,0.5829773576097105
17_crews,logistic,0.48287019353195826
17_crews,logistic,0.5505602240896358
17_crews,logistic,0.6715350009467658
17_crews,logistic,0.5188804659392894
17_crews,logistic,0.34338308750073454
17_crews,logistic,0.3978349673202614
17_crews,logistic,0.5603641456582632
17_crews,logistic,0.61546574340692
17_crews,logistic,0.6622283761989644
17_crews,logistic,0.6432804940157881
17_crews,logistic,0.44402427637721753
17_crews,logistic,0.5804452083863849
17_crews,logistic,0.5939885278120572
17_crews,logistic,0.5160752646046763
17_crews,logistic,0.509136615018968
17_crews,logistic,0.4945876835582718
17_crews,logistic,0.57993117993118
17_crews,logistic,0.5485166793990323
17_crews,logistic,0.4272498743086978
17_crews,logistic,0.5299628476099064
17_crews,logistic,0.5162104235633648
17_crews,logistic,0.4293720168720169
17_crews,logistic,0.5882119514472456
17_crews,logistic,0.656847400965048
17_crews,logistic,0.6592712842712842
17_crews,logistic,0.5820716456745868
17_crews,logistic,0.4868375088963325
17_crews,logistic,0.5815019947372888
17_crews,logistic,0.6469622697563874
17_crews,logistic,0.6426916221033869
17_crews,logistic,0.6058492161433338
17_crews,logistic,0.44239143209731446
17_crews,logistic,0.5296876326288091
17_crews,logistic,0.7124515190691662
17_crews,logistic,0.4818839657074951
17_crews,logistic,0.5561494469582705
17_crews,logistic,0.6175536881419235
17_crews,logistic,0.6416882137470372
17_crews,logistic,0.5328341593047475
17_crews,logistic,0.57703081232493
17_crews,logistic,0.7129835850424086
17_crews,logistic,0.3500200779612545
17_crews,logistic,0.5008658008658008
17_crews,logistic,0.4498994469582705
17_crews,logistic,0.6069564422505599
17_crews,logistic,0.5859446109446109
17_crews,logistic,0.6063449622273153
17_crews,logistic,0.5749329102270279
17_crews,logistic,0.6621286393345217
17_crews,logistic,0.5699783876254464
17_crews,logistic,0.5563746710805535
17_crews,logistic,0.7093604108309991
17_crews,logistic,0.5655631949749597
17_crews,logistic,0.6106962481962482
17_crews,logistic,0.6746827518886344
17_crews,logistic,0.33125583566760036
17_crews,logistic,0.650888490594373
17_crews,logistic,0.35430223371399844
17_crews,logistic,0.46030897207367794
17_crews,logistic,0.47057517645752933
17_crews,logistic,0.6132002801120449
17_crews,logistic,0.5570867041455276
17_crews,logistic,0.5334924879042525
17_crews,logistic,0.47312981136510546
17_crews,logistic,0.5164458090928679
17_crews,logistic,0.580885536032595
17_crews,logistic,0.3686858076563959
17_crews,logistic,0.5327953908836263
17_crews,logistic,0.739511877011877
17_crews,logistic,0.5407308377896612
17_crews,logistic,0.4566717596129361
17_crews,logistic,0.6044308632543927
17_crews,logistic,0.5454227145403616
17_crews,logistic,0.709180770210182
17_crews,logistic,0.566380188439012
17_crews,logistic,0.6450545369663017
17_crews,logistic,0.49651982004923184
17_crews,logistic,0.5426152279093455
17_crews,logistic,0.6803168236991767
17_crews,logistic,0.6542441218911808
17_crews,logistic,0.6326629253099841
17_crews,logistic,0.6489209320091673
17_crews,logistic,0.5820081062728122
17_crews,logistic,0.47699049316696374
17_crews,logistic,0.6317927170868347
17_crews,logistic,0.4194232238349885
17_crews,logistic,0.6003023936847467
17_crews,logistic,0.41543374925727866
17_crews,logistic,0.622724660959955
17_crews,logistic,0.45438842203548085
17_crews,logistic,0.35605211781682367
17_crews,logistic,0.4108503016591252
17_crews,logistic,0.4158658335128923
17_crews,logistic,0.595506617565441
17_crews,logistic,0.6356622952211187
17_crews,logistic,0.498249299719888
17_crews,logistic,0.49625031830914185
17_crews,logistic,0.45496350055173584
17_crews,logistic,0.6771683790066143
17_crews,logistic,0.5374011609305727
17_crews,logistic,0.328201128936423
17_crews,logistic,0.6068160597572363
17_crews,logistic,0.6912953060011884
17_crews,logistic,0.5023088023088025
17_crews,logistic,0.547927807486631
17_crews,logistic,0.5744175758881641
17_crews,logistic,0.5803221288515407
17_crews,logistic,0.5403350734233088
17_crews,logistic,0.5008133556452884
17_crews,logistic,0.4126714788479494
17_crews,logistic,0.5560775825481707
17_crews,logistic,0.5115928189457601
17_crews,logistic,0.6099694423223836
17_crews,logistic,0.593350930115636
17_crews,logistic,0.4887085137085137
17_crews,logistic,0.6370269436445907
17_crews,logistic,0.5173723335488041
17_crews,logistic,0.6137424666836432
17_crews,logistic,0.6248419064595536
17_crews,logistic,0.47595443771914364
17_crews,logistic,0.808765172735761
17_crews,logistic,0.2786870808929633
17_crews,logistic,0.7213657257774905
17_crews,logistic,0.7286457007045243
17_crews,logistic,0.32710655357714175
17_crews,logistic,0.7498090145148969
17_crews,logistic,0.5825863678804855
17_crews,logistic,0.7378923364217482
17_crews,logistic,0.2569136745607334
17_crews,logistic,0.6224105551311434
17_crews,logistic,0.5468699601052542
17_crews,logistic,0.4808356676003735
17_crews,logistic,0.6997262541380187
17_crews,logistic,0.505905695611578
17_crews,logistic,0.37826797385620914
17_crews,logistic,0.4634177913589679
17_crews,logistic,0.4364665563194975
17_crews,logistic,0.4112505141916906
17_crews,logistic,0.5137483431601079
17_crews,logistic,0.5753119429590017
17_crews,logistic,0.613587066528243
17_crews,logistic,0.6252567693744163
17_crews,logistic,0.5851455733808675
17_crews,logistic,0.27598039215686276
17_crews,logistic,0.5110259022023729
17_crews,logistic,0.5526134812899519
17_crews,logistic,0.5849344283167812
17_crews,logistic,0.5436086789027966
17_crews,logistic,0.5854593119299001
17_crews,logistic,0.40241278329513624
17_crews,logistic,0.4967187224540166
17_crews,logistic,0.508151978740214
17_crews,logistic,0.5222498090145149
17_crews,logistic,0.5654241999830234
17_crews,logistic,0.5448492683786801
17_crews,logistic,0.6108055343349461
17_crews,logistic,0.43221378294907703
17_crews,logistic,0.6037305831423478
17_crews,logistic,0.5102717543894014
17_crews,logistic,0.7532796451914099
17_crews,logistic,0.6109890926067396
17_crews,logistic,0.6285991785991786
17_crews,logistic,0.6048989409283527
17_crews,logistic,0.6101119468766527
17_crews,logistic,0.8175781734605263
17_crews,logistic,0.5914644179350061
17_crews,logistic,0.5659685086155675
17_crews,logistic,0.43064484535072767
17_crews,logistic,0.6206794839147781
17_crews,logistic,0.5682462961874727
17_crews,logistic,0.6115576417047006
17_crews,logistic,0.5893118319588907
17_crews,logistic,0.5807206682206683
17_crews,logistic,0.6123619844208079
17_crews,logistic,0.28071364909600205
17_crews,logistic,0.6101827094474154
17_crews,logistic,0.4884938590820944
17_crews,logistic,0.6947065189712249
17_crews,logistic,0.5449293353705119
17_crews,logistic,0.5095805338452397
17_crews,logistic,0.3415822739352151
17_crews,logistic,0.561349598114304
17_crews,logistic,0.5409621424327307
17_crews,logistic,0.5781342840166369
17_crews,logistic,0.3840946635064282
18_crews,logistic,0.40527998236331575
18_crews,logistic,0.5258698092031424
18_crews,logistic,0.5308766941119881
18_crews,logistic,0.6272266313932982
18_crews,logistic,0.7077491181657849
18_crews,logistic,0.4148962148962149
18_crews,logistic,0.5349057215478784
18_crews,logistic,0.5001107688607688
18_crews,logistic,0.4923266548266548
18_crews,logistic,0.5835537918871252
18_crews,logistic,0.48274711399711406
18_crews,logistic,0.46893738977072313
18_crews,logistic,0.35604056437389775
18_crews,logistic,0.6123075998075999
18_crews,logistic,0.45964620696763553
18_crews,logistic,0.5679834054834054
18_crews,logistic,0.4820221445221446
18_crews,logistic,0.45212572920906247
18_crews,logistic,0.4805054513387847
18_crews,logistic,0.49256954465287806
18_crews,logistic,0.3786475869809203
18_crews,logistic,0.5742835097001763
18_crews,logistic,0.6734808401475068
18_crews,logistic,0.5677672636005969
18_crews,logistic,0.5368706139539472
18_crews,logistic,0.5541302832969499
18_crews,logistic,0.6048280423280422
18_crews,logistic,0.4888595201095201
18_crews,logistic,0.47709235209235207
18_crews,logistic,0.4222992285492286
18_crews,logistic,0.5677679573512908
18_crews,logistic,0.6109535966678825
18_crews,logistic,0.37879558712892053
18_crews,logistic,0.4484638047138047
18_crews,logistic,0.4721871492704826
18_crews,logistic,0.5442827551896179
18_crews,logistic,0.5321789321789322
18_crews,logistic,0.5768278018278018
18_crews,logistic,0.4470749158249158
18_crews,logistic,0.45884439634439633
18_crews,logistic,0.6211237065403732
18_crews,logistic,0.4640151515151515
18_crews,logistic,0.5114084989084989
18_crews,logistic,0.4993409368409368
18_crews,logistic,0.4261193282026615
18_crews,logistic,0.48621740913407585
18_crews,logistic,0.43252730385083327
18_crews,logistic,0.48346514596514606
18_crews,logistic,0.515950176366843
18_crews,logistic,0.5024149076232409
18_crews,logistic,0.5358330327080326
18_crews,logistic,0.4829946288279621
18_crews,logistic,0.5131503527336859
18_crews,logistic,0.39385321468654805
18_crews,logistic,0.5490595438512105
18_crews,logistic,0.5830236892736893
18_crews,logistic,0.5388457992624659
18_crews,logistic,0.6431637806637807
18_crews,logistic,0.5439982856649523
18_crews,logistic,0.4431497514830849
18_crews,logistic,0.5238237071570405
18_crews,logistic,0.3182102891661715
18_crews,logistic,0.7144714082214082
18_crews,logistic,0.5673280423280423
18_crews,logistic,0.5858861817195149
18_crews,logistic,0.44928651595318253
18_crews,logistic,0.5157380428213761
18_crews,logistic,0.5991195532862199
18_crews,logistic,0.5778127917833801
18_crews,logistic,0.7349658828825496
18_crews,logistic,0.5866142163936282
18_crews,logistic,0.48427328843995515
18_crews,logistic,0.4896825396825396
18_crews,logistic,0.6824797887297887
18_crews,logistic,0.5823253906587239
18_crews,logistic,0.6099206349206351
18_crews,logistic,0.45807181199338065
18_crews,logistic,0.5923011402178069
18_crews,logistic,0.4357854337021004
18_crews,logistic,0.567663123913124
18_crews,logistic,0.516852977269644
18_crews,logistic,0.4902417027417027
18_crews,logistic,0.45518979477312815
18_crews,logistic,0.43110631652298315
18_crews,logistic,0.5552949365449366
18_crews,logistic,0.4837662337662338
18_crews,logistic,0.3595809283309283
18_crews,logistic,0.6759350988517655
18_crews,logistic,0.8202140452140452
18_crews,logistic,0.7180136221802889
18_crews,logistic,0.5366539324872659
18_crews,logistic,0.5173941798941799
18_crews,logistic,0.6491601853121461
18_crews,logistic,0.5917438271604938
18_crews,logistic,0.6381347048013715
18_crews,logistic,0.6479126583293251
18_crews,logistic,0.5569795173961841
18_crews,logistic,0.5388468013468013
18_crews,logistic,0.5828818943402276
18_crews,logistic,0.5427045177045177
18_crews,logistic,0.6738820275584981
18_crews,logistic,0.46854557479557474
18_crews,logistic,0.5349056036556036
18_crews,logistic,0.5129086599674836
18_crews,logistic,0.6568883277216611
18_crews,logistic,0.529716810966811
18_crews,logistic,0.5233305274971942
18_crews,logistic,0.6001332772166106
18_crews,logistic,0.556304924197081
18_crews,logistic,0.5794662898829566
18_crews,logistic,0.4858388525055191
18_crews,logistic,0.4604198270864937
18_crews,logistic,0.6036024931858265
18_crews,logistic,0.38676847843514506
18_crews,logistic,0.5299228277169453
18_crews,logistic,0.5937590187590188
18_crews,logistic,0.5390644078144079
18_crews,logistic,0.26070615114732765
18_crews,logistic,0.4262265512265512
18_crews,logistic,0.4549923841590508
18_crews,logistic,0.43628246753246747
18_crews,logistic,0.32906445406445406
18_crews,logistic,0.715069344236011
18_crews,logistic,0.4275462962962963
18_crews,logistic,0.37447390572390565
18_crews,logistic,0.544146294881589
18_crews,logistic,0.5593053551386884
18_crews,logistic,0.4698260073260074
18_crews,logistic,0.4999999999999999
18_crews,logistic,0.5850228475228474
18_crews,logistic,0.38709531209531206
18_crews,logistic,0.553006253006253
18_crews,logistic,0.6910827462298051
18_crews,logistic,0.5732403399070066
18_crews,logistic,0.5247829331162664
18_crews,logistic,0.4663262527233116
18_crews,logistic,0.6794633743163155
18_crews,logistic,0.4387155282988617
18_crews,logistic,0.49877344877344876
18_crews,logistic,0.5593499864333198
18_crews,logistic,0.5909241221741222
18_crews,logistic,0.6160691296720708
18_crews,logistic,0.49582231040564373
18_crews,logistic,0.4897727272727273
18_crews,logistic,0.49530423280423286
18_crews,logistic,0.7112093153759821
18_crews,logistic,0.5704729683896351
18_crews,logistic,0.6725869809203143
18_crews,logistic,0.6253747795414463
18_crews,logistic,0.7185472252874213
18_crews,logistic,0.48527451384594245
18_crews,logistic,0.521847442680776
18_crews,logistic,0.48648818113103814
18_crews,logistic,0.5611536611536612
18_crews,logistic,0.6434072871572871
18_crews,logistic,0.5503367003367003
18_crews,logistic,0.5506734006734006
18_crews,logistic,0.4878404003404003
18_crews,logistic,0.7031425364758698
18_crews,logistic,0.30638209829386304
18_crews,logistic,0.5796897546897548
18_crews,logistic,0.5299499111999112
18_crews,logistic,0.35648548981882316
18_crews,logistic,0.5333065853899188
18_crews,logistic,0.49948292448292453
18_crews,logistic,0.5118075597242264
18_crews,logistic,0.4886002886002886
18_crews,logistic,0.46805308888642216
18_crews,logistic,0.42031201822868486
18_crews,logistic,0.5447328905662239
18_crews,logistic,0.7014653057545215
18_crews,logistic,0.6425118091784757
18_crews,logistic,0.5514961119127785
18_crews,logistic,0.538534151034151
18_crews,logistic,0.5198823552990219
18_crews,logistic,0.4859597963764629
18_crews,logistic,0.6999158249158248
18_crews,logistic,0.3833608521108521
18_crews,logistic,0.5308331329164662
18_crews,logistic,0.5164107112023779
18_crews,logistic,0.4829229797979798
18_crews,logistic,0.3952500613039829
18_crews,logistic,0.4913076341647769
18_crews,logistic,0.5061349915516582
18_crews,logistic,0.4619793015626349
18_crews,logistic,0.5580136684303351
18_crews,logistic,0.3603909978909979
18_crews,logistic,0.5443245797412464
18_crews,logistic,0.5649931858265191
18_crews,logistic,0.4877996232162898
18_crews,logistic,0.562584175084175
18_crews,logistic,0.6721230158730159
18_crews,logistic,0.6334505772005772
18_crews,logistic,0.633029008029008
18_crews,logistic,0.5171046546046546
18_crews,logistic,0.5549857549857551
18_crews,logistic,0.41152877623465867
18_crews,logistic,0.5441876161238907
18_crews,logistic,0.4316919191919191
18_crews,logistic,0.4145723104056437
18_crews,logistic,0.6304622846289514
18_crews,logistic,0.4882846320346321
18_crews,logistic,0.5610595423095422
18_crews,logistic,0.44457070707070717
18_crews,logistic,0.4302807486631016
18_crews,logistic,0.4846833177715531
18_crews,logistic,0.5507635882635883
18_crews,logistic,0.4866963283629951
18_crews,logistic,0.6089957110790443
18_crews,logistic,0.550832732082732
18_crews,logistic,0.6352070768737436
18_crews,logistic,0.44742834326167663
18_crews,logistic,0.3607285461452128
18_crews,logistic,0.48047839506172846
18_crews,logistic,0.6546386483886484
18_crews,logistic,0.3697916666666667
18_crews,logistic,0.5971139971139973
18_crews,logistic,0.4546706380039713
18_crews,logistic,0.5772327980661313
18_crews,logistic,0.5133838383838384
18_crews,logistic,0.5347315357119278
18_crews,logistic,0.6388798701298701
18_crews,logistic,0.4284607367940701
18_crews,logistic,0.48102692061025404
18_crews,logistic,0.5678460020371785
18_crews,logistic,0.531276054192721
18_crews,logistic,0.4584594780673211
18_crews,logistic,0.6044171877505211
18_crews,logistic,0.4047052484552484
18_crews,logistic,0.5347202180535513
18_crews,logistic,0.5902056277056277
18_crews,logistic,0.642416225749559
18_crews,logistic,0.47839459922793254
18_crews,logistic,0.3777056277056277
18_crews,logistic,0.6306056597723265
18_crews,logistic,0.6001232563732564
18_crews,logistic,0.6357908567467391
18_crews,logistic,0.48794569627902956
18_crews,logistic,0.592985717985718
18_crews,logistic,0.5036405723905725
18_crews,logistic,0.7159852493185828
18_crews,logistic,0.5275603254769922
18_crews,logistic,0.4225008016674683
18_crews,logistic,0.6661249516641674
18_crews,logistic,0.47822971781305107
18_crews,logistic,0.5945496632996634
18_crews,logistic,0.5679543450376783
18_crews,logistic,0.6335550297560101
18_crews,logistic,0.743245951579285
18_crews,logistic,0.4515592432259099
18_crews,logistic,0.5314296814296815
18_crews,logistic,0.6123363519196853
18_crews,logistic,0.47537053541955504
18_crews,logistic,0.6467024351828273
18_crews,logistic,0.5724008244841579
18_crews,logistic,0.6003006253006252
18_crews,logistic,0.6042893925246866
18_crews,logistic,0.46094075677409013
18_crews,logistic,0.4205133555623752
18_crews,logistic,0.45601651434984763
18_crews,logistic,0.5121117716705953
18_crews,logistic,0.5271678938345605
18_crews,logistic,0.573077848077848
18_crews,logistic,0.5249347874347875
18_crews,logistic,0.4290674603174603
18_crews,logistic,0.4871612954946289
18_crews,logistic,0.37932700016033355
18_crews,logistic,0.3100378787878788
18_crews,logistic,0.414519277019277
18_crews,logistic,0.5368066347233014
18_crews,logistic,0.6661896745230078
18_crews,logistic,0.5420980639730639
18_crews,logistic,0.6309734247234248
18_crews,logistic,0.5624579124579125
18_crews,logistic,0.5250420875420876
18_crews,logistic,0.44042719716739326
18_crews,logistic,0.7002925205306159
18_crews,logistic,0.5575293533626867
18_crews,logistic,0.4672524733799243
18_crews,logistic,0.5149584665516038
18_crews,logistic,0.4838103254769921
18_crews,logistic,0.4369573327906661
18_crews,logistic,0.5454695767195767
18_crews,logistic,0.4582944832944833
18_crews,logistic,0.4355669793169793
18_crews,logistic,0.5087973936013152
18_crews,logistic,0.5227522477522477
18_crews,logistic,0.6265994218200102
18_crews,logistic,0.3912784474058984
18_crews,logistic,0.5975769600769602
18_crews,logistic,0.5628928170594837
18_crews,logistic,0.26159624106052676
18_crews,logistic,0.5997434664101331
18_crews,logistic,0.46158810325476995
18_crews,logistic,0.5370506808006809
18_crews,logistic,0.4862694404361072
18_crews,logistic,0.5027767756934424
18_crews,logistic,0.6045546274712942
18_crews,logistic,0.49484836151502815
18_crews,logistic,0.5241772887606221
18_crews,logistic,0.6378507295173963
18_crews,logistic,0.4502299067775258
18_crews,logistic,0.734055759055759
18_crews,logistic,0.48434703005781443
18_crews,logistic,0.564504477004477
18_crews,logistic,0.45080367163700497
18_crews,logistic,0.6081018518518518
18_crews,logistic,0.5578632016132016
18_crews,logistic,0.5305886243386244
18_crews,logistic,0.560614358408476
18_crews,logistic,0.42758537758537757
18_crews,logistic,0.4905244084165653
18_crews,logistic,0.5896320500487168
18_crews,logistic,0.6198673240339907
18_crews,logistic,0.5803461199294532
18_crews,logistic,0.6059884559884561
18_crews,logistic,0.5254068462401796
18_crews,logistic,0.3577696994363661
18_crews,logistic,0.5968051238884572
18_crews,logistic,0.5042768959435625
18_crews,logistic,0.6248419019252353
18_crews,logistic,0.4829605579605579
18_crews,logistic,0.584640522875817
18_crews,logistic,0.46766543641543645
18_crews,logistic,0.5014465693037121
18_crews,logistic,0.28369408369408367
18_crews,logistic,0.5106561648228314
18_crews,logistic,0.36614943698277025
18_crews,logistic,0.7393187830687831
18_crews,logistic,0.41898749398749396
18_crews,logistic,0.3398311564978232
18_crews,logistic,0.5293259980759981
18_crews,logistic,0.5236341590508258
18_crews,logistic,0.5288783747117081
18_crews,logistic,0.642787999037999
18_crews,logistic,0.6196107904441237
18_crews,logistic,0.45645041686708354
18_crews,logistic,0.6880331088664423
18_crews,logistic,0.4032287157287157
18_crews,logistic,0.3469205948372615
18_crews,logistic,0.6625311235605353
18_crews,logistic,0.3153686727216139
18_crews,logistic,0.33418633835300504
18_crews,logistic,0.5568460043950241
18_crews,logistic,0.663766634599968
18_crews,logistic,0.5554195713509438
18_crews,logistic,0.5966861071027738
18_crews,logistic,0.47695113528446864
18_crews,logistic,0.3763675367842034
18_crews,logistic,0.6108912692246026
18_crews,logistic,0.6062353858922487
18_crews,logistic,0.48513307679974343
18_crews,logistic,0.5274651274651274
18_crews,logistic,0.6722753326919993
18_crews,logistic,0.6105719897386565
18_crews,logistic,0.6522116001282668
18_crews,logistic,0.5467824613657947
18_crews,logistic,0.5849456870290203
18_crews,logistic,0.3702922077922078
18_crews,logistic,0.39231956315289646
18_crews,logistic,0.5267297517297517
18_crews,logistic,0.4735898360898362
18_crews,logistic,0.6463804713804714
18_crews,logistic,0.44157848324514987
18_crews,logistic,0.5685939831773165
18_crews,logistic,0.5249757141914004
18_crews,logistic,0.5790454144620811
18_crews,logistic,0.6222703222703223
18_crews,logistic,0.5252986211319546
18_crews,logistic,0.44330653913987245
18_crews,logistic,0.5550678873595539
18_crews,logistic,0.47912935829602493
18_crews,logistic,0.5322017488684155
18_crews,logistic,0.4665504248837582
18_crews,logistic,0.6011425937896527
18_crews,logistic,0.7085603439770106
18_crews,logistic,0.4821350762527234
18_crews,logistic,0.6125541125541125
18_crews,logistic,0.7672839506172839
18_crews,logistic,0.4824681491348157
18_crews,logistic,0.5673984965651633
18_crews,logistic,0.6244462146422931
18_crews,logistic,0.5147727272727273
18_crews,logistic,0.6658699325365992
18_crews,logistic,0.6095351407851408
18_crews,logistic,0.5052585259693103
18_crews,logistic,0.44004490879490876
18_crews,logistic,0.8117269304769306
18_crews,logistic,0.4277010661814583
18_crews,logistic,0.4618343847510514
18_crews,logistic,0.4186598124098124
18_crews,logistic,0.49542849126182464
18_crews,logistic,0.5497569560069561
18_crews,logistic,0.4222222222222222
18_crews,logistic,0.7072692376613945
18_crews,logistic,0.5781525573192239
18_crews,logistic,0.37529761904761905
18_crews,logistic,0.5671140678493619
18_crews,logistic,0.4984808401475068
18_crews,logistic,0.45033115033115023
18_crews,logistic,0.4644651644651645
18_crews,logistic,0.30741642616642617
18_crews,logistic,0.5761423761423763
18_crews,logistic,0.6179467137800472
18_crews,logistic,0.708715782674116
18_crews,logistic,0.19611291486291485
18_crews,logistic,0.6492394179894181
18_crews,logistic,0.5791430791430792
18_crews,logistic,0.5646306625473293
18_crews,logistic,0.5120630912297578
18_crews,logistic,0.5897276334776336
18_crews,logistic,0.5182495518279832
18_crews,logistic,0.477792809042809
18_crews,logistic,0.5628465443416424
18_crews,logistic,0.676096280262947
18_crews,logistic,0.6286355619688953
18_crews,logistic,0.5129707483874151
18_crews,logistic,0.5559333413500079
18_crews,logistic,0.6444634840468173
18_crews,logistic,0.4264927973261307
18_crews,logistic,0.4750721500721501
18_crews,logistic,0.4284366096866097
18_crews,logistic,0.5338183421516756
18_crews,logistic,0.3922930283224401
18_crews,logistic,0.5651986131152797
18_crews,logistic,0.36637259345592676
18_crews,logistic,0.6325738304904972
18_crews,logistic,0.6546516754850088
18_crews,logistic,0.3951681851191655
18_crews,logistic,0.4160453743787077
18_crews,logistic,0.5276584526584527
18_crews,logistic,0.3463534151034151
18_crews,logistic,0.46634399551066225
18_crews,logistic,0.3377038856205523
18_crews,logistic,0.47471941638608306
18_crews,logistic,0.3921055796055796
18_crews,logistic,0.5799053569886902
18_crews,logistic,0.37484567901234567
18_crews,logistic,0.4467102342102342
18_crews,logistic,0.49525455254621925
18_crews,logistic,0.5686611999111999
18_crews,logistic,0.46264807723141055
18_crews,logistic,0.5589285714285714
18_crews,logistic,0.558805315055315
18_crews,logistic,0.6301832426832426
18_crews,logistic,0.5909010742344075
18_crews,logistic,0.4341430174763508
18_crews,logistic,0.5106120731120731
18_crews,logistic,0.49539442039442033
18_crews,logistic,0.466382074715408
18_crews,logistic,0.5869137806637806
18_crews,logistic,0.5732142857142857
18_crews,logistic,0.5609898589065256
18_crews,logistic,0.4781495510662178
18_crews,logistic,0.4607583774250441
18_crews,logistic,0.5105030771697439
18_crews,logistic,0.5047178901345568
18_crews,logistic,0.616900152316819
18_crews,logistic,0.4689637976402682
18_crews,logistic,0.5108094837261503
18_crews,logistic,0.5523589065255732
18_crews,logistic,0.5662277537277539
18_crews,logistic,0.6081323859510134
18_crews,logistic,0.48006253006252997
18_crews,logistic,0.44398548981882313
18_crews,logistic,0.4771264229597564
18_crews,logistic,0.4466239778739779
18_crews,logistic,0.5189784752284753
18_crews,logistic,0.38265492223825553
18_crews,logistic,0.5425996071829405
18_crews,logistic,0.5486297380905225
18_crews,logistic,0.5614317780984448
18_crews,logistic,0.323533411033411
18_crews,logistic,0.440103954687288
18_crews,logistic,0.39329351204351204
18_crews,logistic,0.4971500721500721
18_crews,logistic,0.44632435465768805
18_crews,logistic,0.418170872337539
18_crews,logistic,0.51323429656763
18_crews,logistic,0.4450174825174826
18_crews,logistic,0.5305134680134681
18_crews,logistic,0.5795484607984609
18_crews,logistic,0.5032487574154241
18_crews,logistic,0.5307659932659933
18_crews,logistic,0.4698938407271741
18_crews,logistic,0.4536796536796537
18_crews,logistic,0.6066290191290192
18_crews,logistic,0.6131376339709673
18_crews,logistic,0.5305916305916306
18_crews,logistic,0.625091189674523
18_crews,logistic,0.5444844688717239
18_crews,logistic,0.516104909977459
18_crews,logistic,0.34876443001443
18_crews,logistic,0.49719065656565664
18_crews,logistic,0.7166316526610645
18_crews,logistic,0.5148917395240925
18_crews,logistic,0.5120441287107954
18_crews,logistic,0.5082992624659292
18_crews,logistic,0.5222762395556513
18_crews,logistic,0.6372404601571268
18_crews,logistic,0.6425825717492385
18_crews,logistic,0.6410166608083275
18_crews,logistic,0.46712569837569834
18_crews,logistic,0.48984287317620656
18_crews,logistic,0.6116115366115367
18_crews,logistic,0.49823031906365234
18_crews,logistic,0.44083965235926015
18_crews,logistic,0.4759594572094572
18_crews,logistic,0.6591982500070735
18_crews,logistic,0.60457050665384
18_crews,logistic,0.6150222462722463
18_crews,logistic,0.5198435823435824
18_crews,logistic,0.5466780904280905
18_crews,logistic,0.8234147025813693
18_crews,logistic,0.43927529701339224
18_crews,logistic,0.6044332210998877
18_crews,logistic,0.5230008417508418
18_crews,logistic,0.49457332790666125
18_crews,logistic,0.4996562850729518
18_crews,logistic,0.5066573178092786
18_crews,logistic,0.566205784955785
18_crews,logistic,0.5507104460535833
18_crews,logistic,0.38843186134852803
18_crews,logistic,0.5241402116402116
18_crews,logistic,0.7122986581319916
18_crews,logistic,0.34805174400762634
18_crews,logistic,0.519155844155844
18_crews,logistic,0.3874027978194645
18_crews,logistic,0.5499338624338624
18_crews,logistic,0.5691151441151442
18_crews,logistic,0.36487093153759825
18_crews,logistic,0.5781176022597592
18_crews,logistic,0.6493191721132897
18_crews,logistic,0.620496632996633
18_crews,logistic,0.43736772486772485
18_crews,logistic,0.5182018598685265
18_crews,logistic,0.4487957304133775
18_crews,logistic,0.36872952884857646
18_crews,logistic,0.7260273676940343
18_crews,logistic,0.6801661029602206
18_crews,logistic,0.5816314994011073
18_crews,logistic,0.5041927208593875
18_crews,logistic,0.4722903639570306
18_crews,logistic,0.5881875840209174
18_crews,logistic,0.7385682219015552
18_crews,logistic,0.6066364962198294
18_crews,logistic,0.7544753086419753
18_crews,logistic,0.4417147667147667
18_crews,logistic,0.5050279581529582
18_crews,logistic,0.6245305620305621
18_crews,logistic,0.4420299517113242
18_crews,logistic,0.3220077761744429
18_crews,logistic,0.5594714698881366
18_crews,logistic,0.6384890572390572
18_crews,logistic,0.4666185666185666
18_crews,logistic,0.5446869488536155
18_crews,logistic,0.6371427954761288
18_crews,logistic,0.4827334702334702
18_crews,logistic,0.4229393291893292
18_crews,logistic,0.4146545584045584
18_crews,logistic,0.5439598981265649
18_crews,logistic,0.6113766634599967
18_crews,logistic,0.7449980574980575
18_crews,logistic,0.5283302209772798
18_crews,logistic,0.3702561327561327
18_crews,logistic,0.6229196729196729
18_crews,logistic,0.490933140933141
18_crews,logistic,0.43616321949655285
18_crews,logistic,0.541151595318262
18_crews,logistic,0.4448593073593074
18_crews,logistic,0.5719045614878948
18_crews,logistic,0.638590031972385
18_crews,logistic,0.5889660493827162
18_crews,logistic,0.4586690315856983
18_crews,logistic,0.4969416386083053
18_crews,logistic,0.5805776014109347
18_crews,logistic,0.5252946127946128
18_crews,logistic,0.4839813955885384
18_crews,logistic,0.5477147172000113
18_crews,logistic,0.6258064466397799
18_crews,logistic,0.44948669703571653
18_crews,logistic,0.4624969937469938
18_crews,logistic,0.6490820907487574
18_crews,logistic,0.5951038159371493
18_crews,logistic,0.6489528218694885
18_crews,logistic,0.42947515447515455
18_crews,logistic,0.6373547748547748
18_crews,logistic,0.5609656932573599
18_crews,logistic,0.45037678371011697
18_crews,logistic,0.5181759598426265
18_crews,logistic,0.4838884880551547
18_crews,logistic,0.5258497675164342
18_crews,logistic,0.47439667915858386
18_crews,logistic,0.541464553964554
18_crews,logistic,0.43587969764440354
18_crews,logistic,0.5823076886802377
18_crews,logistic,0.5612203383036716
18_crews,logistic,0.6031655844155844
18_crews,logistic,0.5749422917315073
18_crews,logistic,0.43439454064454064
18_crews,logistic,0.5719757094757095
18_crews,logistic,0.2948380278037141
18_crews,logistic,0.41906365239698573
18_crews,logistic,0.5189787835621169
18_crews,logistic,0.5952186430127607
18_crews,logistic,0.3650302629469297
18_crews,logistic,0.5575506283839617
18_crews,logistic,0.3734387526054193
18_crews,logistic,0.7495149911816578
18_crews,logistic,0.6035223264389932
18_crews,logistic,0.6620505946486339
18_crews,logistic,0.6499790718540719
18_crews,logistic,0.6077523602033407
18_crews,logistic,0.636382984299651
18_crews,logistic,0.65368265993266
18_crews,logistic,0.7241810658477326
18_crews,logistic,0.5301885614385614
18_crews,logistic,0.5070065736732402
18_crews,logistic,0.4498577811077811
18_crews,logistic,0.5103445936779271
18_crews,logistic,0.4270983645983646
18_crews,logistic,0.46003687670354343
18_crews,logistic,0.3269430415263748
18_crews,logistic,0.43145943562610234
18_crews,logistic,0.5971271783771783
18_crews,logistic,0.43756957328385904
18_crews,logistic,0.33206299872966544
18_crews,logistic,0.5406275052108386
18_crews,logistic,0.5587014066180732
18_crews,logistic,0.45212589244451995
18_crews,logistic,0.5344871949038615
18_crews,logistic,0.6802373937790605
18_crews,logistic,0.5314119522452856
18_crews,logistic,0.3912658329324996
18_crews,logistic,0.6799519879176743
18_crews,logistic,0.6409351451018117
18_crews,logistic,0.5777597402597403
18_crews,logistic,0.5400305712805713
18_crews,logistic,0.5734337421837422
18_crews,logistic,0.5218806656306657
18_crews,logistic,0.5883377425044092
18_crews,logistic,0.43835693627360295
18_crews,logistic,0.37146587979921314
18_crews,logistic,0.5788810726310727
18_crews,logistic,0.35250220458553794
18_crews,logistic,0.4559744268077601
18_crews,logistic,0.44292929292929295
18_crews,logistic,0.5876221001221
18_crews,logistic,0.441991341991342
18_crews,logistic,0.543172268907563
18_crews,logistic,0.512925037925038
18_crews,logistic,0.5025428683516919
18_crews,logistic,0.6054140304140304
18_crews,logistic,0.5902455569122236
18_crews,logistic,0.616308999642333
18_crews,logistic,0.54962452670786
18_crews,logistic,0.5589072964072964
18_crews,logistic,0.5117253888087221
18_crews,logistic,0.5837562129228796
18_crews,logistic,0.5440428398761731
18_crews,logistic,0.3818704443704444
18_crews,logistic,0.43587504316670983
18_crews,logistic,0.6973454785954786
18_crews,logistic,0.4486952861952862
18_crews,logistic,0.41181758056758055
18_crews,logistic,0.6701453729640005
18_crews,logistic,0.4119308160974828
18_crews,logistic,0.5577676952676952
18_crews,logistic,0.6775732754899423
18_crews,logistic,0.46594678469678463
18_crews,logistic,0.4713343755010423
18_crews,logistic,0.4876062209395543
18_crews,logistic,0.6047017797017797
18_crews,logistic,0.6283118116451449
18_crews,logistic,0.4873386644219978
18_crews,logistic,0.6872105517938851
18_crews,logistic,0.5347081930415264
18_crews,logistic,0.45364843489843487
18_crews,logistic,0.4444389715223049
18_crews,logistic,0.5528990299823634
18_crews,logistic,0.5792267917267916
18_crews,logistic,0.436566288649622
18_crews,logistic,0.5484988776655444
18_crews,logistic,0.3663666580333247
18_crews,logistic,0.6019821998988666
18_crews,logistic,0.5614498156164823
18_crews,logistic,0.550267094017094
18_crews,logistic,0.5966148049481382
18_crews,logistic,0.41417949334616
18_crews,logistic,0.5272236251402919
18_crews,logistic,0.6557619849286517
18_crews,logistic,0.48786876703543375
18_crews,logistic,0.5375521083854419
18_crews,logistic,0.3505375797042463
18_crews,logistic,0.6434331100997768
18_crews,logistic,0.6007508558979147
18_crews,logistic,0.48228874883286643
18_crews,logistic,0.6094867324033991
18_crews,logistic,0.5350674788174787
18_crews,logistic,0.6115620490620491
18_crews,logistic,0.6435094997594998
18_crews,logistic,0.4714251412168079
18_crews,logistic,0.6174273257606591
18_crews,logistic,0.4746632996632996
18_crews,logistic,0.5599159192296447
18_crews,logistic,0.40373877665544333
18_crews,logistic,0.6619918661585329
18_crews,logistic,0.46153198653198657
18_crews,logistic,0.5722663139329806
18_crews,logistic,0.4998326519159853
18_crews,logistic,0.5160333493666828
18_crews,logistic,0.47444885361552036
18_crews,logistic,0.3643559191353309
18_crews,logistic,0.45302166968833635
18_crews,logistic,0.6984678130511464
18_crews,logistic,0.37493386243386245
18_crews,logistic,0.6013068721402054
18_crews,logistic,0.5042672605172606
18_crews,logistic,0.6227912519579185
18_crews,logistic,0.5661556036556036
18_crews,logistic,0.47652216610549947
18_crews,logistic,0.47102588769255443
18_crews,logistic,0.5551567259900594
18_crews,logistic,0.5070098882598884
18_crews,logistic,0.51131253006253
18_crews,logistic,0.6337522045855378
18_crews,logistic,0.6923380631713966
18_crews,logistic,0.5032402782402783
18_crews,logistic,0.5488883801383801
18_crews,logistic,0.5478130665630666
18_crews,logistic,0.5252094356261022
18_crews,logistic,0.4619542222483399
18_crews,logistic,0.5021470813137481
18_crews,logistic,0.6489151552877043
18_crews,logistic,0.5700306637806638
18_crews,logistic,0.5169142585809252
18_crews,logistic,0.5327359369026037
18_crews,logistic,0.6383701946201946
18_crews,logistic,0.5030533509700176
18_crews,logistic,0.5825498575498576
18_crews,logistic,0.6061814728481394
18_crews,logistic,0.7049484466151132
18_crews,logistic,0.5322951739618406
18_crews,logistic,0.4925645342312009
18_crews,logistic,0.7014820827320827
18_crews,logistic,0.591434727219041
18_crews,logistic,0.4919141814975149
18_crews,logistic,0.5155325769909104
18_crews,logistic,0.5350478225478226
18_crews,logistic,0.5951029906912261
18_crews,logistic,0.6241041366041366
18_crews,logistic,0.6398819544652877
18_crews,logistic,0.678566341066341
18_crews,logistic,0.8353725749559082
18_crews,logistic,0.6599580067717323
18_crews,logistic,0.5396258503401362
18_crews,logistic,0.6919061648228315
18_crews,logistic,0.5426106301106302
18_crews,logistic,0.5449395511895512
18_crews,logistic,0.5169542648709315
18_crews,logistic,0.47594203635870297
18_crews,logistic,0.6488546176046177
18_crews,logistic,0.48315496232162897
18_crews,logistic,0.674234407567741
18_crews,logistic,0.481410564743898
18_crews,logistic,0.4877252649311473
18_crews,logistic,0.3426827801827802
18_crews,logistic,0.4031786115119448
18_crews,logistic,0.7775493025493025
18_crews,logistic,0.502677569344236
18_crews,logistic,0.4822490780824114
18_crews,logistic,0.59424202340869
18_crews,logistic,0.5723256681590015
18_crews,logistic,0.567283950617284
18_crews,logistic,0.5936358394691728
18_crews,logistic,0.5072971781305115
18_crews,logistic,0.2986772486772487
18_crews,logistic,0.4436643603310271
18_crews,logistic,0.4703703703703704
18_crews,logistic,0.4273739377906045
18_crews,logistic,0.4838443963443963
18_crews,logistic,0.44037244527440605
18_crews,logistic,0.5204635642135642
18_crews,logistic,0.4967453479708382
18_crews,logistic,0.49100937642604303
18_crews,logistic,0.6146699886895965
18_crews,logistic,0.5105609668109667
18_crews,logistic,0.5540824915824916
18_crews,logistic,0.6538369809203143
18_crews,logistic,0.6400352733686067
18_crews,logistic,0.5186608144941478
18_crews,logistic,0.6007014590347924
18_crews,logistic,0.5780207537560479
18_crews,logistic,0.4341670675004008
18_crews,logistic,0.5619568702902037
18_crews,logistic,0.6034110950777616
18_crews,logistic,0.6039371893538561
18_crews,logistic,0.5494398348565015
18_crews,logistic,0.7265299515299515
18_crews,logistic,0.4943211880711881
18_crews,logistic,0.44793169793169796
18_crews,logistic,0.6148067981401315
18_crews,logistic,0.3932437932437932
18_crews,logistic,0.5982508957999154
18_crews,logistic,0.6443375297541966
18_crews,logistic,0.5533740179573514
18_crews,logistic,0.606806002639336
18_crews,logistic,0.6614791707928963
18_crews,logistic,0.5749007936507936
18_crews,logistic,0.715108965108965
18_crews,logistic,0.4964819902319903
18_crews,logistic,0.5187084520417853
18_crews,logistic,0.49135802469135803
18_crews,logistic,0.5009900593233927
18_crews,logistic,0.3360015755849089
18_crews,logistic,0.38832371332371335
18_crews,logistic,0.6278947903947905
18_crews,logistic,0.5801669010002343
18_crews,logistic,0.5191109362677991
18_crews,logistic,0.41584249084249086
18_crews,logistic,0.5990540323873657
18_crews,logistic,0.5307189542483661
18_crews,logistic,0.651445313945314
18_crews,logistic,0.47908017908017914
18_crews,logistic,0.5137135241301909
18_crews,logistic,0.4733245149911816
18_crews,logistic,0.5512178408011742
18_crews,logistic,0.6073505198505198
18_crews,logistic,0.5344321074713231
18_crews,logistic,0.5782180782180784
18_crews,logistic,0.40157828282828284
18_crews,logistic,0.7107969576719576
18_crews,logistic,0.6063827376327376
18_crews,logistic,0.5495538412205079
18_crews,logistic,0.4053444240944241
18_crews,logistic,0.4112602675102675
18_crews,logistic,0.6175226824736629
18_crews,logistic,0.5179232804232803
18_crews,logistic,0.63381734006734
18_crews,logistic,0.5501609229550407
18_crews,logistic,0.5548349979722529
18_crews,logistic,0.36787217412217416
18_crews,logistic,0.7415995270161937
18_crews,logistic,0.4282033552866886
18_crews,logistic,0.6105938043438043
18_crews,logistic,0.5794803190636525
18_crews,logistic,0.5504239587572921
18_crews,logistic,0.3964677298010632
18_crews,logistic,0.4091370049703383
18_crews,logistic,0.6348963536463537
18_crews,logistic,0.3764965744132411
18_crews,logistic,0.47039642456309116
18_crews,logistic,0.6489337822671157
18_crews,logistic,0.5139440035273368
18_crews,logistic,0.5761522428189095
18_crews,logistic,0.536465848965849
18_crews,logistic,0.3617925284591951
18_crews,logistic,0.5890427088343755
18_crews,logistic,0.5459745501412168
18_crews,logistic,0.5569825236491902
18_crews,logistic,0.5670075929879851
18_crews,logistic,0.5451578514078514
18_crews,logistic,0.5915684624017957
18_crews,logistic,0.5113496071829405
18_crews,logistic,0.5996993746993747
18_crews,logistic,0.6477899188683502
18_crews,logistic,0.5591129549462882
18_crews,logistic,0.6037144953811622
18_crews,logistic,0.5131062610229278
18_crews,logistic,0.5644370290203624
18_crews,logistic,0.5086457523957524
18_crews,logistic,0.6494438431938432
18_crews,logistic,0.5719692344692345
18_crews,logistic,0.6438503626003628
18_crews,logistic,0.6299623216289884
18_crews,logistic,0.6180555555555557
18_crews,logistic,0.4251613355780022
18_crews,logistic,0.5680445326278659
18_crews,logistic,0.6024055419888753
18_crews,logistic,0.5578625486713722
18_crews,logistic,0.7698967971026794
18_crews,logistic,0.5832201567495685
18_crews,logistic,0.6277245086068617
18_crews,logistic,0.3763418680085347
18_crews,logistic,0.4739748677248677
18_crews,logistic,0.5768187830687831
18_crews,logistic,0.49257154882154885
18_crews,logistic,0.647771364438031
18_crews,logistic,0.628916839333506
18_crews,logistic,0.285121287572268
18_crews,logistic,0.5496224454557788
18_crews,logistic,0.5508587862754529
18_crews,logistic,0.42824074074074076
18_crews,logistic,0.3347635389302056
18_crews,logistic,0.4618917348084015
18_crews,logistic,0.3469015552348885
18_crews,logistic,0.5424683341350008
18_crews,logistic,0.4410277993611327
18_crews,logistic,0.5108850254683588
18_crews,logistic,0.47097562930896264
18_crews,logistic,0.47177028218694883
18_crews,logistic,0.6739588343755011
18_crews,logistic,0.61082050665384
18_crews,logistic,0.6361281465448132
18_crews,logistic,0.5529843613176947
18_crews,logistic,0.49861712361712357
18_crews,logistic,0.46760662177328843
18_crews,logistic,0.5558281224947892
18_crews,logistic,0.6030622155622155
18_crews,logistic,0.6001084563584563
18_crews,logistic,0.3078110932277599
18_crews,logistic,0.5821213508713509
18_crews,logistic,0.5903858849937281
18_crews,logistic,0.5144620811287478
18_crews,logistic,0.559632651299318
18_crews,logistic,0.42805805305805306
18_crews,logistic,0.5975794267460934
18_crews,logistic,0.5548019881353214
18_crews,logistic,0.6234607984607985
18_crews,logistic,0.38277116402116396
18_crews,logistic,0.38133008966342297
18_crews,logistic,0.6076158409491743
18_crews,logistic,0.41897146063812735
18_crews,logistic,0.47656336945552635
18_crews,logistic,0.5333293249959916
18_crews,logistic,0.5230449334616001
18_crews,logistic,0.5520763187429855
18_crews,logistic,0.7676717572550906
18_crews,logistic,0.4787390849890849
18_crews,logistic,0.6855726834893502
18_crews,logistic,0.5409241221741223
18_crews,logistic,0.4871372454705788
18_crews,logistic,0.3771100041933375
18_crews,logistic,0.6331779513152063
18_crews,logistic,0.4364107343274011
18_crews,logistic,0.4602773769440436
18_crews,logistic,0.5254477004477004
18_crews,logistic,0.5007209203287635
18_crews,logistic,0.5151138984472319
18_crews,logistic,0.4031404144149242
18_crews,logistic,0.5665283790283789
18_crews,logistic,0.509474530552962
18_crews,logistic,0.4345031511698178
18_crews,logistic,0.3481199718944817
18_crews,logistic,0.647663139329806
18_crews,logistic,0.419336527669861
18_crews,logistic,0.604100529100529
18_crews,logistic,0.5414542247875581
18_crews,logistic,0.504225172975173
18_crews,logistic,0.6330959164292498
18_crews,logistic,0.5981451418951419
18_crews,logistic,0.601410009743343
18_crews,logistic,0.4359567901234568
18_crews,logistic,0.48580647747314426
18_crews,logistic,0.6010134706563277
18_crews,logistic,0.5333975438142106
18_crews,logistic,0.6199765512265512
18_crews,logistic,0.5112671279337946
18_crews,logistic,0.6023333148333149
18_crews,logistic,0.4698326364993032
18_crews,logistic,0.5452443253913842
18_crews,logistic,0.5285012826679494
18_crews,logistic,0.4703651241641439
18_crews,logistic,0.43115438936517364
18_crews,logistic,0.6420476128809463
18_crews,logistic,0.519323663808958
18_crews,logistic,0.5142152600485934
18_crews,logistic,0.7019330206830207
18_crews,logistic,0.4610929194262528
18_crews,logistic,0.6565296994218561
18_crews,logistic,0.5582762145262145
18_crews,logistic,0.620304078637412
18_crews,logistic,0.6110099005932339
18_crews,logistic,0.5509008738175405
18_crews,logistic,0.38212805712805714
18_crews,logistic,0.6312189353856021
18_crews,logistic,0.5057659932659934
18_crews,logistic,0.5451740797329033
18_crews,logistic,0.6031202593702595
18_crews,logistic,0.4857072711239378
18_crews,logistic,0.47750629000628997
18_crews,logistic,0.4341029341029341
18_crews,logistic,0.6769560686227353
18_crews,logistic,0.505042912334579
18_crews,logistic,0.5247965768799102
18_crews,logistic,0.4801256613756613
18_crews,logistic,0.5444494548661215
18_crews,logistic,0.6675877363377363
18_crews,logistic,0.6494649640482973
18_crews,logistic,0.5300086157229015
18_crews,logistic,0.5476120330286999
18_crews,logistic,0.43830885889709426
18_crews,logistic,0.5349406766073432
18_crews,logistic,0.47897997064663733
18_crews,logistic,0.6083193041526376
18_crews,logistic,0.7506269511171472
18_crews,logistic,0.40626803751803753
18_crews,logistic,0.6370270161936828
18_crews,logistic,0.7496754788421456
18_crews,logistic,0.5846936242769576
