event_id,crew,is_illicit,held_out_fold,observed_hops,path_elapsed_time,dwell_mean_h,dwell_max_h,coverage,attribution_ambiguous,node_context_out_degree,node_context_in_degree,wallet_age_min_h,node_context_resid_Rrange_max,node_context_resid_nin_mean,node_context_resid_nout_mean,boundary_type,censoring_reason,observation_confidence,observed_observed_hops,observed_path_elapsed_time,observed_dwell_mean_h,observed_dwell_max_h,observed_coverage,observed_attribution_ambiguous,observed_node_context_out_degree,observed_node_context_in_degree,observed_wallet_age_min_h,observed_node_context_resid_Rrange_max,observed_node_context_resid_nin_mean,observed_node_context_resid_nout_mean,observed_boundary_type,observed_censoring_reason,observed_observation_confidence
BGX-001,background,0,13,1,0.02861111111111111,,,1.0,False,,,,,,,asset-conversion,cross-asset,1.0,True,True,False,False,True,True,False,False,False,False,False,False,True,True,True
BGX-002,background,0,12,1,0.05277777777777778,,,0.51,True,,,,51.0,0.0,2.0,eoa-source,origin-reached,0.51,True,True,False,False,True,True,False,False,False,True,True,True,True,True,True
OLD-002,Harmony,1,15,2,0.057777777777777775,0.015277777777777777,0.015277777777777777,1.0,False,1.0,1.0,0.057777777777777775,6012.0,1.0,1.0,depth-limit,depth-limit,1.0,1,1,1,1,1,1,1,1,1,1,1,1,1,1,1
BGX-003,background,0,9,1,4.877222222222223,,,1.0,False,,,,,,,asset-conversion,cross-asset,1.0,True,True,False,False,True,True,False,False,False,False,False,False,True,True,True
BGX-004,background,0,13,1,2.859166666666667,,,1.0,False,,,,,,,contract,contract-opacity,1.0,True,True,False,False,True,True,False,False,False,False,False,False,True,True,True
BGX-005,background,0,16,1,0.22666666666666666,,,0.8224083116350326,True,,,,,,,asset-conversion,cross-asset,0.8224083116350326,True,True,False,False,True,True,False,False,False,False,False,False,True,True,True
BGX-006,background,0,5,1,4.005833333333333,,,1.0,False,,,,,,,asset-conversion,cross-asset,1.0,True,True,False,False,True,True,False,False,False,False,False,False,True,True,True
OLD-007,Harmony,1,15,2,6.908333333333333,4.124722222222222,4.124722222222222,1.0,False,2.0,1.0,6.908333333333333,12024.0,1.0,2.0,depth-limit,depth-limit,1.0,1,1,1,1,1,1,1,1,1,1,1,1,1,1,1
BGX-007,background,0,12,1,0.10833333333333334,,,0.9140264494304536,True,,,,,,,asset-conversion,cross-asset,0.9140264494304536,True,True,False,False,True,True,False,False,False,False,False,False,True,True,True
BGX-008,background,0,0,1,55.12888888888889,,,1.0,False,,,,,,,contract,contract-opacity,1.0,True,True,False,False,True,True,False,False,False,False,False,False,True,True,True
BGX-009,background,0,0,1,0.036944444444444446,,,1.0,False,,,,,,,asset-conversion,cross-asset,1.0,True,True,False,False,True,True,False,False,False,False,False,False,True,True,True
BGX-010,background,0,2,1,0.020277777777777777,,,1.0,False,,,,0.0,0.0,1.0,eoa-source,origin-reached,1.0,True,True,False,False,True,True,False,False,False,True,True,True,True,True,True
BGX-011,background,0,8,1,0.6105555555555555,,,1.0,False,,,,,,,contract,contract-opacity,1.0,True,True,False,False,True,True,False,False,False,False,False,False,True,True,True
OLD-013,Harmony,1,15,2,14.345555555555556,8.644722222222223,8.644722222222223,1.0,False,3.0,1.0,14.345555555555556,18033.0,1.0,3.0,depth-limit,depth-limit,1.0,1,1,1,1,1,1,1,1,1,1,1,1,1,1,1
BGX-012,background,0,13,1,0.06166666666666667,,,1.0,False,,,,,,,asset-conversion,cross-asset,1.0,True,True,False,False,True,True,False,False,False,False,False,False,True,True,True
BGX-013,background,0,1,1,7.671111111111111,,,1.0,False,,,,8721.291400000002,0.0,2.0,eoa-source,origin-reached,1.0,True,True,False,False,True,True,False,False,False,True,True,True,True,True,True
BGX-014,background,0,4,1,6.59,,,1.0,False,,,,0.0,0.0,1.0,eoa-source,origin-reached,1.0,True,True,False,False,True,True,False,False,False,True,True,True,True,True,True
OLD-017,Harmony,1,15,2,3.035,0.13805555555555554,0.13805555555555554,1.0,False,1.0,1.0,3.035,6012.0,1.0,1.0,depth-limit,depth-limit,1.0,1,1,1,1,1,1,1,1,1,1,1,1,1,1,1
BGX-015,background,0,8,2,0.26305555555555554,0.21027777777777779,0.21027777777777779,0.9956539303974281,True,2.0,1.0,0.26305555555555554,129.31433172650594,1.0,2.0,depth-limit,depth-limit,0.9956539303974281,True,True,True,True,True,True,True,True,True,True,True,True,True,True,True
OLD-019,Harmony,1,15,2,10.581388888888888,9.103055555555555,9.103055555555555,1.0,False,3.0,1.0,10.581388888888888,18033.0,1.0,3.0,depth-limit,depth-limit,1.0,1,1,1,1,1,1,1,1,1,1,1,1,1,1,1
BGX-016,background,0,0,1,0.035555555555555556,,,0.97,True,,,,,,,asset-conversion,cross-asset,0.97,True,True,False,False,True,True,False,False,False,False,False,False,True,True,True
OLD-021,Harmony,1,15,2,23.59722222222222,9.18138888888889,9.18138888888889,1.0,False,3.0,1.0,23.59722222222222,18033.0,1.0,3.0,depth-limit,depth-limit,1.0,1,1,1,1,1,1,1,1,1,1,1,1,1,1,1
BGX-017,background,0,16,1,0.3894444444444444,,,1.0,False,,,,,,,contract,contract-opacity,1.0,True,True,False,False,True,True,False,False,False,False,False,False,True,True,True
BGX-018,background,0,15,1,49.68416666666667,,,1.0,False,,,,,,,asset-conversion,cross-asset,1.0,True,True,False,False,True,True,False,False,False,False,False,False,True,True,True
BGX-019,background,0,0,1,0.32666666666666666,,,1.0,False,,,,0.0,0.0,1.0,eoa-source,origin-reached,1.0,True,True,False,False,True,True,False,False,False,True,True,True,True,True,True
OLD-025,Harmony,1,15,2,9.421111111111111,0.03027777777777778,0.03027777777777778,1.0,False,3.0,1.0,9.421111111111111,18033.0,1.0,3.0,depth-limit,depth-limit,1.0,1,1,1,1,1,1,1,1,1,1,1,1,1,1,1
BGX-020,background,0,14,1,22.80027777777778,,,1.0,False,,,,,,,asset-conversion,cross-asset,1.0,True,True,False,False,True,True,False,False,False,False,False,False,True,True,True
OLD-027,Harmony,1,15,2,22.252777777777776,0.10972222222222222,0.10972222222222222,1.0,False,3.0,1.0,22.252777777777776,18033.0,1.0,3.0,depth-limit,depth-limit,1.0,1,1,1,1,1,1,1,1,1,1,1,1,1,1,1
BGX-021,background,0,9,1,0.0875,,,1.0,False,,,,,,,contract,contract-opacity,1.0,True,True,False,False,True,True,False,False,False,False,False,False,True,True,True
BGX-022,background,0,6,2,22.558611111111112,22.063055555555554,22.063055555555554,0.26221230844616156,True,1.0,1.0,23.198611111111113,352.25296568913114,15.0,2.0,contract,contract-opacity,0.26221230844616156,True,True,True,True,True,True,True,True,True,True,True,True,True,True,True
BGX-023,background,0,9,0,,,,1.0,False,,,,,,,eoa-source,origin-reached,1.0,True,False,False,False,True,True,False,False,False,False,False,False,True,True,True
BGX-024,background,0,0,0,,,,1.0,False,,,,,,,eoa-source,origin-reached,1.0,True,False,False,False,True,True,False,False,False,False,False,False,True,True,True
BGX-025,background,0,8,1,0.05333333333333334,,,1.0,False,,,,0.0,0.0,1.0,eoa-source,origin-reached,1.0,True,True,False,False,True,True,False,False,False,True,True,True,True,True,True
OLD-033,Harmony,1,15,2,29.73361111111111,0.17277777777777778,0.17277777777777778,1.0,False,3.0,1.0,29.73361111111111,18033.0,1.0,3.0,depth-limit,depth-limit,1.0,1,1,1,1,1,1,1,1,1,1,1,1,1,1,1
BGX-026,background,0,12,1,0.29,,,1.0,False,,,,0.0,0.0,1.0,eoa-source,origin-reached,1.0,True,True,False,False,True,True,False,False,False,True,True,True,True,True,True
BGX-027,background,0,6,0,,,,1.0,False,,,,,,,eoa-source,origin-reached,1.0,True,False,False,False,True,True,False,False,False,False,False,False,True,True,True
BGX-028,background,0,0,2,80.33,0.5033333333333333,0.5033333333333333,1.0,False,1.0,2.0,80.33,9091.59127505201,3.0,2.0,depth-limit,depth-limit,1.0,True,True,True,True,True,True,True,True,True,True,True,True,True,True,True
BGX-029,background,0,12,1,0.57,,,1.0,False,,,,1563.2029868263824,0.0,4.0,eoa-source,origin-reached,1.0,True,True,False,False,True,True,False,False,False,True,True,True,True,True,True
OLD-038,Harmony,1,15,2,9.04861111111111,0.010833333333333334,0.010833333333333334,1.0,False,3.0,1.0,9.04861111111111,18033.0,1.0,3.0,depth-limit,depth-limit,1.0,1,1,1,1,1,1,1,1,1,1,1,1,1,1,1
BGX-030,background,0,4,1,8.896666666666667,,,1.0,False,,,,,,,asset-conversion,cross-asset,1.0,True,True,False,False,True,True,False,False,False,False,False,False,True,True,True
BGX-031,background,0,14,2,157.99333333333334,56.306666666666665,56.306666666666665,0.634,True,2.0,4.0,157.99333333333334,83.53,5.0,4.0,depth-limit,depth-limit,0.634,True,True,True,True,True,True,True,True,True,True,True,True,True,True,True
BGX-032,background,0,10,2,118.55333333333333,116.85333333333334,116.85333333333334,0.448751459,True,40.0,438.0,161.83666666666667,1508.3800673935816,438.0,137.0,unresolved,unresolved,0.448751459,True,True,True,True,True,True,True,True,True,True,True,True,True,True,True
BGX-033,background,0,8,2,70.91,64.78666666666666,64.78666666666666,0.44913463800000003,True,36.0,300.0,163.54666666666665,1279.6591393360754,300.0,89.0,unresolved,unresolved,0.44913463800000003,True,True,True,True,True,True,True,True,True,True,True,True,True,True,True
BGX-034,background,0,4,1,0.27,,,1.0,False,,,,,,,asset-conversion,cross-asset,1.0,True,True,False,False,True,True,False,False,False,False,False,False,True,True,True
OLD-044,Harmony,1,15,2,16.031388888888888,0.08055555555555556,0.08055555555555556,1.0,False,3.0,1.0,16.031388888888888,18033.0,1.0,3.0,depth-limit,depth-limit,1.0,1,1,1,1,1,1,1,1,1,1,1,1,1,1,1
BGX-035,background,0,2,0,,,,1.0,False,,,,,,,eoa-source,origin-reached,1.0,True,False,False,False,True,True,False,False,False,False,False,False,True,True,True
OLD-046,Harmony,1,15,2,23.815555555555555,0.135,0.135,1.0,False,3.0,1.0,23.815555555555555,18033.0,1.0,3.0,depth-limit,depth-limit,1.0,1,1,1,1,1,1,1,1,1,1,1,1,1,1,1
BGX-036,background,0,12,0,,,,1.0,False,,,,,,,eoa-source,origin-reached,1.0,True,False,False,False,True,True,False,False,False,False,False,False,True,True,True
BGX-037,background,0,0,1,0.17,,,1.0,False,,,,,,,asset-conversion,cross-asset,1.0,True,True,False,False,True,True,False,False,False,False,False,False,True,True,True
BGX-038,background,0,1,2,4.043333333333333,0.14333333333333334,0.14333333333333334,1.0,False,1.0,2.0,4.153333333333333,701.0,3.0,1.0,asset-conversion,cross-asset,1.0,True,True,True,True,True,True,True,True,True,True,True,True,True,True,True
BGX-039,background,0,10,2,7.716666666666667,7.383333333333334,7.383333333333334,1.0,False,1.0,1.0,7.716666666666667,400.0,2.0,1.0,contract,contract-opacity,1.0,True,True,True,True,True,True,True,True,True,True,True,True,True,True,True
BGX-040,background,0,2,2,137.24,116.08,116.08,1.0,False,1.0,1.0,137.24,391.00110785963057,7.0,1.0,contract,contract-opacity,1.0,True,True,True,True,True,True,True,True,True,True,True,True,True,True,True
BGX-041,background,0,7,0,,,,1.0,False,,,,,,,eoa-source,origin-reached,1.0,True,False,False,False,True,True,False,False,False,False,False,False,True,True,True
BGX-042,background,0,4,2,0.02,-0.016666666666666666,-0.016666666666666666,1.0,False,2.0,22.0,153.37333333333333,362.42688487747995,24.0,5.0,contract,contract-opacity,1.0,True,True,True,True,True,True,True,True,True,True,True,True,True,True,True
OLD-054,Harmony,1,15,2,13.556666666666667,0.015277777777777777,0.015277777777777777,1.0,False,2.0,1.0,13.556666666666667,13718.7,1.0,2.0,depth-limit,depth-limit,1.0,1,1,1,1,1,1,1,1,1,1,1,1,1,1,1
BGX-043,background,0,12,2,4.236666666666666,0.8833333333333333,0.8833333333333333,1.0,False,2.0,2.0,4.32,223.7636972060383,2.0,2.0,contract,contract-opacity,1.0,True,True,True,True,True,True,True,True,True,True,True,True,True,True,True
OLD-056,Harmony,1,15,2,19.964444444444446,0.0636111111111111,0.0636111111111111,1.0,False,2.0,1.0,19.964444444444446,13718.7,1.0,2.0,depth-limit,depth-limit,1.0,1,1,1,1,1,1,1,1,1,1,1,1,1,1,1
BGX-044,background,0,6,0,,,,1.0,False,,,,,,,eoa-source,origin-reached,1.0,True,False,False,False,True,True,False,False,False,False,False,False,True,True,True
BGX-045,background,0,3,2,2.1133333333333333,1.25,1.25,1.0,False,1.0,1.0,2.1133333333333333,3000.237349020357,1.0,1.0,asset-conversion,cross-asset,1.0,True,True,True,True,True,True,True,True,True,True,True,True,True,True,True
BGX-046,background,0,8,2,64.96666666666667,64.34,64.34,0.10540184453227931,True,1.0,2.0,64.96666666666667,37.55514202562023,2.0,1.0,contract,contract-opacity,0.10540184453227931,True,True,True,True,True,True,True,True,True,True,True,True,True,True,True
BGX-047,background,0,14,1,0.11666666666666667,,,1.0,False,,,,,,,contract,contract-opacity,1.0,True,True,False,False,True,True,False,False,False,False,False,False,True,True,True
BGX-048,background,0,9,1,0.043333333333333335,,,1.0,False,,,,,,,asset-conversion,cross-asset,1.0,True,True,False,False,True,True,False,False,False,False,False,False,True,True,True
BGX-049,background,0,4,1,19.47,,,1.0,False,,,,,,,contract,contract-opacity,1.0,True,True,False,False,True,True,False,False,False,False,False,False,True,True,True
BGX-050,background,0,5,0,,,,1.0,False,,,,,,,eoa-source,origin-reached,1.0,True,False,False,False,True,True,False,False,False,False,False,False,True,True,True
BGX-051,background,0,3,1,1.0033333333333334,,,1.0,False,,,,0.0,0.0,1.0,eoa-source,origin-reached,1.0,True,True,False,False,True,True,False,False,False,True,True,True,True,True,True
OLD-065,Beanstalk,1,1,1,0.1425,,,1.0,False,,,,,,,contract,contract-opacity,1.0,1,1,0,0,1,1,0,0,0,0,0,0,1,1,1
BGX-052,background,0,2,2,10.056666666666667,9.786666666666667,9.786666666666667,1.0,False,3.0,1.0,10.056666666666667,536.2220719831721,1.0,3.0,contract,contract-opacity,1.0,True,True,True,True,True,True,True,True,True,True,True,True,True,True,True
BGX-053,background,0,7,0,,,,1.0,False,,,,,,,eoa-source,origin-reached,1.0,True,False,False,False,True,True,False,False,False,False,False,False,True,True,True
BGX-054,background,0,14,1,0.12,,,1.0,False,,,,,,,asset-conversion,cross-asset,1.0,True,True,False,False,True,True,False,False,False,False,False,False,True,True,True
BGX-055,background,0,9,0,,,,1.0,False,,,,,,,eoa-source,origin-reached,1.0,True,False,False,False,True,True,False,False,False,False,False,False,True,True,True
BGX-056,background,0,2,2,67.54666666666667,8.406666666666666,8.406666666666666,1.0,False,2.0,7.0,67.54666666666667,1642.7005771856782,11.0,5.0,contract,contract-opacity,1.0,True,True,True,True,True,True,True,True,True,True,True,True,True,True,True
BGX-057,background,0,1,2,77.05,77.02666666666667,77.02666666666667,0.44776464,True,4.0,1.0,95.71333333333334,629.5529589911616,14.0,4.0,depth-limit,depth-limit,0.44776464,True,True,True,True,True,True,True,True,True,True,True,True,True,True,True
BGX-058,background,0,15,2,1.3333333333333333,0.4166666666666667,0.4166666666666667,1.0,False,1.0,1.0,1.3333333333333333,1163.53,1.0,1.0,depth-limit,depth-limit,1.0,True,True,True,True,True,True,True,True,True,True,True,True,True,True,True
BGX-059,background,0,8,0,,,,1.0,False,,,,,,,eoa-source,origin-reached,1.0,True,False,False,False,True,True,False,False,False,False,False,False,True,True,True
BGX-060,background,0,6,0,,,,1.0,False,,,,,,,eoa-source,origin-reached,1.0,True,False,False,False,True,True,False,False,False,False,False,False,True,True,True
BGX-061,background,0,14,1,0.22,,,1.0,False,,,,,,,eoa-source,origin-reached,1.0,True,True,False,False,True,True,False,False,False,False,False,False,True,True,True
BGX-062,background,0,11,2,99.84666666666666,99.44,99.44,1.0,False,1.0,1.0,100.5,2101.0,5.0,1.0,asset-conversion,cross-asset,1.0,True,True,True,True,True,True,True,True,True,True,True,True,True,True,True
BGX-063,background,0,7,2,149.94666666666666,149.56,149.56,1.0,False,69.0,41.0,167.79333333333332,17457.781083488502,90.0,120.0,unresolved,unresolved,1.0,True,True,True,True,True,True,True,True,True,True,True,True,True,True,True
BGX-064,background,0,4,0,,,,1.0,False,,,,,,,eoa-source,origin-reached,1.0,True,False,False,False,True,True,False,False,False,False,False,False,True,True,True
BGX-065,background,0,11,1,0.06,,,0.11,True,,,,11.0,2.0,1.0,coverage-stop,coverage-stop,0.11,True,True,False,False,True,True,False,False,False,True,True,True,True,True,True
BGX-066,background,0,8,1,1.0566666666666666,,,0.8285964177165788,True,,,,0.0,0.0,1.0,eoa-source,origin-reached,0.8285964177165788,True,True,False,False,True,True,False,False,False,True,True,True,True,True,True
BGX-067,background,0,10,2,13.263333333333334,12.673333333333334,12.673333333333334,0.95,True,1.0,1.0,13.263333333333334,100.40779193510598,1.0,1.0,depth-limit,depth-limit,0.95,True,True,True,True,True,True,True,True,True,True,True,True,True,True,True
BGX-068,background,0,4,2,9.183333333333334,6.53,6.53,1.0,False,1.0,1.0,9.183333333333334,106.769839,1.0,1.0,contract,contract-opacity,1.0,True,True,True,True,True,True,True,True,True,True,True,True,True,True,True
BGX-069,background,0,11,0,,,,1.0,False,,,,,,,eoa-source,origin-reached,1.0,True,False,False,False,True,True,False,False,False,False,False,False,True,True,True
BGX-070,background,0,2,1,0.09666666666666666,,,1.0,False,,,,,,,contract,contract-opacity,1.0,True,True,False,False,True,True,False,False,False,False,False,False,True,True,True
BGX-071,background,0,8,1,47.906666666666666,,,1.0,False,,,,,,,contract,contract-opacity,1.0,True,True,False,False,True,True,False,False,False,False,False,False,True,True,True
BGX-072,background,0,1,2,69.11,67.7,67.7,0.6099887764185404,True,1.0,5.0,89.93333333333334,208.89409936560668,5.0,1.0,contract,contract-opacity,0.6099887764185404,True,True,True,True,True,True,True,True,True,True,True,True,True,True,True
BGX-073,background,0,6,1,51.51,,,0.9836682869840252,True,,,,0.0,0.0,1.0,eoa-source,origin-reached,0.9836682869840252,True,True,False,False,True,True,False,False,False,True,True,True,True,True,True
BGX-074,background,0,11,1,0.06666666666666667,,,1.0,False,,,,,,,contract,contract-opacity,1.0,True,True,False,False,True,True,False,False,False,False,False,False,True,True,True
BGX-075,background,0,8,1,0.09333333333333334,,,1.0,False,,,,0.0,0.0,1.0,eoa-source,origin-reached,1.0,True,True,False,False,True,True,False,False,False,True,True,True,True,True,True
BGX-076,background,0,4,1,0.75,,,1.0,False,,,,,,,asset-conversion,cross-asset,1.0,True,True,False,False,True,True,False,False,False,False,False,False,True,True,True
BGX-077,background,0,4,0,,,,1.0,False,,,,,,,eoa-source,origin-reached,1.0,True,False,False,False,True,True,False,False,False,False,False,False,True,True,True
BGX-078,background,0,8,2,6.656666666666666,3.12,3.12,1.0,False,1.0,2.0,6.656666666666666,1107.2309866088235,7.0,2.0,contract,contract-opacity,1.0,True,True,True,True,True,True,True,True,True,True,True,True,True,True,True
BGX-079,background,0,1,1,24.046666666666667,,,0.14600691542363992,True,,,,,,,asset-conversion,cross-asset,0.14600691542363992,True,True,False,False,True,True,False,False,False,False,False,False,True,True,True
BGX-080,background,0,12,0,,,,1.0,False,,,,,,,eoa-source,origin-reached,1.0,True,False,False,False,True,True,False,False,False,False,False,False,True,True,True
BGX-081,background,0,8,1,0.68,,,0.1,True,,,,,,,contract,contract-opacity,0.1,True,True,False,False,True,True,False,False,False,False,False,False,True,True,True
BGX-082,background,0,1,1,0.8333333333333334,,,1.0,False,,,,500.0,0.0,2.0,eoa-source,origin-reached,1.0,True,True,False,False,True,True,False,False,False,True,True,True,True,True,True
BGX-083,background,0,2,0,,,,1.0,False,,,,,,,eoa-source,origin-reached,1.0,True,False,False,False,True,True,False,False,False,False,False,False,True,True,True
BGX-084,background,0,14,0,,,,1.0,False,,,,,,,eoa-source,origin-reached,1.0,True,False,False,False,True,True,False,False,False,False,False,False,True,True,True
BGX-085,background,0,14,2,3.58,3.53,3.53,0.1494879356976849,True,1.0,1.0,3.58,101.39390275351367,1.0,1.0,contract,contract-opacity,0.1494879356976849,True,True,True,True,True,True,True,True,True,True,True,True,True,True,True
BGX-086,background,0,10,2,5.026666666666666,4.983333333333333,4.983333333333333,0.59972,True,1.0,1.0,5.026666666666666,110.00118646126575,3.0,1.0,depth-limit,depth-limit,0.59972,True,True,True,True,True,True,True,True,True,True,True,True,True,True,True
BGX-087,background,0,11,0,,,,1.0,False,,,,,,,eoa-source,origin-reached,1.0,True,False,False,False,True,True,False,False,False,False,False,False,True,True,True
BGX-088,background,0,10,1,65.77333333333333,,,1.0,False,,,,,,,contract,contract-opacity,1.0,True,True,False,False,True,True,False,False,False,False,False,False,True,True,True
BGX-089,background,0,11,1,0.35333333333333333,,,0.11387327460631747,True,,,,0.0,0.0,1.0,coverage-stop,coverage-stop,0.11387327460631747,True,True,False,False,True,True,False,False,False,True,True,True,True,True,True
BGX-090,background,0,13,0,,,,1.0,False,,,,,,,eoa-source,origin-reached,1.0,True,False,False,False,True,True,False,False,False,False,False,False,True,True,True
BGX-091,background,0,15,1,0.31,,,0.25378431100000004,True,,,,4292.150086138383,204.0,314.0,coverage-stop,coverage-stop,0.25378431100000004,True,True,False,False,True,True,False,False,False,True,True,True,True,True,True
BGX-092,background,0,6,0,,,,1.0,False,,,,,,,eoa-source,origin-reached,1.0,True,False,False,False,True,True,False,False,False,False,False,False,True,True,True
BGX-093,background,0,7,0,,,,1.0,False,,,,,,,eoa-source,origin-reached,1.0,True,False,False,False,True,True,False,False,False,False,False,False,True,True,True
BGX-094,background,0,1,0,,,,1.0,False,,,,,,,eoa-source,origin-reached,1.0,True,False,False,False,True,True,False,False,False,False,False,False,True,True,True
BGX-095,background,0,3,1,0.7933333333333333,,,1.0,False,,,,,,,contract,contract-opacity,1.0,True,True,False,False,True,True,False,False,False,False,False,False,True,True,True
BGX-096,background,0,5,1,0.8566666666666667,,,1.0,False,,,,,,,contract,contract-opacity,1.0,True,True,False,False,True,True,False,False,False,False,False,False,True,True,True
BGX-097,background,0,4,0,,,,1.0,False,,,,,,,eoa-source,origin-reached,1.0,True,False,False,False,True,True,False,False,False,False,False,False,True,True,True
BGX-098,background,0,7,1,0.03666666666666667,,,1.0,False,,,,0.0,0.0,1.0,eoa-source,origin-reached,1.0,True,True,False,False,True,True,False,False,False,True,True,True,True,True,True
BGX-099,background,0,14,0,,,,1.0,False,,,,,,,eoa-source,origin-reached,1.0,True,False,False,False,True,True,False,False,False,False,False,False,True,True,True
BGX-100,background,0,10,1,0.38,,,0.10572100000000001,True,,,,0.0,0.0,1.0,coverage-stop,coverage-stop,0.10572100000000001,True,True,False,False,True,True,False,False,False,True,True,True,True,True,True
BGX-101,background,0,10,1,0.04666666666666667,,,0.8041724097036466,True,,,,,,,contract,contract-opacity,0.8041724097036466,True,True,False,False,True,True,False,False,False,False,False,False,True,True,True
BGX-102,background,0,10,0,,,,1.0,False,,,,,,,eoa-source,origin-reached,1.0,True,False,False,False,True,True,False,False,False,False,False,False,True,True,True
BGX-103,background,0,9,1,0.5266666666666666,,,0.31673204531524923,True,,,,,,,eoa-source,origin-reached,0.31673204531524923,True,True,False,False,True,True,False,False,False,False,False,False,True,True,True
BGX-104,background,0,1,1,0.21,,,1.0,False,,,,,,,eoa-source,origin-reached,1.0,True,True,False,False,True,True,False,False,False,False,False,False,True,True,True
BGX-105,background,0,16,1,0.013333333333333334,,,1.0,False,,,,,,,contract,contract-opacity,1.0,True,True,False,False,True,True,False,False,False,False,False,False,True,True,True
BGX-106,background,0,15,1,2.2466666666666666,,,1.0,False,,,,318.91814036311575,0.0,2.0,eoa-source,origin-reached,1.0,True,True,False,False,True,True,False,False,False,True,True,True,True,True,True
BGX-107,background,0,12,1,160.86333333333334,,,0.2497787284524593,True,,,,24.97787284524593,1.0,1.0,coverage-stop,coverage-stop,0.2497787284524593,True,True,False,False,True,True,False,False,False,True,True,True,True,True,True
BGX-108,background,0,6,1,0.19333333333333333,,,1.0,False,,,,,,,contract,contract-opacity,1.0,True,True,False,False,True,True,False,False,False,False,False,False,True,True,True
BGX-109,background,0,0,0,,,,1.0,False,,,,,,,eoa-source,origin-reached,1.0,True,False,False,False,True,True,False,False,False,False,False,False,True,True,True
BGX-110,background,0,8,0,,,,1.0,False,,,,,,,eoa-source,origin-reached,1.0,True,False,False,False,True,True,False,False,False,False,False,False,True,True,True
BGX-111,background,0,2,1,0.19,,,1.0,False,,,,,,,contract,contract-opacity,1.0,True,True,False,False,True,True,False,False,False,False,False,False,True,True,True
BGX-112,background,0,7,0,,,,1.0,False,,,,,,,eoa-source,origin-reached,1.0,True,False,False,False,True,True,False,False,False,False,False,False,True,True,True
BGX-113,background,0,14,0,,,,1.0,False,,,,,,,eoa-source,origin-reached,1.0,True,False,False,False,True,True,False,False,False,False,False,False,True,True,True
BGX-114,background,0,2,1,12.683333333333334,,,1.0,False,,,,,,,contract,contract-opacity,1.0,True,True,False,False,True,True,False,False,False,False,False,False,True,True,True
BGX-115,background,0,11,1,0.11333333333333333,,,1.0,False,,,,0.0,0.0,1.0,eoa-source,origin-reached,1.0,True,True,False,False,True,True,False,False,False,True,True,True,True,True,True
BGX-116,background,0,11,0,,,,1.0,False,,,,,,,eoa-source,origin-reached,1.0,True,False,False,False,True,True,False,False,False,False,False,False,True,True,True
BGX-117,background,0,9,1,0.016666666666666666,,,1.0,False,,,,,,,contract,contract-opacity,1.0,True,True,False,False,True,True,False,False,False,False,False,False,True,True,True
BGX-118,background,0,1,1,0.016666666666666666,,,1.0,False,,,,,,,eoa-source,origin-reached,1.0,True,True,False,False,True,True,False,False,False,False,False,False,True,True,True
BGX-119,background,0,6,0,,,,1.0,False,,,,,,,eoa-source,origin-reached,1.0,True,False,False,False,True,True,False,False,False,False,False,False,True,True,True
BGX-120,background,0,0,0,,,,1.0,False,,,,,,,eoa-source,origin-reached,1.0,True,False,False,False,True,True,False,False,False,False,False,False,True,True,True
BGX-121,background,0,5,0,,,,1.0,False,,,,,,,eoa-source,origin-reached,1.0,True,False,False,False,True,True,False,False,False,False,False,False,True,True,True
BGX-122,background,0,12,1,0.09,,,1.0,False,,,,,,,asset-conversion,cross-asset,1.0,True,True,False,False,True,True,False,False,False,False,False,False,True,True,True
BGX-123,background,0,3,0,,,,1.0,False,,,,,,,eoa-source,origin-reached,1.0,True,False,False,False,True,True,False,False,False,False,False,False,True,True,True
BGX-124,background,0,7,1,0.03666666666666667,,,1.0,False,,,,,,,asset-conversion,cross-asset,1.0,True,True,False,False,True,True,False,False,False,False,False,False,True,True,True
OLD-139,Audius,1,0,1,10.285555555555556,,,1.0,False,,,,,,,asset-conversion,cross-asset,1.0,1,1,0,0,1,1,0,0,0,0,0,0,1,1,1
BGX-125,background,0,11,0,,,,1.0,False,,,,,,,eoa-source,origin-reached,1.0,True,False,False,False,True,True,False,False,False,False,False,False,True,True,True
BGX-126,background,0,4,0,,,,1.0,False,,,,,,,eoa-source,origin-reached,1.0,True,False,False,False,True,True,False,False,False,False,False,False,True,True,True
BGX-127,background,0,11,1,0.05,,,1.0,False,,,,,,,contract,contract-opacity,1.0,True,True,False,False,True,True,False,False,False,False,False,False,True,True,True
BGX-128,background,0,16,1,11.04,,,1.0,False,,,,,,,contract,contract-opacity,1.0,True,True,False,False,True,True,False,False,False,False,False,False,True,True,True
BGX-129,background,0,4,1,6.0633333333333335,,,1.0,False,,,,,,,contract,contract-opacity,1.0,True,True,False,False,True,True,False,False,False,False,False,False,True,True,True
BGX-130,background,0,4,1,26.91,,,1.0,False,,,,,,,contract,contract-opacity,1.0,True,True,False,False,True,True,False,False,False,False,False,False,True,True,True
BGX-131,background,0,4,0,,,,1.0,False,,,,,,,eoa-source,origin-reached,1.0,True,False,False,False,True,True,False,False,False,False,False,False,True,True,True
BGX-132,background,0,9,0,,,,1.0,False,,,,,,,eoa-source,origin-reached,1.0,True,False,False,False,True,True,False,False,False,False,False,False,True,True,True
BGX-133,background,0,15,1,0.04,,,1.0,False,,,,,,,contract,contract-opacity,1.0,True,True,False,False,True,True,False,False,False,False,False,False,True,True,True
BGX-134,background,0,15,1,1.3633333333333333,,,1.0,False,,,,,,,contract,contract-opacity,1.0,True,True,False,False,True,True,False,False,False,False,False,False,True,True,True
BGX-135,background,0,3,1,0.023333333333333334,,,0.1209,True,,,,0.0,1.0,0.0,coverage-stop,coverage-stop,0.1209,True,True,False,False,True,True,False,False,False,True,True,True,True,True,True
BGX-136,background,0,6,2,0.71,0.68,0.68,1.0,False,2.0,1.0,0.71,1210.5877694006579,5.0,3.0,contract,contract-opacity,1.0,True,True,True,True,True,True,True,True,True,True,True,True,True,True,True
OLD-152,Monkey,1,16,1,0.8966666666666666,,,0.7357824624990751,True,,,,,,,asset-conversion,cross-asset,0.7357824624990751,1,1,0,0,1,1,0,0,0,0,0,0,1,1,1
BGX-137,background,0,0,0,,,,1.0,False,,,,,,,eoa-source,origin-reached,1.0,True,False,False,False,True,True,False,False,False,False,False,False,True,True,True
BGX-138,background,0,5,1,0.10333333333333333,,,1.0,False,,,,,,,contract,contract-opacity,1.0,True,True,False,False,True,True,False,False,False,False,False,False,True,True,True
BGX-139,background,0,11,0,,,,1.0,False,,,,,,,eoa-source,origin-reached,1.0,True,False,False,False,True,True,False,False,False,False,False,False,True,True,True
CONV-0x03560a,Convergence,1,2,1.0,0.03,,,1.0,False,,,,,,,asset-conversion,cross-asset,1.0,1,1,0,0,1,1,0,0,0,0,0,0,1,1,1
NEW-001,N01,1,3,1,0.38,,,1.0,False,,,,,,,asset-conversion,cross-asset,1.0,1,1,0,0,1,1,0,0,0,0,0,0,1,1,1
NEW-002,N02,1,4,1,2.4466666666666668,,,1.0,False,,,,,,,asset-conversion,cross-asset,1.0,1,1,0,0,1,1,0,0,0,0,0,0,1,1,1
NEW-003,N03,1,5,0,,,,1.0,False,,,,,,,eoa-source,origin-reached,1.0,1,0,0,0,1,1,0,0,0,0,0,0,1,1,1
NEW-004,N04,1,6,1,0.08305555555555555,,,0.903817,True,,,,,,,asset-conversion,cross-asset,0.903817,1,1,0,0,1,1,0,0,0,0,0,0,1,1,1
NEW-005,N05,1,7,2,53.56,0.0,0.0,1.0,False,,1.0,53.583333333333336,,3.0,,asset-conversion,cross-asset,1.0,1,1,1,1,1,1,0,1,1,0,1,0,1,1,1
NEW-006,N06,1,8,0,,,,1.0,False,,,,,,,eoa-source,origin-reached,1.0,1,0,0,0,1,1,0,0,0,0,0,0,1,1,1
NEW-007,N07,1,9,2,116.19,116.14666666666666,116.14666666666666,1.0,False,,1.0,116.19,,1.0,,depth-limit,depth-limit,1.0,1,1,1,1,1,1,0,1,1,0,1,0,1,1,1
NEW-008,N08,1,10,2,62.35333333333333,0.0,0.0,1.0,False,,1.0,62.35333333333333,,1.0,,asset-conversion,cross-asset,1.0,1,1,1,1,1,1,0,1,1,0,1,0,1,1,1
NEW-009,N09,1,11,0,,,,1.0,False,,,,,,,eoa-source,origin-reached,1.0,1,0,0,0,1,1,0,0,0,0,0,0,1,1,1
NEW-010,N10,1,12,2,64.05,0.0,0.0,1.0,False,,1.0,64.05,,1.0,,asset-conversion,cross-asset,1.0,1,1,1,1,1,1,0,1,1,0,1,0,1,1,1
NEW-011,N11,1,13,2,160.8852777777778,160.75333333333333,160.75333333333333,1.0,False,,24.0,164.1161111111111,,148.0,,asset-conversion,cross-asset,1.0,1,1,1,1,1,1,0,1,1,0,1,0,1,1,1
NEW-012,N12,1,14,0,,,,1.0,False,,,,,,,eoa-source,origin-reached,1.0,1,0,0,0,1,1,0,0,0,0,0,0,1,1,1
BGX-140,background,0,3,1,0.04666666666666667,,,0.547975754919276,True,,,,,,,contract,contract-opacity,0.547975754919276,True,True,False,False,True,True,False,False,False,False,False,False,True,True,True
